CASE_ID,ACCIDENT_YEAR,PROC_DATE,JURIS,COLLISION_DATE,COLLISION_TIME,OFFICER_ID,REPORTING_DISTRICT,DAY_OF_WEEK,CHP_SHIFT,POPULATION,CNTY_CITY_LOC,SPECIAL_COND,BEAT_TYPE,CHP_BEAT_TYPE,CITY_DIVISION_LAPD,CHP_BEAT_CLASS,BEAT_NUMBER,PRIMARY_RD,SECONDARY_RD,DISTANCE,DIRECTION,INTERSECTION,WEATHER_1,WEATHER_2,STATE_HWY_IND,CALTRANS_COUNTY,CALTRANS_DISTRICT,STATE_ROUTE,ROUTE_SUFFIX,POSTMILE_PREFIX,POSTMILE,LOCATION_TYPE,RAMP_INTERSECTION,SIDE_OF_HWY,TOW_AWAY,COLLISION_SEVERITY,NUMBER_KILLED,NUMBER_INJURED,PARTY_COUNT,PRIMARY_COLL_FACTOR,PCF_CODE_OF_VIOL,PCF_VIOL_CATEGORY,PCF_VIOLATION,PCF_VIOL_SUBSECTION,HIT_AND_RUN,TYPE_OF_COLLISION,MVIW,PED_ACTION,ROAD_SURFACE,ROAD_COND_1,ROAD_COND_2,LIGHTING,CONTROL_DEVICE,CHP_ROAD_TYPE,PEDESTRIAN_ACCIDENT,BICYCLE_ACCIDENT,MOTORCYCLE_ACCIDENT,TRUCK_ACCIDENT,NOT_PRIVATE_PROPERTY,ALCOHOL_INVOLVED,STWD_VEHTYPE_AT_FAULT,CHP_VEHTYPE_AT_FAULT,COUNT_SEVERE_INJ,COUNT_VISIBLE_INJ,COUNT_COMPLAINT_PAIN,COUNT_PED_KILLED,COUNT_PED_INJURED,COUNT_BICYCLIST_KILLED,COUNT_BICYCLIST_INJURED,COUNT_MC_KILLED,COUNT_MC_INJURED,PRIMARY_RAMP,SECONDARY_RAMP,LATITUDE,LONGITUDE,COUNTY,CITY,POINT_X,POINT_Y
8374893,2017,2018-03-27,5100,2017-05-03,1602,5132,SUTTE,3,5,2,5101,0,0,0,,0,001,"RT 99","NEVADA ST",0.00,,Y,A,-,Y,SUT,3,99,-,-,40.610,H,-,N,Y,4,0,1,4,A,-,04,21703,,N,C,C,A,A,H,-,A,A,0,,,,,Y,,D,22,0,0,1,0,0,0,0,0,0,"- ","- ",,,SUTTER,"LIVE OAK",-121.66129881000001,39.281277230000001
8374901,2017,2018-05-08,5100,2017-03-05,1613,5132,LIVE,7,5,2,5101,0,0,0,,0,001,"RT 99","ELM ST",4.00,S,N,A,-,N,,,,,,,,,,N,2,0,1,2,A,-,09,21801,A,N,H,G,A,A,H,-,A,A,0,,Y,,,Y,,D,22,1,0,0,0,0,0,1,0,0,"- ","- ",,,SUTTER,"LIVE OAK",-121.66062731,39.273389219999999
8375413,2017,2017-06-07,5100,2017-05-21,1108,5080,5100,7,5,2,5101,0,0,0,,0,01A,"LARKIN RD","ELM ST",0.00,,Y,A,-,N,,,,,,,,,,N,4,0,2,2,A,-,12,22450,A,N,D,D,A,A,H,-,A,A,0,,,,,Y,,A,01,0,0,2,0,0,0,0,0,0,"- ","- ",,,SUTTER,"LIVE OAK",-121.65997996999999,39.273389899999998
8375417,2017,2017-06-07,5100,2017-05-14,0703,5080,LOCA3,7,5,2,5101,0,0,0,,0,002,"PENNINGTON RD","DE REE RD",0.00,,Y,A,-,N,,,,,,,,,,Y,4,0,1,2,A,-,12,22450,A,N,A,D,A,A,H,-,A,A,0,,,,,Y,,A,01,0,0,1,0,0,0,0,0,0,"- ","- ",,,SUTTER,"LIVE OAK",-121.67011986,39.276049919999998
8377682,2017,2017-06-13,5102,2017-03-14,1704,2119,89,2,5,4,5102,0,0,0,,0,007,"MCCUNE AV","ANNA DR",0.00,,Y,A,-,N,,,,,,,,,,N,4,0,1,2,A,-,09,21802,B,N,D,G,A,A,H,-,A,A,0,,Y,,,Y,,A,01,0,0,1,0,0,0,1,0,0,"- ","- ",,,SUTTER,"YUBA CITY",-121.65373,39.116329980000003
8385971,2017,2017-07-10,5102,2017-06-01,2146,4100,5,4,5,4,5102,0,0,0,,0,004,"ARBOR WY","JONES ST",15.00,W,N,A,-,N,,,,,,,,,,N,4,0,1,2,A,-,09,21802,A,N,B,C,A,A,H,-,C,A,0,,,,,Y,,A,01,0,0,1,0,0,0,0,0,0,"- ","- ",39.112659999999998,-121.62737,SUTTER,"YUBA CITY",-121.62740286,39.111890780000003
8385975,2017,2017-07-10,5102,2017-06-13,1330,4073,3,2,5,4,5102,0,0,0,,0,003,"QUEENS AV","PLUMAS ST",0.00,,Y,A,-,N,,,,,,,,,,Y,4,0,1,2,A,-,09,21802,A,N,D,C,A,A,H,-,A,A,0,,,,,Y,,A,01,0,0,1,0,0,0,0,0,0,"- ","- ",,,SUTTER,"YUBA CITY",-121.61832998,39.152519939999998
8386139,2017,2017-07-13,5102,2017-05-30,1055,4016,4,2,5,4,5102,0,0,0,,0,004,"FRANKLIN RD","PARK AV",5.00,W,N,A,-,N,,,,,,,,,,N,4,0,1,2,A,-,05,21651,B,N,D,G,A,A,H,-,A,D,0,,Y,,,Y,,A,01,0,0,1,0,0,0,1,0,0,"- ","- ",,,SUTTER,"YUBA CITY",-121.62109673,39.128085679999998
8386244,2017,2017-12-27,5100,2017-03-24,1631,5134,LOCA4,5,5,2,5101,0,0,0,,0,02A,"RT 99","BIRCH ST",30.00,N,N,A,-,N,,,,,,,,,,N,4,0,1,3,A,-,03,22350,,N,C,C,A,A,H,-,A,A,0,,,,,Y,,A,01,0,0,1,0,0,0,0,0,0,"- ","- ",,,SUTTER,"LIVE OAK",-121.65998786999999,39.27110948
8459354,2017,2018-07-09,5100,2017-08-25,1710,5082,LOCA2,5,5,2,5101,0,0,0,,0,02A,"RT 99","KOLA ST",225.00,N,N,A,-,Y,SUT,3,99,-,-,40.490,H,-,S,Y,4,0,1,2,A,-,06,21755,,N,A,C,A,A,H,-,A,D,0,,,,,Y,,A,01,0,0,1,0,0,0,0,0,0,"- ","- ",,,SUTTER,"LIVE OAK",-121.66131215999999,39.279604589999998
8497590,2017,2017-11-30,5102,2017-09-14,1713,4102,4,4,5,4,5102,0,0,0,,0,5102,"GRAY AV","FORBES AV",0.00,,Y,A,-,N,,,,,,,,,,N,4,0,1,2,A,-,12,22450,A,N,D,G,A,A,H,-,A,D,0,,Y,,,Y,,L,04,0,0,1,0,0,0,1,0,0,"- ","- ",,,SUTTER,"YUBA CITY",-121.6300999,39.138029879999998
8497595,2017,2017-11-30,5102,2017-09-11,1944,4022,2,1,5,4,5102,0,0,0,,0,002,"OJI WY","BRIDGE ST",50.00,S,N,A,-,N,,,,,,,,,,N,4,0,1,2,A,-,09,21804,A,M,D,B,F,A,H,-,C,A,0,Y,,,,Y,,A,01,0,0,1,0,1,0,0,0,0,"- ","- ",,,SUTTER,"YUBA CITY",-121.63687548999999,39.132232760000001
8503959,2017,2018-07-09,5102,2017-11-13,1720,447,2,1,5,4,5102,0,0,0,,0,001,"RT 20","NORTH GEORGE WASHINGTON",147.00,E,N,C,-,Y,SUT,3,20,-,-,13.630,H,-,W,Y,4,0,2,2,A,-,03,22350,,N,C,C,A,B,H,-,C,A,0,,,,,Y,,A,01,0,0,2,0,0,0,0,0,0,"- ","- ",,,SUTTER,"YUBA CITY",-121.67119378,39.141469370000003
8504062,2017,2018-07-09,5102,2017-12-16,0404,4106,2,6,5,4,5102,0,0,0,,0,,"RT 99","BRIDGE ST",30.00,S,N,A,-,Y,SUT,3,99,-,-,30.240,H,-,S,N,2,0,1,2,A,-,00,21461,D,N,G,B,B,A,H,-,C,A,0,Y,,,,Y,,N,60,1,0,0,0,1,0,0,0,0,"- ","- ",,,SUTTER,"YUBA CITY",-121.63468066999999,39.13554603
8504070,2017,2018-07-09,5102,2017-11-06,0742,4105,3,1,5,4,5102,0,0,0,,0,003,"RT 20","LIVE OAK BL",375.00,W,N,A,-,Y,SUT,3,20,-,-,16.260,H,-,W,Y,4,0,1,3,A,-,03,22350,,N,C,C,A,A,H,-,A,A,0,,,,,Y,,A,01,0,0,1,0,0,0,0,0,0,"- ","- ",,,SUTTER,"YUBA CITY",-121.62203795000001,39.141536090000002
8507130,2017,2017-12-08,5102,2017-09-26,1523,4089,3,2,5,4,5102,0,0,0,,0,003,"CLARK AV","WASHINGTON AV",0.00,,Y,A,-,N,,,,,,,,,,Y,4,0,1,2,A,-,09,21800,A,N,D,C,A,A,H,-,A,D,0,,,,,Y,,A,01,0,0,1,0,0,0,0,0,0,"- ","- ",,,SUTTER,"YUBA CITY",-121.62600998000001,39.149089910000001
8507145,2017,2017-12-08,5102,2017-09-27,1001,4073,5,3,5,4,5102,0,0,0,,0,005,"PARK AV","TABER AV",0.00,,Y,A,-,N,,,,,,,,,,Y,4,0,2,2,A,-,12,22450,A,N,D,C,A,A,H,-,A,A,0,,,,,Y,,A,01,0,0,2,0,0,0,0,0,0,"- ","- ",,,SUTTER,"YUBA CITY",-121.62108986,39.127249970000001
8507182,2017,2017-12-14,5102,2017-10-03,1721,9007,5,2,5,4,5102,0,0,0,,0,005,"CLARK & BRIDGE","BRIDGE ST",0.00,,Y,A,-,N,,,,,,,,,,N,4,0,1,2,D,-,00,,,N,D,C,A,A,H,-,B,A,0,,,,,Y,,-,"- ",0,0,1,0,0,0,0,0,0,"- ","- ",,,SUTTER,"YUBA CITY",-121.625163,39.132224999999998
8507198,2017,2017-12-08,5102,2017-10-04,1547,4100,1,3,5,4,5102,0,0,0,,0,001,"NORTH GEORGE WASHINGTON BL","INDUSTRIAL DR",200.00,N,N,A,-,N,,,,,,,,,,Y,4,0,2,2,A,-,03,22350,,N,C,C,A,A,H,-,A,A,0,,,,,Y,,A,01,0,0,2,0,0,0,0,0,0,"- ","- ",,,SUTTER,"YUBA CITY",-121.67157290999999,39.138499230000001
8507199,2017,2017-12-08,5102,2017-10-10,1743,9006,5,2,5,4,5102,0,0,0,,0,005,"ARBOR DR","COURTYARD DR",150.00,E,N,A,-,N,,,,,,,,,,N,3,0,1,2,A,-,11,21954,A,M,G,B,D,A,H,-,A,D,0,Y,,,,Y,,N,60,0,1,0,0,1,0,0,0,0,"- ","- ",,,SUTTER,"YUBA CITY",-121.62886136,39.111912230000002
8507781,2017,2018-07-09,5102,2017-10-09,1053,4083,3,1,5,4,5102,0,0,0,,0,,"RT 20","ROCCA WY",0.00,,Y,A,-,Y,SUT,3,20,-,-,15.720,I,5,W,N,4,0,1,2,A,-,12,21453,A,N,D,-,A,A,H,-,A,A,0,,,,,Y,,A,01,0,0,1,0,0,0,0,0,0,"- ","- ",,,SUTTER,"YUBA CITY",-121.63197525,39.141890580000002
8510282,2017,2017-12-19,5102,2017-10-11,1311,4073,4,3,5,4,5102,0,0,0,,0,004,"OLIVE ST","FORBES AV",0.00,,Y,A,-,N,,,,,,,,,,Y,3,0,2,3,A,-,12,22450,A,N,D,C,A,A,H,-,A,A,0,,,,,Y,,D,22,0,1,1,0,0,0,0,0,0,"- ","- ",,,SUTTER,"YUBA CITY",-121.62127999000001,39.137729950000001
8516848,2017,2018-01-11,5102,2017-11-19,2249,4113,2,7,5,4,5102,0,0,0,,0,002,"CLARK AV","AINSLEY AV",55.00,N,N,C,-,N,,,,,,,,,,Y,3,0,2,2,A,-,01,23153,A,N,C,E,A,B,H,-,C,D,0,,,,,Y,Y,A,01,0,2,0,0,0,0,0,0,0,"- ","- ",,,SUTTER,"YUBA CITY",-121.62599,39.144120700000002
8516867,2017,2018-02-23,5102,2017-11-22,1641,9007,2,3,5,4,5102,0,0,0,,0,,"WEST ONSTOTT RD","JAMIE RD",0.00,,Y,A,-,N,,,,,,,,,,Y,4,0,1,2,A,-,09,21801,A,N,D,C,A,A,H,-,C,D,0,,,,,Y,,A,01,0,0,1,0,0,0,0,0,0,"- ","- ",,,SUTTER,"YUBA CITY",-121.63567999,39.161449910000002
8517772,2017,2018-06-05,5102,2017-12-07,2113,9007,4,4,5,4,5102,0,0,0,,0,5102,"SHASTA ST","RT 20",528.00,S,N,A,-,N,,,,,,,,,,Y,4,0,1,2,A,-,09,21804,A,N,B,C,A,A,H,-,-,D,0,,,,,Y,,D,22,0,0,1,0,0,0,0,0,0,"- ","- ",,,SUTTER,"YUBA CITY",-121.61548562,39.139842029999997
8519286,2017,2018-07-09,5102,2017-11-06,1629,4105,1,1,5,4,5102,0,0,0,,0,001,"RT 20","HARTER PKWY",70.00,E,N,A,-,Y,SUT,3,20,-,-,14.480,H,-,W,N,4,0,1,2,A,-,08,22107,,N,B,C,A,A,H,-,B,A,0,,,,,Y,,D,22,0,0,1,0,0,0,0,0,0,"- ","- ",,,SUTTER,"YUBA CITY",-121.65541404,39.141560320000004
8519306,2017,2018-01-02,5102,2017-10-31,0527,4107,3,2,5,4,5102,0,0,0,,0,003,"QUEENS AV","LIVE OAK BL",80.00,E,N,A,-,N,,,,,,,,,,Y,4,0,1,1,A,-,12,21453,A,N,A,I,A,A,H,-,C,A,0,,,,,Y,,D,22,0,0,1,0,0,0,0,0,0,"- ","- ",,,SUTTER,"YUBA CITY",-121.62039838,39.151816820000001
8519353,2017,2018-01-02,5102,2017-11-12,2010,4113,5,7,5,4,5102,0,0,0,,0,5102,"WILBUR AV","MOORE AVE",91.00,N,N,A,-,N,,,,,,,,,,Y,3,0,2,3,A,-,01,23153,A,F,C,E,A,A,H,-,C,D,0,,,,,Y,Y,E,22,0,2,0,0,0,0,0,0,0,"- ","- ",,,SUTTER,"YUBA CITY",-121.61179393,39.126983340000002
8520918,2017,2017-12-28,5102,2017-10-29,1336,4111,4,7,5,4,5102,0,0,0,,0,004,"BRIDGE ST","SHASTA ST",20.00,S,N,A,-,N,,,,,,,,,,Y,3,0,2,3,A,-,12,21453,A,N,B,C,A,A,H,-,A,A,0,,,,,Y,,A,01,0,1,1,0,0,0,0,0,0,"- ","- ",,,SUTTER,"YUBA CITY",-121.61373426,39.135937370000001
8521125,2017,2018-01-08,5102,2017-10-30,2106,4022,4,1,5,4,5102,0,0,0,,0,004,"FRANKLIN RD","GRAY AV",0.00,,Y,B,-,N,,,,,,,,,,Y,4,0,1,2,A,-,01,23153,A,N,C,C,A,A,H,-,C,A,0,,,,,Y,Y,A,01,0,0,1,0,0,0,0,0,0,"- ","- ",,,SUTTER,"YUBA CITY",-121.62979999,39.127249999999997
8521129,2017,2018-07-09,5102,2017-10-27,1512,447,2,5,5,4,5102,0,0,0,,0,,COLUSA,"EL MARGARITA RD",72.00,E,N,A,-,Y,SUT,3,20,-,-,14.110,H,-,E,Y,4,0,1,2,A,-,07,21658,A,N,B,C,A,A,H,-,A,D,0,,,,,Y,,A,01,0,0,1,0,0,0,0,0,0,"- ","- ",39.1417,-121.66252,SUTTER,"YUBA CITY",-121.66221154999999,39.141400169999997
8521133,2017,2018-06-05,5102,2017-10-31,0256,4093,5,2,5,4,5102,0,0,0,,0,005,"GARDEN HWY","LINCOLN RD",1305.00,N,N,A,-,N,,,,,,,,,,Y,4,0,1,1,A,-,08,22100,A,N,E,I,A,A,H,-,C,D,0,,,,,Y,,A,01,0,0,1,0,0,0,0,0,0,"- ","- ",,,SUTTER,"YUBA CITY",-121.61714609000001,39.111192610000003
8522340,2017,2018-07-09,5102,2017-11-22,1508,4102,4,3,5,4,5102,0,0,0,,0,5102,"COLUSA AV","STAFFORD AV",0.00,,Y,A,-,Y,SUT,3,20,-,-,15.940,I,5,E,Y,4,0,1,2,A,-,09,21801,A,N,D,C,A,A,H,-,A,D,0,,,,,Y,,D,22,0,0,1,0,0,0,0,0,0,"- ","- ",39.14161,-121.62785,SUTTER,"YUBA CITY",-121.62789674,39.141624880000002
8528925,2017,2018-01-11,5102,2017-12-06,0752,4073,3,3,5,4,5102,0,0,0,,0,003,"PLUMAS ST","LYNN WY",590.00,S,N,A,-,N,,,,,,,,,,Y,3,0,1,2,A,-,21,22106,,N,A,C,A,A,H,-,A,D,0,,,Y,,Y,,A,07,0,1,0,0,0,0,0,0,1,"- ","- ",,,SUTTER,"YUBA CITY",-121.61752562,39.147999919999997
8528933,2017,2018-02-20,5102,2017-12-15,1140,447,3,5,5,4,5102,0,0,0,,0,003,"GRAY AV","BUTTE HOUSE RD",0.00,,Y,A,-,N,,,,,,,,,,Y,4,0,1,2,A,-,12,21453,A,N,D,C,A,A,H,-,A,A,0,,,,,Y,,A,01,0,0,1,0,0,0,0,0,0,"- ","- ",,,SUTTER,"YUBA CITY",-121.63020998,39.145329959999998
8528941,2017,2018-01-11,5102,2017-12-16,1132,4072,2,6,5,4,5102,0,0,0,,0,5102,"WALTON AV","FRANKLIN RD",0.00,,Y,A,-,N,,,,,,,,,,N,4,0,1,2,D,-,00,,,N,B,C,A,A,H,-,A,A,0,,,,,Y,,-,"- ",0,0,1,0,0,0,0,0,0,"- ","- ",,,SUTTER,"YUBA CITY",-121.64388999000001,39.12729993
8531390,2017,2018-01-13,5100,2017-12-02,1349,5082,LOCA3,6,5,2,5101,0,0,0,,0,02A,"PENNINGTON RD","AT&T POLE #35",68.00,E,N,A,-,N,,,,,,,,,,Y,4,0,1,1,A,-,01,23152,B,N,F,I,A,A,H,-,A,D,0,,,,,Y,Y,A,07,0,0,1,0,0,0,0,0,0,"- ","- ",,,SUTTER,"LIVE OAK",,
8535824,2018,2018-01-30,5102,2018-01-05,2125,4091,4,5,5,4,5102,0,0,0,,0,004,"CLARK AV","B ST",0.00,,Y,C,-,N,,,,,,,,,,Y,4,0,1,2,A,-,12,21453,A,N,D,C,A,B,H,-,C,A,0,,,,,Y,,A,01,0,0,1,0,0,0,0,0,0,"- ","- ",,,SUTTER,"YUBA CITY",-121.62503814697266,39.129909515380859
8555366,2018,2018-02-16,5102,2018-01-30,1246,4083,3,2,5,4,5102,0,0,0,,0,,"BRIDGE ST","SHASTA ST",83.00,E,N,A,-,N,,,,,,,,,,N,4,0,2,3,A,-,03,22350,,N,C,C,A,A,H,-,A,A,0,,,,,Y,,A,08,0,0,2,0,0,0,0,0,0,"- ","- ",,,SUTTER,"YUBA CITY",-121.6134033203125,39.136054992675781
8565173,2018,2018-03-09,5102,2018-02-08,0231,4110,,4,5,4,5102,0,0,0,,0,004,"FRANKLIN RD","CLARK AV",0.00,,Y,A,-,N,,,,,,,,,,N,4,0,1,1,A,-,01,23152,F,N,E,I,A,A,H,-,C,A,0,,,,,Y,,D,22,0,0,1,0,0,0,0,0,0,"- ","- ",,,SUTTER,"YUBA CITY",-121.62477874755859,39.127220153808594
8588721,2018,2018-08-01,5102,2018-02-22,1821,4114,1,4,5,4,5102,0,0,0,,0,001,"COLUSA HWY","WALTON AV",0.00,,Y,B,-,Y,SUT,3,20,-,R,15.094,I,5,W,Y,4,0,2,3,A,-,12,21453,A,F,D,C,A,B,H,-,C,A,0,,,,,Y,,A,01,0,0,2,0,0,0,0,0,0,"- ","- ",,,SUTTER,"YUBA CITY",-121.64403533935547,39.141788482666016
8589319,2018,2018-07-23,5102,2018-03-19,1557,4073,5,1,5,4,5102,0,0,0,,0,005,"GARDEN HWY","RIVER OAKS DR",0.00,,Y,B,-,N,,,,,,,,,,Y,2,0,1,2,A,-,09,21802,A,N,D,C,A,A,H,-,A,A,0,,,Y,,Y,,D,22,1,0,0,0,0,0,0,0,1,"- ","- ",,,SUTTER,"YUBA CITY",-121.61614990234375,39.103099822998047
8595748,2018,2018-05-04,5102,2018-04-04,1115,4093,1,3,5,4,5102,0,0,0,,0,001,"S COLUSA FR","GEORGE WASHINGTON AV",15.00,E,N,A,-,N,,,,,,,,,,N,4,0,1,2,A,-,03,22350,,N,C,C,A,A,H,-,A,A,0,,,,,Y,,A,01,0,0,1,0,0,0,0,0,0,"- ","- ",,,SUTTER,"YUBA CITY",-121.67151641845703,39.141780853271484
8598046,2018,2018-07-31,5102,2018-03-23,1253,4102,2,5,5,4,5102,0,0,0,,0,5102,"RT 99","RT 20",0.00,,Y,A,-,Y,SUT,3,20,-,-,15.513,I,5,E,Y,4,0,1,2,A,-,12,21453,A,N,D,C,A,A,H,-,A,A,0,,,,Y,Y,,A,01,0,0,1,0,0,0,0,0,0,"- ","- ",,,SUTTER,"YUBA CITY",-121.63581085205078,39.14178466796875
8601165,2018,2018-10-26,5102,2018-07-06,2154,9005,3,5,5,4,5102,0,0,0,,0,003,"ROCCA WY","COLUSA HWY",0.00,,Y,A,-,Y,SUT,3,20,-,-,15.710,H,-,W,N,4,0,1,2,A,-,09,21804,A,N,D,C,A,A,H,-,C,A,0,,,,,Y,,A,01,0,0,1,0,0,0,0,0,0,"- ","- ",,,SUTTER,"YUBA CITY",-121.63216400146484,39.141891479492188
8608483,2018,2018-04-27,5102,2018-04-06,0142,4105,4,5,5,4,5102,0,0,0,,0,004,"2ND ST","C ST",0.00,S,N,C,-,N,,,,,,,,,,Y,3,0,2,1,A,-,01,23152,A,N,E,I,A,B,H,-,C,A,0,,,,,Y,Y,A,01,0,2,0,0,0,0,0,0,0,"- ","- ",,,SUTTER,"YUBA CITY",-121.60585021972656,39.135189056396484
8634371,2018,2018-06-20,5102,2018-05-22,1043,4077,2,2,5,4,5102,0,0,0,,0,002,"FRANKLIN RD","LITTLEJOHN RD",120.00,E,N,A,-,N,,,,,,,,,,Y,3,0,1,2,A,-,03,22350,,N,C,C,A,A,H,-,A,D,0,,,,Y,Y,,A,01,0,1,0,0,0,0,0,0,0,"- ","- ",,,SUTTER,"YUBA CITY",-121.63876342773438,39.127311706542969
8634458,2018,2018-06-13,5102,2018-05-04,1710,4109,2,5,5,4,5102,0,0,0,,0,002,"BRIDGE ST","OJI WY",75.00,W,N,A,-,N,,,,,,,,,,Y,3,0,2,2,A,-,08,22107,,N,D,C,A,A,H,-,A,D,0,,,,,Y,,A,08,0,1,1,0,0,0,0,0,0,"- ","- ",,,SUTTER,"YUBA CITY",-121.63713073730469,39.132362365722656
8634478,2018,2018-06-13,5102,2018-05-08,1742,4113,4,2,5,4,5102,0,0,0,,0,004,"2ND ST","B ST",35.00,S,N,A,-,N,,,,,,,,,,Y,4,0,3,3,A,-,03,22350,,N,C,C,A,A,H,-,A,A,0,,,,,Y,,A,01,0,0,3,0,0,0,0,0,0,"- ","- ",,,SUTTER,"YUBA CITY",-121.60636901855469,39.136074066162109
8645411,2018,2018-07-06,5102,2018-06-01,1638,4109,3,5,5,4,5102,0,0,0,,0,003,"CLARK AV","RICE AV",0.00,,Y,A,-,N,,,,,,,,,,N,4,0,1,2,A,-,08,22107,,N,A,C,A,A,H,-,A,D,0,,,,,Y,,A,01,0,0,1,0,0,0,0,0,0,"- ","- ",,,SUTTER,"YUBA CITY",-121.62602233886719,39.152568817138672
8652555,2018,2018-12-31,5100,2018-08-12,1058,5134,LOCA4,7,5,2,5101,0,0,0,,0,01A,"RT 99","ASH ST",1012.00,S,N,A,-,Y,SUT,3,99,-,-,39.650,H,-,N,Y,3,0,1,1,C,-,18,,,N,E,J,A,A,H,-,A,D,0,,,,,Y,,-,"- ",0,1,0,0,0,0,0,0,0,"- ","- ",,,SUTTER,"LIVE OAK",-121.65868377685547,39.267555236816406
8654640,2018,2018-07-17,5102,2018-04-02,0328,5143,89,1,5,4,5102,0,0,0,,0,007,"SANBORN RD","SANBORN RD   656",0.00,,N,A,-,N,,,,,,,,,,Y,4,0,1,2,A,-,05,21650,,N,C,E,A,A,H,-,C,D,0,,,,,Y,,A,07,0,0,1,0,0,0,0,0,0,"- ","- ",,,SUTTER,"YUBA CITY",-121.65557,39.117680999999997
8656978,2018,2018-10-10,5102,2018-07-14,1341,9007,4,6,5,4,5102,0,0,0,,0,004,"BRIDGE ST","SHASTA ST",170.00,W,N,A,-,N,,,,,,,,,,N,4,0,1,2,A,-,03,22350,,N,C,C,A,A,H,-,A,A,0,,,,,Y,,D,22,0,0,1,0,0,0,0,0,0,"- ","- ",,,SUTTER,"YUBA CITY",-121.61421966552734,39.135768890380859
8656982,2018,2018-09-05,5102,2018-07-24,1128,4073,1,2,5,4,5102,0,0,0,,0,001,"N COLUSA FRONTAGE RD","KIMBERLY DR",350.00,E,N,A,-,N,,,,,,,,,,Y,3,0,1,1,A,-,08,22107,,N,E,I,A,A,H,-,A,D,0,,,,,Y,,D,22,0,1,0,0,0,0,0,0,0,"- ","- ",,,SUTTER,"YUBA CITY",-121.65791320800781,39.141712188720703
8661132,2018,2018-11-05,5100,2018-05-31,1810,5132,SUTTE,4,5,2,5101,0,0,0,,0,002,"RT 99","RAMSDELL DR",497.00,N,N,A,-,Y,SUT,3,99,-,-,40.900,H,-,N,N,3,0,1,2,A,-,04,21703,,N,C,C,A,A,H,-,A,D,0,,,Y,,Y,,C,02,0,1,0,0,0,0,0,0,1,"- ","- ",,,SUTTER,"LIVE OAK",-121.66263580322266,39.285388946533203
8664250,2018,2018-08-27,5102,2018-07-10,0813,4073,5,2,5,4,5102,0,0,0,,0,005,"GARDEN HWY","WILBUR AV",244.00,N,N,A,-,N,,,,,,,,,,Y,3,0,1,2,A,-,21,22106,,N,D,C,A,A,H,-,A,D,0,,,,Y,Y,,G,26,0,1,0,0,0,0,0,0,0,"- ","- ",,,SUTTER,"YUBA CITY",-121.60903167724609,39.126094818115234
8664461,2018,2018-07-20,5102,2018-07-07,1648,4109,3,6,5,4,5102,0,0,0,,0,003,"AINSLEY AV","LIVE OAK BL",400.00,E,N,A,-,N,,,,,,,,,,N,4,0,1,2,A,-,09,21800,A,N,-,C,A,A,H,-,A,D,0,,,,,Y,,A,01,0,0,1,0,0,0,0,0,0,"- ","- ",,,SUTTER,"YUBA CITY",-121.62081909179688,39.143680572509766
8671659,2018,2018-10-29,5102,2018-07-20,1527,4077,3,5,5,4,5102,0,0,0,,0,003,"RT 20","SHASTA ST",400.00,E,N,A,-,Y,SUT,3,20,-,-,16.700,H,-,W,N,4,0,1,2,A,-,03,22350,,N,-,C,A,A,H,-,A,A,0,,,,,Y,,D,22,0,0,1,0,0,0,0,0,0,"- ","- ",,,SUTTER,"YUBA CITY",-121.61435699462891,39.141876220703125
8676975,2018,2018-10-29,5102,2018-07-25,1226,4083,3,3,5,4,5102,0,0,0,,0,,"RT 20","CLARK AV",0.00,,Y,A,-,Y,SUT,3,20,-,-,16.060,I,5,E,Y,4,0,3,2,A,-,12,21453,A,N,D,C,A,A,H,-,A,A,0,,,,,Y,,A,01,0,0,3,0,0,0,0,0,0,"- ","- ",,,SUTTER,"YUBA CITY",-121.62567901611328,39.141567230224609
8685526,2018,2018-10-03,5102,2018-08-01,2026,4094,5,3,5,4,5102,0,0,0,,0,005,"GARDEN HWY","BOGUE RD",1270.00,S,N,A,-,N,,,,,,,,,,Y,3,0,1,1,A,-,01,23152,A,N,H,J,A,A,H,-,D,D,0,,,Y,,Y,Y,C,02,0,1,0,0,0,0,0,0,1,"- ","- ",39.100818634033203,-121.61573791503906,SUTTER,"YUBA CITY",-121.61461639404297,39.097476959228516
8685530,2018,2018-10-03,5102,2018-08-01,1540,4077,5,3,5,4,5102,0,0,0,,0,005,"GARDEN HWY","LINCOLN RD",0.00,,Y,A,-,N,,,,,,,,,,N,4,0,1,2,A,-,03,22350,,N,C,C,A,A,H,-,A,A,0,,,,,Y,,A,08,0,0,1,0,0,0,0,0,0,"- ","- ",,,SUTTER,"YUBA CITY",-121.61747741699219,39.112739562988281
8692623,2018,2018-09-24,5102,2018-08-23,2139,4094,2,4,5,4,5102,0,0,0,,0,002,"STABLER LN","BUTTE HOUSE RD",0.00,,Y,A,-,N,,,,,,,,,,Y,4,0,1,2,A,-,12,21453,A,N,D,C,A,A,H,-,C,A,0,,,,,Y,,A,01,0,0,1,0,0,0,0,0,0,"- ","- ",,,SUTTER,"YUBA CITY",-121.64396667480469,39.148029327392578
8705847,2018,2018-10-11,5102,2018-09-19,1254,4094,3,3,5,4,5102,0,0,0,,0,003,"CLARK AV","WILWICK WY",0.00,,Y,A,-,N,,,,,,,,,,Y,4,0,2,2,B,-,22,,,N,D,C,A,A,H,-,A,A,0,,,,,Y,,D,22,0,0,2,0,0,0,0,0,0,"- ","- ",,,SUTTER,"YUBA CITY",-121.62567138671875,39.142608642578125
8711600,2018,2018-11-13,5102,2018-10-18,1555,4083,3,4,5,4,5102,0,0,0,,0,,"BIRD ST","MAPLE DR",0.00,,Y,A,-,N,,,,,,,,,,Y,4,0,1,2,A,-,09,21801,A,N,A,C,A,A,H,-,A,D,0,,,,,Y,,D,22,0,0,1,0,0,0,0,0,0,"- ","- ",,,SUTTER,"YUBA CITY",-121.6219482421875,39.144691467285156