CASE_ID,ACCIDENT_YEAR,PROC_DATE,JURIS,COLLISION_DATE,COLLISION_TIME,OFFICER_ID,REPORTING_DISTRICT,DAY_OF_WEEK,CHP_SHIFT,POPULATION,CNTY_CITY_LOC,SPECIAL_COND,BEAT_TYPE,CHP_BEAT_TYPE,CITY_DIVISION_LAPD,CHP_BEAT_CLASS,BEAT_NUMBER,PRIMARY_RD,SECONDARY_RD,DISTANCE,DIRECTION,INTERSECTION,WEATHER_1,WEATHER_2,STATE_HWY_IND,CALTRANS_COUNTY,CALTRANS_DISTRICT,STATE_ROUTE,ROUTE_SUFFIX,POSTMILE_PREFIX,POSTMILE,LOCATION_TYPE,RAMP_INTERSECTION,SIDE_OF_HWY,TOW_AWAY,COLLISION_SEVERITY,NUMBER_KILLED,NUMBER_INJURED,PARTY_COUNT,PRIMARY_COLL_FACTOR,PCF_CODE_OF_VIOL,PCF_VIOL_CATEGORY,PCF_VIOLATION,PCF_VIOL_SUBSECTION,HIT_AND_RUN,TYPE_OF_COLLISION,MVIW,PED_ACTION,ROAD_SURFACE,ROAD_COND_1,ROAD_COND_2,LIGHTING,CONTROL_DEVICE,CHP_ROAD_TYPE,PEDESTRIAN_ACCIDENT,BICYCLE_ACCIDENT,MOTORCYCLE_ACCIDENT,TRUCK_ACCIDENT,NOT_PRIVATE_PROPERTY,ALCOHOL_INVOLVED,STWD_VEHTYPE_AT_FAULT,CHP_VEHTYPE_AT_FAULT,COUNT_SEVERE_INJ,COUNT_VISIBLE_INJ,COUNT_COMPLAINT_PAIN,COUNT_PED_KILLED,COUNT_PED_INJURED,COUNT_BICYCLIST_KILLED,COUNT_BICYCLIST_INJURED,COUNT_MC_KILLED,COUNT_MC_INJURED,PRIMARY_RAMP,SECONDARY_RAMP,LATITUDE,LONGITUDE,COUNTY,CITY,POINT_X,POINT_Y
8711959,2018,2018-12-07,5102,2018-09-09,1415,4113,5,7,5,4,5102,0,0,0,,0,005,"COLUSA HWY","GRAY AV",200.00,E,N,A,-,Y,SUT,3,20,-,-,15.830,H,-,W,Y,4,0,1,3,A,-,03,22350,,N,C,C,A,A,H,-,A,A,0,,,,,Y,Y,A,01,0,0,1,0,0,0,0,0,0,"- ","- ",,,SUTTER,"YUBA CITY",-121.62993621826172,39.141830444335938
8712278,2018,2018-10-19,5102,2018-09-28,1400,9007,4,5,5,4,5102,0,0,0,,0,001,"LIVE OAK BL","QUEENS AV",0.00,,Y,A,-,N,,,,,,,,,,Y,4,0,1,2,A,-,01,23152,F,N,C,C,A,A,H,-,A,A,0,,,,,Y,,B,07,0,0,1,0,0,0,0,0,0,"- ","- ",,,SUTTER,"YUBA CITY",-121.62068176269531,39.151809692382812
8714454,2018,2018-10-25,5102,2018-10-01,1528,4073,4,1,5,4,5102,0,0,0,,0,004,"PLUMAS BL","FRANKLIN AV",438.00,N,N,A,-,N,,,,,,,,,,Y,4,0,1,2,A,-,21,22106,,N,D,C,A,A,H,-,A,D,0,,,,,Y,,A,01,0,0,1,0,0,0,0,0,0,"- ","- ",,,SUTTER,"YUBA CITY",-121.61439514160156,39.130767822265625
8718918,2018,2019-01-23,5102,2018-10-09,0829,4073,1,2,5,4,5102,0,0,0,,0,001,"RT 20","WALTON AV",20.00,W,N,A,-,Y,SUT,3,20,-,R,15.070,H,-,E,N,4,0,2,2,C,-,18,,,N,C,C,A,A,H,-,A,D,0,,,,,Y,,-,"- ",0,0,2,0,0,0,0,0,0,"- ","- ",,,SUTTER,"YUBA CITY",-121.64445495605469,39.141651153564453
8721970,2018,2018-12-11,5102,2018-10-16,0937,4077,2,2,5,4,5102,0,0,0,,0,002,"FRANKLIN RD","LITTLE JOHN RD",300.00,W,N,A,-,N,,,,,,,,,,Y,4,0,2,2,A,-,09,21804,A,N,D,C,A,A,H,-,A,D,0,,,,,Y,,A,01,0,0,2,0,0,0,0,0,0,"- ","- ",,,SUTTER,"YUBA CITY",-121.64025115966797,39.127311706542969
8727356,2019,2019-05-31,5100,2019-02-01,1602,5142,LOCA2,5,5,2,5101,0,0,0,,0,02A,"RT 99","RAMSDELL DR",400.00,S,N,A,-,Y,SUT,3,99,-,-,40.730,H,-,N,N,4,0,1,2,A,-,08,22107,,N,B,C,A,A,H,-,A,D,0,,,,,Y,,A,07,0,0,1,0,0,0,0,0,0,"- ","- ",,,SUTTER,"LIVE OAK",-121.66143035888672,39.283092498779297
8746112,2018,2018-12-03,5102,2018-10-25,1145,4077,3,4,5,4,5102,0,0,0,,0,003,"KENNY DR","GRAY AV",0.00,,Y,A,-,N,,,,,,,,,,,3,0,1,2,A,-,10,21950,,N,G,B,D,A,H,-,A,D,0,Y,,,,Y,,A,01,0,1,0,0,1,0,0,0,0,"- ","- ",,,SUTTER,"YUBA CITY",-121.63007354736328,39.15386962890625
8763152,2018,2019-02-22,5102,2018-11-19,1840,4079,2,1,5,4,5102,0,0,0,,0,,"WALTON AV","RT 20",200.00,S,N,A,-,Y,SUT,3,20,-,R,15.094,I,6,E,Y,4,0,1,2,A,-,01,23152,B,N,C,C,A,A,H,-,C,D,0,,,,,Y,Y,A,01,0,0,1,0,0,0,0,0,0,"- ","- ",,,SUTTER,"YUBA CITY",-121.64400482177734,39.141658782958984
8763693,2018,2019-01-03,5102,2018-11-06,1723,4096,3,2,5,4,5102,0,0,0,,0,003,"GRAY AV","MELTON DR",0.00,,Y,A,-,N,,,,,,,,,,N,4,0,1,2,A,-,10,21950,A,N,G,B,D,A,H,-,D,D,0,Y,,,,Y,,A,01,0,0,1,0,1,0,0,0,0,"- ","- ",,,SUTTER,"YUBA CITY",-121.63007354736328,39.15570068359375
8764132,2018,2019-01-29,5102,2018-12-12,1638,4077,3,3,5,4,5102,0,0,0,,0,003,"RT 20","ORANGE ST",0.00,,Y,A,-,Y,SUT,3,20,-,-,16.230,I,5,E,Y,3,0,1,2,A,-,09,21801,A,N,D,C,A,A,H,-,B,D,0,,,,,Y,,A,01,0,1,0,0,0,0,0,0,0,"- ","- ",,,SUTTER,"YUBA CITY",-121.62258148193359,39.141422271728516
8766026,2018,2019-01-29,5102,2018-12-06,0653,4073,3,4,5,4,5102,0,0,0,,0,003,"LIVE OAK BL","PEASE RD",0.00,,Y,A,-,N,,,,,,,,,,Y,3,0,2,3,A,-,09,21801,A,N,D,C,A,A,H,-,B,D,0,,,,,Y,,A,07,0,1,1,0,0,0,0,0,0,"- ","- ",,,SUTTER,"YUBA CITY",-121.62380218505859,39.170970916748047
8766468,2018,2019-01-08,5102,2018-12-14,1533,4077,1,5,5,4,5102,0,0,0,,0,001,"FRANKLIN RD","OHLEYER RD",30.00,E,N,C,-,N,,,,,,,,,,Y,4,0,1,1,A,-,03,22350,,N,E,I,A,B,H,-,B,D,0,,,,,Y,,A,01,0,0,1,0,0,0,0,0,0,"- ","- ",,,SUTTER,"YUBA CITY",-121.66005706787109,39.127182006835938
8788313,2018,2019-01-28,5102,2018-12-31,1452,4073,2,1,5,4,5102,0,0,0,,0,002,"FRANKLIN RD","LITTLEJOHN RD",270.00,E,N,A,-,N,,,,,,,,,,N,4,0,1,2,A,-,03,22350,,F,C,C,A,A,H,-,A,D,0,,,,,Y,,A,01,0,0,1,0,0,0,0,0,0,"- ","- ",,,SUTTER,"YUBA CITY",-121.63823699951172,39.127311706542969
8791624,2019,2019-02-07,5102,2019-01-08,1406,4105,3,2,5,4,5102,0,0,0,,0,003,"BIRD ST","LIVE OAK BL",0.00,,Y,B,-,N,,,,,,,,,,Y,3,0,1,2,A,-,09,21802,A,N,D,C,A,B,H,-,A,A,0,,,,,Y,,A,01,0,1,0,0,0,0,0,0,0,"- ","- ",,,SUTTER,"YUBA CITY",-121.62079620361328,39.144771575927734
8791628,2019,2019-03-29,5102,2019-01-10,1540,4077,5,4,5,4,5102,0,0,0,,0,005,"GARDEN HWY","BOGUE RD",0.00,,Y,B,-,N,,,,,,,,,,Y,3,0,2,2,D,-,00,,,N,D,C,A,A,H,-,A,A,0,,,,,Y,,-,"- ",0,2,0,0,0,0,0,0,0,"- ","- ",,,SUTTER,"YUBA CITY",-121.61582946777344,39.100788116455078
8794384,2019,2019-03-08,5102,2019-01-06,0519,4106,2,7,5,4,5102,0,0,0,,0,,"RT 99","QUEENS AV",75.00,S,N,B,-,Y,SUT,3,99,-,R,31.172,R,2,S,Y,4,0,1,1,A,-,08,22107,,N,F,J,A,B,-,-,C,D,0,,,,,Y,,A,01,0,0,1,0,0,0,0,0,0,"- ","- ",,,SUTTER,"YUBA CITY",-121.63557434082031,39.149646759033203
8794673,2019,2019-05-13,5102,2019-01-28,0628,4073,3,1,5,4,5102,0,0,0,,0,003,"RT 20","SHASTA ST",0.00,,Y,A,-,Y,SUT,3,20,-,-,16.619,I,5,E,Y,4,0,1,2,A,-,12,21453,A,N,D,C,A,A,H,-,C,A,0,,,,,Y,,A,01,0,0,1,0,0,0,0,0,0,"- ","- ",,,SUTTER,"YUBA CITY",-121.61573028564453,39.141292572021484
8797856,2018,2019-02-11,5102,2018-01-04,1650,4109,4,4,5,4,5102,0,0,0,,0,004,"BRIDGE ST","COOPER AV",100.00,E,N,A,-,N,,,,,,,,,,N,4,0,1,2,A,-,12,21453,A,N,C,C,A,A,H,-,A,A,0,,,,,Y,Y,A,01,0,0,1,0,0,0,0,0,0,"- ","- ",,,SUTTER,"YUBA CITY",-121.62297821044922,39.132644653320312
8800016,2019,2019-02-19,5102,2019-01-10,0021,4117,4,4,5,4,5102,0,0,0,,0,004,"2ND ST","C ST",766.00,S,N,B,-,N,,,,,,,,,,Y,4,0,1,1,A,-,01,23152,B,N,D,I,A,B,H,-,D,D,0,,,,,Y,Y,A,01,0,0,1,0,0,0,0,0,0,"- ","- ",,,SUTTER,"YUBA CITY",-121.60474395751953,39.133270263671875
8810269,2019,2019-03-18,5102,2019-02-14,1825,4105,4,4,5,4,5102,0,0,0,,0,004,"SUTTER ST","10TH ST",0.00,,Y,B,-,N,,,,,,,,,,Y,3,0,2,2,A,-,09,21801,A,N,A,C,A,A,H,-,C,D,0,,,,,Y,,A,07,0,1,1,0,0,0,0,0,0,"- ","- ",,,SUTTER,"YUBA CITY",,
8830837,2019,2019-03-28,5102,2019-03-11,1643,4115,5,1,5,4,5102,0,0,0,,0,005,"GARDEN HWY","WILBUR AV",0.00,,Y,A,-,N,,,,,,,,,,Y,4,0,3,2,A,-,08,22107,,N,A,C,A,A,H,-,A,D,0,,,,,Y,Y,A,01,0,0,3,0,0,0,0,0,0,"- ","- ",,,SUTTER,"YUBA CITY",-121.60942840576172,39.125499725341797
8834564,2019,2019-04-15,5102,2019-03-25,1312,448,1,1,5,4,5102,0,0,0,,0,001,"FRANKLIN RD","HETHERINGTON CIR",0.00,,Y,C,-,N,,,,,,,,,,Y,4,0,1,2,A,-,09,21804,A,N,D,C,A,B,H,-,A,D,0,,,,,Y,,A,07,0,0,1,0,0,0,0,0,0,"- ","- ",,,SUTTER,"YUBA CITY",-121.64591979980469,39.127281188964844
8846707,2019,2019-05-13,5102,2019-04-19,0848,4073,3,5,5,4,5102,0,0,0,,0,003,"S COLUSA FRONTAGE RD","FRANCIS WY",10.00,W,N,A,-,N,,,,,,,,,,N,3,0,1,1,A,-,08,22107,,N,H,J,A,A,H,-,A,D,0,,,,,Y,,-,,0,1,0,0,0,0,0,0,0,"- ","- ",,,SUTTER,"YUBA CITY",-121.61550903320312,39.141239166259766
8864152,2019,2019-05-30,5100,2019-04-25,1454,5142,LOCA3,4,5,2,5101,0,0,0,,0,02A,"PENNINGTON RD","RICHARD AV",0.00,,Y,A,-,N,,,,,,,,,,N,3,0,1,2,A,-,10,21950,A,N,G,G,A,A,H,-,A,D,0,,Y,,,Y,,A,08,0,1,0,0,0,0,1,0,0,"- ","- ",,,SUTTER,"LIVE OAK",-121.672607421875,39.276031494140625
8869271,2019,2019-06-06,5102,2019-05-16,1059,4094,3,4,5,4,5102,0,0,0,,0,003,"PLUMAS ST","LYNN WY",100.00,N,N,C,-,N,,,,,,,,,,Y,4,0,1,2,A,-,03,22350,,N,C,E,A,B,H,-,A,D,0,,,,,Y,,A,01,0,0,1,0,0,0,0,0,0,"- ","- ",,,SUTTER,"YUBA CITY",-121.61749267578125,39.149894714355469
8882403,2019,2019-07-08,5102,2019-06-11,2103,4108,3,2,5,4,5102,0,0,0,,0,5102,"QUEENS AV","GRAY AV",0.00,,Y,A,-,N,,,,,,,,,,N,3,0,1,2,A,-,17,21461,A,N,D,G,A,A,H,-,C,A,0,,Y,,,Y,,L,04,0,1,0,0,0,0,1,0,0,"- ","- ",,,SUTTER,"YUBA CITY",-121.63005828857422,39.151828765869141
8889634,2019,2020-02-10,5102,2019-06-30,1045,4107,3,7,5,4,5102,0,0,0,,0,003,"RT 20","SHASTA ST",35.00,E,N,A,-,Y,SUT,3,20,-,-,16.640,H,-,W,Y,4,0,1,3,A,-,12,21453,A,F,C,C,A,A,H,-,A,A,0,,,,,Y,,-,99,0,0,1,0,0,0,0,0,0,"- ","- ",,,SUTTER,"YUBA CITY",-121.61540985107422,39.141525268554688
8890698,2019,2020-01-10,5102,2019-05-25,1715,447,3,6,5,4,5102,0,0,0,,0,003,"RT 20","SHASTA ST",60.00,E,N,A,-,Y,SUT,3,20,-,-,16.630,H,-,W,N,4,0,2,2,A,-,04,21703,,F,C,C,A,A,H,-,A,A,0,,,,,Y,,A,07,0,0,2,0,0,0,0,0,0,"- ","- ",,,SUTTER,"YUBA CITY",-121.61557006835938,39.141475677490234
8895623,2019,2019-08-15,5102,2019-07-02,1659,4105,1,2,5,4,5102,0,0,0,,0,001,"EL MARGARITA RD","SPIRIT WY",0.00,,Y,A,-,N,,,,,,,,,,Y,3,0,1,2,A,-,09,21802,A,N,D,C,A,A,H,-,A,D,0,,,,,Y,,A,07,0,1,0,0,0,0,0,0,0,"- ","- ",,,SUTTER,"YUBA CITY",-121.66243,39.139279999999999
8909299,2019,2019-08-09,5102,2019-07-07,1414,9000,2,7,5,4,5102,0,0,0,,0,002,"FRANKLIN RD","WINCO PARKING LOT",15.00,E,N,A,-,N,,,,,,,,,,N,3,0,1,2,A,-,12,21453,A,N,B,C,A,A,H,-,A,A,0,,,,,Y,,A,07,0,1,0,0,0,0,0,0,0,"- ","- ",,,SUTTER,"YUBA CITY",-121.63680267333984,39.127304077148438
8913361,2019,2020-01-27,5102,2019-07-25,1712,4109,3,4,5,4,5102,0,0,0,,0,003,"RT 20","STAFFORD WY",0.00,,Y,A,-,Y,SUT,3,20,-,-,15.940,I,5,W,Y,4,0,1,2,A,-,08,22107,,N,D,C,A,-,A,H,A,D,0,,,,,Y,,A,01,0,0,1,0,0,0,0,0,0,"- ","- ",,,SUTTER,"YUBA CITY",-121.62789916992188,39.141765594482422
8918366,2019,2019-09-16,5102,2019-08-01,1033,4073,4,4,5,4,5102,0,0,0,,0,004,"B ST","UNIVERSITY AV",0.00,,Y,A,-,N,,,,,,,,,,Y,4,0,1,2,A,-,09,21801,A,N,D,C,A,A,H,-,A,D,0,,,,,Y,,A,07,0,0,1,0,0,0,0,0,0,"- ","- ",,,SUTTER,"YUBA CITY",-121.62194061279297,39.130870819091797
8931370,2019,2020-01-27,5102,2019-08-16,0750,4094,2,5,5,4,5102,0,0,0,,0,002,"COLUSA AV","STABLER LN",650.00,E,N,A,-,Y,SUT,3,20,-,R,15.210,H,-,W,Y,4,0,1,3,A,-,03,22350,,N,C,C,A,-,A,H,A,A,0,,,,,Y,,A,01,0,0,1,0,0,0,0,0,0,"- ","- ",,,SUTTER,"YUBA CITY",-121.64189147949219,39.141838073730469
8938872,2019,2020-01-27,5102,2019-08-19,0722,4077,2,1,5,4,5102,0,0,0,,0,002,"RT 20","WALTON AV",0.00,,Y,A,-,Y,SUT,3,20,-,R,15.094,I,5,E,Y,2,0,2,2,A,-,12,21453,A,N,A,C,A,A,H,-,A,A,0,,,,,Y,,A,07,1,1,0,0,0,0,0,0,0,"- ","- ",,,SUTTER,"YUBA CITY",-121.64400482177734,39.141658782958984
8941836,2019,2019-10-04,5102,2019-08-13,2151,4113,5,2,5,4,5102,0,0,0,,0,005,"GARDEN HWY","PERCY AV",0.00,,Y,A,-,N,,,,,,,,,,Y,4,0,1,2,A,-,01,23152,B,N,B,C,A,A,H,-,C,A,0,,,,,Y,Y,A,07,0,0,1,0,0,0,0,0,0,"- ","- ",,,SUTTER,"YUBA CITY",-121.61269378662109,39.122100830078125
8956470,2019,2019-11-07,5102,2019-09-17,1225,447,3,2,5,4,5102,0,0,0,,0,003,"LIVE OAK BL","QUEENS BL",28.00,S,N,A,-,N,,,,,,,,,,Y,4,0,1,2,A,-,03,22350,,N,C,C,A,A,H,-,A,A,0,,,,,Y,,A,07,0,0,1,0,0,0,0,0,0,"- ","- ",,,SUTTER,"YUBA CITY",-121.62067413330078,39.1517333984375
8957701,2019,2019-10-09,5102,2019-07-15,1754,4069,4,1,5,4,5102,0,0,0,,0,004,"FORBES AV","ALMOND ST",0.00,,Y,A,-,N,,,,,,,,,,Y,2,0,1,2,A,-,01,23152,A,N,D,C,A,A,H,-,A,A,0,,,,,Y,Y,D,22,1,0,0,0,0,0,0,0,0,"- ","- ",,,SUTTER,"YUBA CITY",-121.61900329589844,39.137660980224609
8961567,2019,2020-09-11,5102,2019-10-10,1257,4073,1,4,5,4,5102,0,0,0,,0,001,"RT 20","N WALTON AV",560.00,W,N,A,-,Y,SUT,3,20,-,R,14.980,H,-,E,Y,4,0,3,2,A,-,03,22350,,N,C,C,A,A,H,-,A,D,0,,,,,Y,,A,07,0,0,3,0,0,0,0,0,0,"- ","- ",,,SUTTER,"YUBA CITY",-121.6461181640625,39.141597747802734
8971895,2019,2021-02-04,5102,2019-10-11,1409,4090,4,5,5,4,5102,0,0,0,,0,004,"COLUSA AV","SHASTA ST",0.00,,Y,A,-,Y,SUT,3,20,-,-,16.619,I,5,E,Y,2,0,3,3,A,-,12,21453,A,N,D,C,A,A,H,-,A,A,0,,,,,Y,,A,07,1,1,1,0,0,0,0,0,0,"- ","- ",,,SUTTER,"YUBA CITY",-121.61573028564453,39.141292572021484
8990458,2019,2020-01-13,5102,2019-11-04,1520,4073,5,1,5,4,5102,0,0,0,,0,005,"PERCY AV","MORTON ST",0.00,,Y,A,-,N,,,,,,,,,,Y,4,0,1,2,A,-,09,21802,A,N,D,C,A,A,H,-,A,A,0,,,,,Y,,A,07,0,0,1,0,0,0,0,0,0,"- ","- ",,,SUTTER,"YUBA CITY",-121.61620330810547,39.126808166503906
90004465,2015,2015-10-19,9285,2015-07-06,2145,017080,,1,2,9,5100,0,1,3,,1,010,"SR-70 N/B","KEMPTON ROAD",1056.00,N,N,A,-,Y,,,,,,,,,,N,4,0,1,1,C,-,18,,,N,E,H,A,A,H,-,D,D,0,,,,,Y,,-,"- ",0,0,1,0,0,0,0,0,0,"- ","- ",38.958210000000001,-121.54351,SUTTER,UNINCORPORATED,,
90004534,2015,2015-10-19,9285,2015-07-07,1450,014793,,2,2,9,5100,0,3,5,,1,007,"WEST BUTTE RD","SOUTH BUTTE RD",8448.00,N,N,A,-,N,,,,,,,,,,Y,3,0,1,1,A,-,08,22107,,N,E,I,A,A,H,-,A,D,0,,,,,Y,,A,01,0,1,0,0,0,0,0,0,0,"- ","- ",39.161320000000003,-121.85106,SUTTER,UNINCORPORATED,-121.85143918,39.161163180000003
90006951,2015,2015-10-19,9285,2015-07-25,0045,019144,,6,3,9,5100,0,2,4,,1,052,"SOUTH GEORGE WASHINGTON BLVD","LINCOLN ROAD",528.00,S,N,A,-,N,,,,,,,,,,Y,4,0,1,1,A,-,08,22107,,N,E,I,A,A,H,-,D,D,0,,,,,Y,Y,D,22,0,0,1,0,0,0,0,0,0,"- ","- ",39.109659999999998,-121.67164,SUTTER,UNINCORPORATED,-121.67168894,39.11109012
90009387,2015,2015-10-19,9285,2015-07-12,2232,018632,,7,3,9,5100,0,1,3,,1,051,"STATE ROUTE 99 NORTHBOUND","REED ROAD",701.00,N,N,A,-,Y,,,99,,,,,,N,Y,1,1,0,4,A,-,11,21956,,N,G,B,E,A,H,-,D,D,0,Y,,,,Y,,N,60,0,0,0,1,0,0,0,0,0,"- ","- ",39.085639999999998,-121.63467,SUTTER,UNINCORPORATED,-121.63474468,39.085641529999997
90011043,2015,2015-10-19,9285,2015-08-17,0855,013174,9285,1,1,9,5100,0,3,5,,1,001,"HOWSLEY ROAD","PLEASANT GROVE ROAD",20.00,W,N,A,-,N,,,,,,,,,,Y,4,0,2,2,A,-,03,22350,,N,C,C,A,A,H,-,A,D,0,,,,Y,Y,,F,27,0,0,2,0,0,0,0,0,0,"- ","- ",38.823979999999999,-121.48366,SUTTER,UNINCORPORATED,-121.48832021,38.823979559999998
90015559,2015,2015-10-19,9285,2015-09-03,0210,019144,,4,3,9,5100,0,1,3,,1,011,"S/R-99 S/B","SANKEY ROAD",7920.00,N,N,A,-,Y,,,,,,,,,,Y,4,0,1,2,A,-,07,21658,A,N,C,C,A,A,H,-,D,D,0,,,,Y,Y,,A,01,0,0,1,0,0,0,0,0,0,"- ","- ",38.801169999999999,-121.54387,SUTTER,UNINCORPORATED,,
90019636,2015,2015-10-19,9285,2015-09-17,1230,017118,,4,1,9,5100,0,1,3,,1,071,"SR-99 N/B","LIVE OAK BLVD",196.00,N,N,A,-,Y,,,99,,,,,,N,N,4,0,1,2,A,-,03,22350,,N,C,C,A,A,H,-,A,D,0,,,,,Y,,A,01,0,0,1,0,0,0,0,0,0,"- ","- ",39.218409999999999,-121.64126,SUTTER,UNINCORPORATED,-121.64128848999999,39.218428400000001
90020574,2015,2015-10-19,9285,2015-08-31,1520,013966,,1,2,9,5100,0,3,5,,1,001,"PLEASANT GROVE ROAD","KEYS ROAD",2112.00,S,N,A,-,N,,,,,,,,,,Y,3,0,4,2,A,-,08,22107,,N,C,C,A,A,H,-,A,D,0,,,,,Y,,A,08,0,1,3,0,0,0,0,0,0,"- ","- ",38.790660000000003,-121.48833999999999,SUTTER,UNINCORPORATED,-121.48826,38.788917290000001
90026209,2015,2015-10-19,9285,2015-09-28,1535,013174,9285,1,2,9,5100,0,1,3,,1,011,"SR-99 N/B","POWERLINE RD",0.00,,Y,A,-,Y,,,,,,,,,,Y,4,0,1,2,A,-,09,21802,,N,D,C,A,A,H,-,A,A,0,,,,,Y,,D,22,0,0,1,0,0,0,0,0,0,"- ","- ",,,SUTTER,UNINCORPORATED,,
90034450,2015,2015-10-20,9285,2015-10-14,1700,014793,,3,2,9,5100,0,1,3,,1,071,SR-99,"RIVIERA ROAD",0.00,,Y,A,-,Y,,,99,,,,,,,Y,3,0,2,2,A,-,09,21802,A,N,D,C,A,A,H,-,A,A,0,,,,,Y,,A,01,0,1,1,0,0,0,0,0,0,"- ","- ",39.301749999999998,-121.67125,SUTTER,UNINCORPORATED,-121.67131080999999,39.301725500000003
9004777,2019,2020-02-14,5102,2019-12-03,2215,4027,5,2,5,4,5102,0,0,0,,0,005,"STEPHEN WY","FALLING ROCK CT",32.00,N,N,B,-,N,,,,,,,,,,N,3,0,1,2,A,-,01,23153,F,N,C,E,A,A,H,-,C,D,0,,,,,Y,,D,22,0,1,0,0,0,0,0,0,0,"- ","- ",,,SUTTER,"YUBA CITY",-121.61680603027344,39.092987060546875
9005079,2019,2020-02-18,5102,2019-12-01,1715,4103,1,7,5,4,5102,0,0,0,,0,001,"BUTTE HOUSE RD","HOOPER RD",0.00,,Y,B,-,N,,,,,,,,,,Y,2,0,5,2,A,-,12,22450,A,N,D,C,A,B,H,-,C,A,0,,,,,Y,Y,D,22,3,2,0,0,0,0,0,0,0,"- ","- ",,,SUTTER,"YUBA CITY",-121.66710662841797,39.154548645019531
90058404,2015,2015-11-24,9285,2015-10-31,0340,019144,,6,3,9,5100,0,3,5,,1,007,"ACACIA AVENUE","MARSHALL STREET",1056.00,S,N,A,-,N,,,,,,,,,,Y,4,0,1,1,A,-,08,22107,,M,E,I,A,A,H,-,D,D,0,,,,,Y,,A,01,0,0,1,0,0,0,0,0,0,"- ","- ",39.14866,-121.75386,SUTTER,UNINCORPORATED,-121.75384465,39.152130229999997
90066454,2015,2015-12-07,9285,2015-12-02,2143,018522,,3,2,9,5100,0,3,5,,1,003,"KNIGHTS RD","ENSLEY RD",194.00,N,N,A,-,N,,,,,,,,,,Y,2,0,1,1,A,-,03,22350,,N,E,I,A,A,H,-,D,D,0,,,,,Y,,A,07,1,0,0,0,0,0,0,0,0,"- ","- ",38.807960000000001,-121.71380000000001,SUTTER,UNINCORPORATED,-121.71388804999999,38.807495539999998
9008136,2019,2020-01-06,5102,2019-11-27,1130,4113,3,3,5,4,5102,0,0,0,,0,003,"SUTTER ST","N COLUSA FRONTAGE RD",200.00,N,N,B,-,N,,,,,,,,,,Y,4,0,3,2,A,-,03,22350,,N,C,C,A,A,H,-,A,D,0,,,,,Y,,A,01,0,0,3,0,0,0,0,0,0,"- ","- ",,,SUTTER,"YUBA CITY",-121.61276245117188,39.143817901611328
90083199,2015,2015-12-28,9285,2015-12-13,0625,016343,,7,1,9,5100,0,1,3,,1,072,SR-20,"TOWNSHIP ROAD",0.00,,N,B,-,Y,,,20,,,,,,,Y,3,0,1,2,A,-,01,23152,A,N,B,C,A,B,H,-,D,A,0,,,,,Y,Y,D,22,0,1,0,0,0,0,0,0,0,"- ","- ",39.141159999999999,-121.68873000000001,SUTTER,UNINCORPORATED,-121.68872985,39.141332689999999
90088679,2016,2016-01-05,9285,2016-01-04,1000,017534,,1,1,9,5100,0,1,3,,1,071,"STATE ROUTE 99 SOUTHBOUND","CLARK RD",650.00,S,N,C,-,Y,,,99,,,,,,S,Y,4,0,1,1,A,-,03,22350,,N,F,A,A,A,H,-,A,D,0,,,,,Y,,D,22,0,0,1,0,0,0,0,0,0,"- ","- ",39.23075,-121.64507999999999,SUTTER,UNINCORPORATED,-121.64512839,39.230731679999998
90093761,2016,2016-01-12,9285,2016-01-05,1040,013174,,2,1,9,5100,0,1,3,,1,051,SR-99,"WALNUT AVE",0.00,,Y,B,C,Y,,,99,,,,,,,Y,4,0,1,2,A,-,09,21802,A,N,D,C,A,B,H,-,A,A,0,,,,Y,Y,,A,07,0,0,1,0,0,0,0,0,0,"- ","- ",39.079700000000003,-121.63504,SUTTER,UNINCORPORATED,-121.63494904,39.079699660000003
90113662,2016,2016-02-11,9285,2016-02-02,1527,013174,,2,2,9,5100,0,1,3,,1,011,SR_99,"WILSON AVE",4224.00,N,N,B,-,Y,,,,,,,,,,Y,3,0,1,1,A,-,08,22107,,N,E,I,A,A,H,-,A,D,0,,,,,Y,,A,07,0,1,0,0,0,0,0,0,0,"- ","- ",38.985329999999998,-121.61790999999999,SUTTER,UNINCORPORATED,-121.61751144,38.984909969999997
90118952,2016,2016-02-18,9285,2016-02-13,1330,15048,,6,1,9,5100,0,1,3,,1,010,"SR 70 (NORTHBOUND)","FEATHER RIVER BLVD. (SOUTH)",2112.00,S,N,A,-,Y,,,70,,,,,,,Y,3,0,1,1,C,-,18,,,N,E,J,A,A,H,-,A,D,0,,,,,Y,,-,"- ",0,1,0,0,0,0,0,0,0,"- ","- ",38.971890000000002,-121.54301,SUTTER,UNINCORPORATED,-121.5429989,38.971889879999999
90131081,2016,2016-03-07,9285,2016-03-05,1820,014793,,6,2,9,5100,0,1,3,,1,011,SR-99,"FEATHER RIVER",4224.00,N,N,C,-,Y,,,99,,,,,,,Y,4,0,2,1,A,-,03,22350,,N,E,I,A,B,H,-,D,D,0,,,,,Y,,A,01,0,0,2,0,0,0,0,0,0,"- ","- ",38.908909999999999,-121.59459,SUTTER,UNINCORPORATED,-121.59468794,38.908791370000003
90134074,2016,2016-03-10,9285,2016-03-05,1850,014744,,6,2,9,5100,0,1,3,,1,011,"STATE ROUTE 99","STRIPLIN RD",1056.00,S,N,B,C,Y,,,99,,,,,,,Y,2,0,2,1,A,-,03,22350,,N,F,A,A,B,H,-,D,D,0,,,,,Y,,D,22,1,1,0,0,0,0,0,0,0,"- ","- ",38.861840000000001,-121.55098,SUTTER,UNINCORPORATED,-121.55106357,38.861747919999999