CASE_ID,ACCIDENT_YEAR,PROC_DATE,JURIS,COLLISION_DATE,COLLISION_TIME,OFFICER_ID,REPORTING_DISTRICT,DAY_OF_WEEK,CHP_SHIFT,POPULATION,CNTY_CITY_LOC,SPECIAL_COND,BEAT_TYPE,CHP_BEAT_TYPE,CITY_DIVISION_LAPD,CHP_BEAT_CLASS,BEAT_NUMBER,PRIMARY_RD,SECONDARY_RD,DISTANCE,DIRECTION,INTERSECTION,WEATHER_1,WEATHER_2,STATE_HWY_IND,CALTRANS_COUNTY,CALTRANS_DISTRICT,STATE_ROUTE,ROUTE_SUFFIX,POSTMILE_PREFIX,POSTMILE,LOCATION_TYPE,RAMP_INTERSECTION,SIDE_OF_HWY,TOW_AWAY,COLLISION_SEVERITY,NUMBER_KILLED,NUMBER_INJURED,PARTY_COUNT,PRIMARY_COLL_FACTOR,PCF_CODE_OF_VIOL,PCF_VIOL_CATEGORY,PCF_VIOLATION,PCF_VIOL_SUBSECTION,HIT_AND_RUN,TYPE_OF_COLLISION,MVIW,PED_ACTION,ROAD_SURFACE,ROAD_COND_1,ROAD_COND_2,LIGHTING,CONTROL_DEVICE,CHP_ROAD_TYPE,PEDESTRIAN_ACCIDENT,BICYCLE_ACCIDENT,MOTORCYCLE_ACCIDENT,TRUCK_ACCIDENT,NOT_PRIVATE_PROPERTY,ALCOHOL_INVOLVED,STWD_VEHTYPE_AT_FAULT,CHP_VEHTYPE_AT_FAULT,COUNT_SEVERE_INJ,COUNT_VISIBLE_INJ,COUNT_COMPLAINT_PAIN,COUNT_PED_KILLED,COUNT_PED_INJURED,COUNT_BICYCLIST_KILLED,COUNT_BICYCLIST_INJURED,COUNT_MC_KILLED,COUNT_MC_INJURED,PRIMARY_RAMP,SECONDARY_RAMP,LATITUDE,LONGITUDE,COUNTY,CITY,POINT_X,POINT_Y
8598042,2018,2018-07-31,5102,2018-03-26,1319,4083,3,1,5,4,5102,0,0,0,,0,,"RT 20","SHASTA ST",48.00,,N,A,-,Y,SUT,3,20,-,-,16.630,H,-,W,Y,4,0,1,2,A,-,03,22350,,N,C,C,A,A,H,-,A,A,0,,,,,Y,,D,22,0,0,1,0,0,0,0,0,0,"- ","- ",,,SUTTER,"YUBA CITY",-121.61557006835938,39.141475677490234
8604151,2018,2018-08-20,5102,2018-04-10,1540,4113,4,2,5,4,5102,0,0,0,,0,004,"COLUSA HWY","ROCCA WY",50.00,E,N,A,-,Y,SUT,3,20,-,-,15.730,H,-,W,N,4,0,1,2,A,-,03,22350,,N,C,C,A,A,H,-,A,A,0,,,,,Y,,D,22,0,0,1,0,0,0,0,0,0,"- ","- ",,,SUTTER,"YUBA CITY",-121.63179016113281,39.141887664794922
8606724,2018,2018-05-15,5102,2018-04-25,0651,4073,4,3,5,4,5102,0,0,0,,0,004,"BRIDGE ST","2ND ST",428.00,E,N,A,-,N,,,,,,,,,,Y,4,0,3,4,A,-,03,22350,,N,C,C,A,A,H,-,A,D,0,,,,,Y,,A,07,0,0,3,0,0,0,0,0,0,"- ","- ",,,SUTTER,"YUBA CITY",-121.60759735107422,39.138118743896484
8608558,2018,2018-04-27,5102,2018-04-02,1050,4073,3,1,5,4,5102,0,0,0,,0,003,"CLARK AV","AINSLEY AV",0.00,,Y,A,-,N,,,,,,,,,,Y,4,0,1,2,A,-,09,21801,A,N,A,C,A,A,H,-,A,D,0,,,,,Y,,A,01,0,0,1,0,0,0,0,0,0,"- ","- ",,,SUTTER,"YUBA CITY",-121.6259765625,39.143970489501953
8614907,2018,2018-05-07,5102,2018-04-15,1203,4096,,7,5,4,5102,0,0,0,,0,002,"BUTTE HOUSE RD","THARP RD",200.00,E,N,A,-,N,,,,,,,,,,N,3,0,1,2,A,-,11,21954,A,N,G,J,D,A,H,-,A,D,0,Y,,,,Y,,N,60,0,1,0,0,1,0,0,0,0,"- ","- ",,,SUTTER,"YUBA CITY",-121.64767456054688,39.149093627929688
8615402,2018,2018-05-07,5102,2018-04-23,1321,4083,2,1,5,4,5102,0,0,0,,0,,"STABLER LN","BUTTE HOUSE RD",13.00,N,N,A,-,N,,,,,,,,,,N,4,0,1,4,A,-,03,22350,,N,C,C,A,A,H,-,A,D,0,,,,,Y,,A,07,0,0,1,0,0,0,0,0,0,"- ","- ",,,SUTTER,"YUBA CITY",-121.64396667480469,39.148067474365234
8622701,2018,2018-06-06,5102,2018-05-12,1535,4109,3,6,5,4,5102,0,0,0,,0,003,"QUEENS AV","UPLAND RD",200.00,E,N,A,-,N,,,,,,,,,,N,3,0,1,2,A,-,09,21804,A,N,B,G,A,A,H,-,A,D,0,,Y,,,Y,,A,01,0,1,0,0,0,0,1,0,0,"- ","- ",,,SUTTER,"YUBA CITY",-121.62441253662109,39.151821136474609
8622717,2018,2018-06-06,5102,2018-05-01,0828,4083,5,2,5,4,5102,0,0,0,,0,,"RICHLAND RD","JONES RD",0.00,,Y,A,-,N,,,,,,,,,,Y,4,0,1,2,A,-,12,22450,A,N,D,C,A,A,H,-,A,A,0,,,,,Y,,A,07,0,0,1,0,0,0,0,0,0,"- ","- ",,,SUTTER,"YUBA CITY",-121.62713623046875,39.118179321289062
8623750,2018,2018-05-29,5102,2018-05-03,1204,4073,2,4,5,4,5102,0,0,0,,0,002,"BUTTE HOUSE RD","STABLER LN",441.00,W,N,A,-,N,,,,,,,,,,N,4,0,1,2,A,-,21,22106,,N,D,C,A,A,H,-,A,A,0,,,,,Y,,A,08,0,0,1,0,0,0,0,0,0,"- ","- ",,,SUTTER,"YUBA CITY",-121.64543151855469,39.148441314697266
8630282,2018,2018-06-04,5102,2018-04-23,1615,4073,1,1,5,4,5102,0,0,0,,0,001,"N WALTON AV","ANNEKA LN",0.00,,Y,A,-,N,,,,,,,,,,N,4,0,1,2,A,-,03,22350,,F,C,C,A,A,H,-,A,D,0,,,,,Y,,A,01,0,0,1,0,0,0,0,0,0,"- ","- ",,,SUTTER,"YUBA CITY",-121.64389038085938,39.130668640136719
8632037,2018,2018-08-20,5102,2018-04-29,1505,4107,2,7,5,4,5102,0,0,0,,0,002,"RT 99","FRANKLIN RD",430.00,N,N,A,-,Y,SUT,3,99,-,-,29.740,H,-,S,Y,4,0,3,4,A,-,03,22350,,N,C,C,A,A,H,-,A,A,0,,,,,Y,Y,A,07,0,0,3,0,0,0,0,0,0,"- ","- ",,,SUTTER,"YUBA CITY",-121.63457489013672,39.128314971923828
8632063,2018,2018-08-21,5102,2018-05-11,1750,4106,4,5,5,4,5102,0,0,0,,0,004,"RT 20","STAFFORD WY",12.00,N,N,A,-,Y,SUT,3,20,-,-,15.940,I,5,E,Y,4,0,1,2,A,-,09,21801,A,N,D,C,A,A,H,-,A,D,0,,,,,Y,,A,01,0,0,1,0,0,0,0,0,0,"- ","- ",,,SUTTER,"YUBA CITY",-121.62789916992188,39.141624450683594
8632276,2018,2018-08-21,5102,2018-05-14,1109,4083,2,1,5,4,5102,0,0,0,,0,,"RT 20","STABLER LN",22.00,W,N,A,-,Y,SUT,3,20,-,R,15.070,H,-,W,N,3,0,1,2,A,-,00,21456,3,N,D,G,A,A,H,-,A,A,0,,Y,,,Y,,L,04,0,1,0,0,0,0,1,0,0,"- ","- ",,,SUTTER,"YUBA CITY",-121.64448547363281,39.141773223876953
8634354,2018,2018-06-11,5102,2018-04-30,1318,4058,1,1,5,4,5102,0,0,0,,0,001,"LASSEN BL","THARP RD",0.00,,Y,A,-,N,,,,,,,,,,Y,4,0,1,2,A,-,09,21802,A,N,D,C,A,A,H,-,A,A,0,,,,,Y,,A,07,0,0,1,0,0,0,0,0,0,"- ","- ",39.137939453125,-121.64851379394531,SUTTER,"YUBA CITY",-121.64849853515625,39.137939453125
8634454,2018,2018-06-13,5102,2018-05-23,1518,4077,3,3,5,4,5102,0,0,0,,0,003,"PEASE RD","ONSTOTT FRONTAGE RD",80.00,W,N,A,-,N,,,,,,,,,,N,4,0,1,2,A,-,03,22350,,N,C,C,A,A,H,-,A,D,0,,,,,Y,,A,01,0,0,1,0,0,0,0,0,0,"- ","- ",,,SUTTER,"YUBA CITY",-121.63738250732422,39.170879364013672
8648572,2018,2019-01-30,5102,2018-09-21,2159,4026,4,5,5,4,5102,0,0,0,,0,004,"WILBUR AV","C ST",0.00,,Y,A,-,N,,,,,,,,,,Y,1,1,1,2,A,-,01,23152,A,N,D,C,A,A,H,-,C,A,0,,,,,Y,Y,A,07,0,0,1,0,0,0,0,0,0,"- ","- ",,,SUTTER,"YUBA CITY",-121.61199951171875,39.132949829101562
8648800,2018,2018-08-16,5102,2018-05-29,0823,4103,3,2,5,4,5102,0,0,0,,0,003,"RT 20","MARKET ST",200.00,E,N,A,-,Y,SUT,3,20,-,-,16.990,H,-,W,Y,4,0,1,2,A,-,03,22350,,N,C,C,A,A,H,-,A,D,0,,,,,Y,,A,07,0,0,1,0,0,0,0,0,0,"- ","- ",,,SUTTER,"YUBA CITY",-121.60930633544922,39.143356323242188
8648865,2018,2018-08-16,5102,2018-05-30,1048,4106,3,3,5,4,5102,0,0,0,,0,,"RT 20","COOPER AV",105.00,W,N,A,-,Y,SUT,3,20,-,-,16.150,H,-,W,Y,4,0,2,2,A,-,03,22350,,N,C,C,A,A,H,-,A,A,0,,,,,Y,,A,01,0,0,2,0,0,0,0,0,0,"- ","- ",,,SUTTER,"YUBA CITY",-121.62403869628906,39.141658782958984
8658772,2018,2018-07-16,5102,2018-05-01,0937,2253,97,2,5,4,5102,0,0,0,,0,007,"SOUTH WALTON AV","GREEN VALLEY RD",0.00,,Y,A,-,N,,,,,,,,,,Y,4,0,1,2,A,-,05,21650,,N,B,C,A,A,H,-,A,A,0,,,,,Y,,I,11,0,0,1,0,0,0,0,0,0,"- ","- ",,,SUTTER,"YUBA CITY",-121.64356994628906,39.101158142089844
8661321,2018,2018-07-13,5102,2018-06-21,2207,4087,5,4,5,4,5102,0,0,0,,0,005,"LITTLEJOHN RD","FRANKLIN RD",0.00,,Y,A,-,N,,,,,,,,,,N,3,0,1,2,A,-,09,21804,A,N,D,G,A,A,H,-,C,D,0,,Y,,,Y,,L,04,0,1,0,0,0,0,1,0,0,"- ","- ",,,SUTTER,"YUBA CITY",-121.63919067382812,39.127311706542969
8661431,2018,2018-07-18,5102,2018-07-02,1538,4105,1,1,5,4,5102,0,0,0,,0,001,"FRANKLIN AV","HETHERINGTON CIR",0.00,,Y,A,-,N,,,,,,,,,,Y,3,0,2,2,A,-,08,22107,,N,B,C,A,A,H,-,A,A,0,,,,,Y,,A,01,0,1,1,0,0,0,0,0,0,"- ","- ",,,SUTTER,"YUBA CITY",-121.64591979980469,39.127281188964844
8663272,2018,2018-07-19,5102,2018-04-17,0646,2119,97,2,5,4,5102,0,0,0,,0,007,"PORTOLA VALLEY RD","WEST JOSEPH ST",0.00,,Y,A,-,N,,,,,,,,,,Y,4,0,1,2,A,-,09,21802,A,N,D,C,A,A,H,-,A,A,0,,,,,Y,,A,07,0,0,1,0,0,0,0,0,0,"- ","- ",,,SUTTER,"YUBA CITY",-121.64977264404297,39.109130859375
8664457,2018,2018-07-20,5102,2018-07-05,1039,4083,3,4,5,4,5102,0,0,0,,0,18-018,"GRAY AV","QUEENS AV",0.00,,Y,A,-,N,,,,,,,,,,N,3,0,1,2,A,-,11,21950,B,N,G,B,B,A,H,-,A,A,0,Y,,,,Y,,N,60,0,1,0,0,1,0,0,0,0,"- ","- ",,,SUTTER,"YUBA CITY",-121.63005828857422,39.151828765869141
8665139,2018,2018-10-29,5102,2018-08-19,2115,9005,3,7,5,4,5102,0,0,0,,0,003,"RT 20","CLARK AV",0.00,,Y,A,-,Y,SUT,3,20,-,-,16.060,I,5,W,Y,4,0,1,2,A,-,12,21453,A,N,D,C,A,A,H,-,C,A,0,,,,,Y,,D,22,0,0,1,0,0,0,0,0,0,"- ","- ",,,SUTTER,"YUBA CITY",-121.62569427490234,39.141708374023438
8667199,2018,2018-10-29,5102,2018-07-12,1311,4083,3,4,5,4,5102,0,0,0,,0,,"RT 20","CLARK AV",0.00,,Y,A,-,Y,SUT,3,20,-,-,16.060,I,5,W,Y,4,0,1,2,A,-,12,21453,A,N,D,C,A,A,H,-,A,A,0,,,,,Y,,A,01,0,0,1,0,0,0,0,0,0,"- ","- ",,,SUTTER,"YUBA CITY",-121.62569427490234,39.141708374023438
8685270,2018,2018-09-05,5102,2018-07-25,1944,4094,5,3,5,4,5102,0,0,0,,0,005,"GARDEN HWY","LINCOLN RD",275.00,N,N,A,-,N,,,,,,,,,,Y,4,0,1,2,A,-,01,23153,A,N,C,C,A,A,H,-,A,D,0,,,,,Y,Y,A,01,0,0,1,0,0,0,0,0,0,"- ","- ",,,SUTTER,"YUBA CITY",-121.61748504638672,39.113494873046875
8685278,2018,2018-10-26,5102,2018-08-02,1719,4077,2,4,5,4,5102,0,0,0,,0,002,"RT 99","RT 20",400.00,S,N,A,-,Y,SUT,3,99,-,-,30.540,H,-,N,N,4,0,1,2,A,-,03,22350,,F,C,C,A,A,H,-,A,A,0,,,,,Y,,-,99,0,0,1,0,0,0,0,0,0,"- ","- ",,,SUTTER,"YUBA CITY",-121.63449859619141,39.140586853027344
8692619,2018,2018-09-24,5102,2018-08-18,2317,4093,5,6,5,4,5102,0,0,0,,0,005,"PERCY AV","MOORE AV",50.00,W,N,A,-,N,,,,,,,,,,N,2,0,1,3,A,-,01,23152,F,M,C,E,A,A,H,-,C,D,0,,,,,Y,,A,01,1,0,0,0,0,0,0,0,0,"- ","- ",,,SUTTER,"YUBA CITY",-121.61505889892578,39.125530242919922
8698707,2018,2018-10-26,5102,2018-08-13,0833,4096,,1,5,4,5102,0,0,0,,0,002,"RT 99","RT 20",88.00,N,N,A,-,Y,SUT,3,99,-,T,30.650,H,-,S,N,4,0,2,2,A,-,03,22350,,N,C,C,A,A,H,-,A,A,0,,,,,Y,,A,07,0,0,2,0,0,0,0,0,0,"- ","- ",,,SUTTER,"YUBA CITY",-121.63467407226562,39.142147064208984
8699291,2018,2018-10-15,5102,2018-09-01,1349,4016,2,6,5,4,5102,0,0,0,,0,002,"FRANKLIN RD","LITTLEJOHN RD",450.00,E,N,A,-,N,,,,,,,,,,N,4,0,1,2,A,-,03,22350,,N,C,C,A,A,H,-,A,A,0,,,,,Y,,A,01,0,0,1,0,0,0,0,0,0,"- ","- ",,,SUTTER,"YUBA CITY",-121.63760375976562,39.127311706542969
8699295,2018,2018-10-15,5102,2018-09-08,1720,4104,4,6,5,4,5102,0,0,0,,0,004,"BRIDGE ST","FIPPINS AV",89.00,N,N,A,-,N,,,,,,,,,,N,3,0,1,2,A,-,03,22350,,N,C,C,A,A,H,-,A,D,0,,,,,Y,,A,01,0,1,0,0,0,0,0,0,0,"- ","- ",,,SUTTER,"YUBA CITY",-121.6279296875,39.132270812988281
8708170,2018,2018-10-15,5102,2018-09-15,1819,4115,3,6,5,4,5102,0,0,0,,0,003,"QUEENS AV","LIVE OAK BL",0.00,,Y,A,-,N,,,,,,,,,,Y,4,0,1,2,A,-,09,21806,A,N,D,C,A,A,H,-,A,A,0,,,,,Y,,A,01,0,0,1,0,0,0,0,0,0,"- ","- ",,,SUTTER,"YUBA CITY",-121.62068176269531,39.151809692382812
8709899,2018,2018-12-07,5102,2018-09-08,2119,4109,3,6,5,4,5102,0,0,0,,0,003,"RT 20","LIVE OAK BL",0.00,,Y,A,-,Y,SUT,3,20,-,-,16.300,H,-,E,N,4,0,1,2,A,-,03,22350,,M,C,C,A,A,H,-,A,A,0,,,,,Y,,A,01,0,0,1,0,0,0,0,0,0,"- ","- ",,,SUTTER,"YUBA CITY",-121.62130737304688,39.141330718994141
8709903,2018,2018-12-07,5102,2018-09-23,1610,447,3,7,5,4,5102,0,0,0,,0,003,"RT 20","GRAY AV",0.00,,Y,A,-,Y,SUT,3,20,-,-,15.830,H,-,W,N,3,0,3,3,A,-,04,21703,,N,C,C,A,A,H,-,A,A,0,,,,,Y,,A,07,0,1,2,0,0,0,0,0,0,"- ","- ",,,SUTTER,"YUBA CITY",-121.62993621826172,39.141830444335938
8716260,2018,2018-10-16,5100,2018-05-31,1844,5132,LOCA3,4,5,2,5101,0,0,0,,0,02A,"PENNINGTON RD","RICHARD AV",0.00,,Y,A,-,N,,,,,,,,,,Y,3,0,5,2,A,-,01,23153,A,N,A,-,A,A,H,-,A,D,0,,,,,Y,Y,A,01,0,3,2,0,0,0,0,0,0,"- ","- ",,,SUTTER,"LIVE OAK",-121.672607421875,39.276031494140625
8718922,2018,2019-01-23,5102,2018-10-07,1455,447,3,7,5,4,5102,0,0,0,,0,003,"RT 20","GRAY AV",0.00,,Y,A,-,Y,SUT,3,20,-,-,15.820,H,-,W,Y,4,0,1,2,A,-,04,21703,,N,C,C,A,A,H,-,A,A,0,,,,,Y,,A,07,0,0,1,0,0,0,0,0,0,"- ","- ",,,SUTTER,"YUBA CITY",-121.630126953125,39.141834259033203
8719733,2018,2018-10-23,5102,2018-09-29,1205,4094,1,6,5,4,5102,0,0,0,,0,001,"N WALTON AV","SUNSWEET BL",0.00,,Y,A,-,N,,,,,,,,,,N,4,0,1,2,A,-,05,21650,1,N,D,G,A,A,H,-,A,A,0,,Y,,,Y,,L,04,0,0,1,0,0,0,1,0,0,"- ","- ",,,SUTTER,"YUBA CITY",-121.64391326904297,39.134628295898438
8724852,2018,2019-01-10,5102,2018-10-06,1910,4115,3,6,5,4,5102,0,0,0,,0,003,"LIVE OAK BL","RT 20",178.00,N,N,A,-,Y,SUT,3,20,-,-,16.330,I,6,W,N,2,0,1,2,A,-,11,21956,,N,G,B,D,A,-,-,C,D,0,Y,,,,Y,,N,60,1,0,0,0,1,0,0,0,0,"- ","- ",,,SUTTER,"YUBA CITY",-121.62078094482422,39.141407012939453
8745960,2018,2018-12-13,5102,2018-11-01,1252,4073,4,4,5,4,5102,0,0,0,,0,004,"FRANKLIN AV","PARK AV",0.00,,Y,A,-,N,,,,,,,,,,N,4,0,1,2,D,-,00,,,N,D,C,A,A,H,-,A,A,0,,,,,Y,,-,"- ",0,0,1,0,0,0,0,0,0,"- ","- ",,,SUTTER,"YUBA CITY",-121.62107849121094,39.128089904785156
8746108,2018,2018-12-03,5102,2018-10-15,0531,4091,4,1,5,4,5102,0,0,0,,0,004,"BRIDGE ST","LINDEN ST",0.00,,Y,A,-,N,,,,,,,,,,Y,4,0,1,2,A,-,08,22107,,N,D,C,A,A,H,-,C,D,0,,,,,Y,,A,01,0,0,1,0,0,0,0,0,0,"- ","- ",,,SUTTER,"YUBA CITY",-121.61923980712891,39.133991241455078
8746120,2018,2018-12-03,5102,2018-10-18,1726,4113,4,4,5,4,5102,0,0,0,,0,004,"COLUSA HWY","STAFFORD WY",5.00,N,N,A,-,N,,,,,,,,,,Y,4,0,1,2,A,-,08,22107,,N,B,C,A,A,H,-,A,D,0,,,,,Y,,A,01,0,0,1,0,0,0,0,0,0,"- ","- ",,,SUTTER,"YUBA CITY",-121.62786102294922,39.141616821289062
8760416,2018,2018-12-27,5102,2018-10-11,0411,2253,5100,4,5,4,5102,0,0,0,,0,007,"SOUTH WALTON AV","SMITH RD",0.00,N,N,A,-,N,,,,,,,,,,Y,3,0,1,1,A,-,05,21650,,M,A,I,A,A,H,-,C,D,0,,,,,Y,,A,01,0,1,0,0,0,0,0,0,0,"- ","- ",,,SUTTER,"YUBA CITY",-121.64360046386719,39.101921081542969
8763144,2018,2019-01-02,5102,2018-10-07,0008,9005,1,7,5,4,5102,0,0,0,,0,001,"FRANKLIN RD","WALTON AV",0.00,,Y,A,-,N,,,,,,,,,,Y,4,0,1,2,A,-,01,23153,A,N,D,C,A,A,H,-,C,A,0,,,,,Y,Y,D,22,0,0,1,0,0,0,0,0,0,"- ","- ",,,SUTTER,"YUBA CITY",-121.64389038085938,39.127300262451172
8763148,2018,2019-01-03,5102,2018-11-19,1514,4114,5,1,5,4,5102,0,0,0,,0,005,"GARDEN HWY","TEESDALE RD",28.00,S,N,A,-,N,,,,,,,,,,N,4,0,1,2,A,-,03,22350,,N,C,C,A,A,H,-,A,A,0,,,,,Y,,A,01,0,0,1,0,0,0,0,0,0,"- ","- ",,,SUTTER,"YUBA CITY",-121.61676025390625,39.10748291015625
8763697,2018,2019-01-03,5102,2018-11-20,1036,4073,2,2,5,4,5102,0,0,0,,0,002,"STABLER LN","COATS DR",70.00,S,N,A,-,N,,,,,,,,,,Y,4,0,1,2,A,-,01,23152,F,N,C,E,A,A,H,-,A,D,0,,,,,Y,,A,01,0,0,1,0,0,0,0,0,0,"- ","- ",,,SUTTER,"YUBA CITY",-121.64397430419922,39.154926300048828
8765060,2018,2019-01-29,5100,2018-12-04,1508,5134,5101,2,5,2,5101,0,0,0,,0,02A,"RT 99","KOLA ST",0.00,,Y,A,-,Y,SUT,3,99,-,-,40.450,I,5,S,N,4,0,1,3,A,-,03,22350,,N,C,C,A,A,H,-,A,D,0,,,,,Y,,A,07,0,0,1,0,0,0,0,0,0,"- ","- ",,,SUTTER,"LIVE OAK",-121.66131591796875,39.279079437255859
8765063,2018,2019-01-29,5100,2018-11-13,1814,5132,LOCA2,2,5,2,5101,0,0,0,,0,01A,"PENNINGTON RD","RT 99",0.00,,Y,A,-,Y,SUT,3,99,-,-,40.250,I,5,N,N,4,0,1,2,D,-,00,,,N,G,B,B,A,H,-,B,A,0,Y,,,,Y,,-,"- ",0,0,1,0,1,0,0,0,0,"- ","- ",,,SUTTER,"LIVE OAK",-121.66126251220703,39.276096343994141
8765067,2018,2019-01-29,5100,2018-11-16,1140,5154,LOCA4,5,5,2,5101,0,0,0,,0,01A,"RT 99","COLEMAN AV",860.00,N,N,A,-,Y,SUT,3,99,-,-,39.480,H,-,S,Y,4,0,2,2,A,-,05,21460,A,N,D,C,A,A,H,-,A,D,0,,,,Y,Y,,G,27,0,0,2,0,0,0,0,0,0,"- ","- ",,,SUTTER,"LIVE OAK",-121.6578369140625,39.26519775390625
8765071,2018,2019-01-29,5100,2018-11-19,1155,5134,LOCA2,1,5,2,5101,0,0,0,,0,02A,"RT 99","IVY ST",500.00,N,N,A,-,Y,SUT,3,99,-,-,40.420,H,-,S,N,4,0,3,2,A,-,03,22350,,N,C,C,A,A,H,-,A,D,0,,,,,Y,,A,01,0,0,3,0,0,0,0,0,0,"- ","- ",,,SUTTER,"LIVE OAK",-121.66130828857422,39.278564453125
8766030,2018,2019-01-29,5102,2018-12-15,2237,4117,4,6,5,4,5102,0,0,0,,0,004,"GARDEN HWY","FRANKLIN AV",219.00,N,N,E,-,N,,,,,,,,,,Y,4,0,1,1,A,-,03,22350,,N,B,I,A,A,H,-,C,D,0,,,,,Y,,D,22,0,0,1,0,0,0,0,0,0,"- ","- ",,,SUTTER,"YUBA CITY",-121.60580444335938,39.130840301513672
8766481,2018,2019-01-08,5102,2018-12-10,0757,4073,1,1,5,4,5102,0,0,0,,0,001,"FRANKLIN RD","HETHERINGTON CIR",0.00,,Y,A,-,N,,,,,,,,,,N,4,0,2,2,A,-,05,21460,C,N,D,C,A,A,H,-,A,D,0,,,,,Y,,A,01,0,0,2,0,0,0,0,0,0,"- ","- ",,,SUTTER,"YUBA CITY",-121.64591979980469,39.127281188964844
8768101,2018,2019-01-29,5102,2018-11-16,1442,4090,1,5,5,4,5102,0,0,0,,0,5102,"RT 20","HARTER PKWY",0.00,,Y,F,-,Y,SUT,3,20,-,-,14.470,I,5,W,Y,3,0,2,2,A,-,12,21453,A,N,D,C,A,A,H,-,A,A,0,,,,,Y,,A,01,0,1,1,0,0,0,0,0,0,"- ","- ",,,SUTTER,"YUBA CITY",-121.65560150146484,39.141559600830078
8788305,2018,2019-01-28,5102,2018-12-24,0348,4107,3,1,5,4,5102,0,0,0,,0,003,"PEASE RD","GRAY AV",75.00,E,N,C,-,N,,,,,,,,,,Y,4,0,1,1,A,-,03,22350,,N,E,I,A,B,H,-,D,D,0,,,,,Y,,-,,0,0,1,0,0,0,0,0,0,"- ","- ",,,SUTTER,"YUBA CITY",-121.62997436523438,39.170848846435547
8788309,2018,2019-01-28,5102,2018-12-24,1302,9015,2,1,5,4,5102,0,0,0,,0,002,"THARP RD","RT 20",300.00,N,N,B,-,N,,,,,,,,,,Y,4,0,1,3,A,-,09,21803,A,F,D,C,A,B,H,-,A,D,0,,,,,Y,,A,01,0,0,1,0,0,0,0,0,0,"- ","- ",,,SUTTER,"YUBA CITY",-121.64849853515625,39.142414093017578
8791092,2019,2019-05-13,5102,2019-01-01,1606,9015,2,2,5,4,5102,0,0,0,,0,002,"RT 20","CIVIC CENTER BL",300.00,W,N,A,-,Y,SUT,3,20,-,R,15.290,H,-,E,Y,4,0,1,2,A,-,08,22107,,N,D,C,A,A,H,-,A,D,0,,,,,Y,,D,22,0,0,1,0,0,0,0,0,0,"- ","- ",,,SUTTER,"YUBA CITY",-121.640380859375,39.141742706298828
8791620,2019,2019-02-08,5102,2019-01-19,2253,4106,5,6,5,4,5102,0,0,0,,0,,"GARDEN HWY","SHANGHAI BEND RD",50.00,S,N,A,-,N,,,,,,,,,,Y,4,0,1,3,A,-,01,23152,B,F,C,C,A,A,H,-,C,A,0,,,,,Y,Y,A,01,0,0,1,0,0,0,0,0,0,"- ","- ",,,SUTTER,"YUBA CITY",-121.61159515380859,39.094963073730469
8795759,2019,2019-02-15,5102,2019-01-20,0745,1091,3,7,5,4,5102,0,0,0,,0,003,"NORTHGATE BL","GREENGATE ST",330.00,E,N,A,-,N,,,,,,,,,,Y,4,0,1,3,A,-,01,23152,A,N,A,E,A,A,H,-,C,D,0,,,,,Y,Y,A,01,0,0,1,0,0,0,0,0,0,"- ","- ",,,SUTTER,"YUBA CITY",-121.62808227539062,39.159599304199219
8796575,2018,2019-03-06,5102,2018-12-21,1708,4077,2,5,5,4,5102,0,0,0,,0,002,"WALTON AV","FRANKLIN RD",450.00,N,N,B,-,N,,,,,,,,,,Y,4,0,1,2,A,-,03,22350,,N,C,C,A,B,H,-,C,D,0,,,,,Y,,A,01,0,0,1,0,0,0,0,0,0,"- ","- ",,,SUTTER,"YUBA CITY",-121.64389038085938,39.128536224365234
8800193,2019,2019-02-13,5102,2019-01-13,1530,4096,5,7,5,4,5102,0,0,0,,0,,"MORTON ST","WESTERN AV",129.00,E,N,A,-,N,,,,,,,,,,N,3,0,1,2,C,-,18,,,N,E,G,A,A,H,-,A,D,0,,Y,,,Y,,-,"- ",0,1,0,0,0,0,1,0,0,"- ","- ",,,SUTTER,"YUBA CITY",-121.61873626708984,39.126171112060547
8810822,2019,2019-03-15,5102,2019-02-18,1040,4016,1,1,5,4,5102,0,0,0,,0,001,"TOWNSHIP RD","MONROE DR",150.00,N,N,A,-,N,,,,,,,,,,Y,4,0,1,2,A,-,09,21802,A,N,E,I,A,A,H,-,A,D,0,,,,,Y,,A,01,0,0,1,0,0,0,0,0,0,"- ","- ",,,SUTTER,"YUBA CITY",-121.6888427734375,39.145061492919922
8810826,2019,2019-03-15,5102,2019-02-23,1544,4061,4,6,5,4,5102,0,0,0,,0,004,"FORBES AV","OLIVE ST",0.00,,Y,B,-,N,,,,,,,,,,Y,4,0,1,2,A,-,09,21802,A,N,D,C,A,A,H,-,A,D,0,,,,,Y,,D,22,0,0,1,0,0,0,0,0,0,"- ","- ",,,SUTTER,"YUBA CITY",-121.62127685546875,39.137729644775391
8819589,2019,2019-05-13,5102,2019-02-22,0957,4105,3,5,5,4,5102,0,0,0,,0,003,"RT 20","STAFFORD WY",0.00,,Y,A,-,Y,SUT,3,20,-,-,15.940,I,5,W,Y,4,0,1,2,A,-,08,22107,,N,D,C,A,A,H,-,A,D,0,,,,,Y,,A,07,0,0,1,0,0,0,0,0,0,"- ","- ",,,SUTTER,"YUBA CITY",-121.62789916992188,39.141765594482422
8822330,2019,2019-05-31,5102,2019-03-02,1957,4109,3,6,5,4,5102,0,0,0,,0,003,"RT 20","ROCCA AV",0.00,,Y,B,-,Y,SUT,3,20,-,-,15.720,I,5,W,N,3,0,1,2,A,-,12,21453,A,N,B,C,A,A,H,-,C,A,0,,,,,Y,,A,01,0,1,0,0,0,0,0,0,0,"- ","- ",,,SUTTER,"YUBA CITY",-121.63197326660156,39.141891479492188
8826159,2018,2019-06-10,5100,2018-12-14,1646,2537,LOCA2,5,5,2,5101,0,0,0,,0,02B,"RT 99","RAMSDELL DR",221.00,S,N,B,C,Y,SUT,3,99,-,-,40.770,H,-,S,N,4,0,1,3,A,-,03,22350,,N,A,D,A,B,H,-,C,D,0,,,,,Y,,A,01,0,0,1,0,0,0,0,0,0,"- ","- ",,,SUTTER,"LIVE OAK",-121.66159057617188,39.283679962158203