CASE_ID,ACCIDENT_YEAR,PROC_DATE,JURIS,COLLISION_DATE,COLLISION_TIME,OFFICER_ID,REPORTING_DISTRICT,DAY_OF_WEEK,CHP_SHIFT,POPULATION,CNTY_CITY_LOC,SPECIAL_COND,BEAT_TYPE,CHP_BEAT_TYPE,CITY_DIVISION_LAPD,CHP_BEAT_CLASS,BEAT_NUMBER,PRIMARY_RD,SECONDARY_RD,DISTANCE,DIRECTION,INTERSECTION,WEATHER_1,WEATHER_2,STATE_HWY_IND,CALTRANS_COUNTY,CALTRANS_DISTRICT,STATE_ROUTE,ROUTE_SUFFIX,POSTMILE_PREFIX,POSTMILE,LOCATION_TYPE,RAMP_INTERSECTION,SIDE_OF_HWY,TOW_AWAY,COLLISION_SEVERITY,NUMBER_KILLED,NUMBER_INJURED,PARTY_COUNT,PRIMARY_COLL_FACTOR,PCF_CODE_OF_VIOL,PCF_VIOL_CATEGORY,PCF_VIOLATION,PCF_VIOL_SUBSECTION,HIT_AND_RUN,TYPE_OF_COLLISION,MVIW,PED_ACTION,ROAD_SURFACE,ROAD_COND_1,ROAD_COND_2,LIGHTING,CONTROL_DEVICE,CHP_ROAD_TYPE,PEDESTRIAN_ACCIDENT,BICYCLE_ACCIDENT,MOTORCYCLE_ACCIDENT,TRUCK_ACCIDENT,NOT_PRIVATE_PROPERTY,ALCOHOL_INVOLVED,STWD_VEHTYPE_AT_FAULT,CHP_VEHTYPE_AT_FAULT,COUNT_SEVERE_INJ,COUNT_VISIBLE_INJ,COUNT_COMPLAINT_PAIN,COUNT_PED_KILLED,COUNT_PED_INJURED,COUNT_BICYCLIST_KILLED,COUNT_BICYCLIST_INJURED,COUNT_MC_KILLED,COUNT_MC_INJURED,PRIMARY_RAMP,SECONDARY_RAMP,LATITUDE,LONGITUDE,COUNTY,CITY,POINT_X,POINT_Y
9165494,2020,2020-10-16,5102,2020-09-14,0657,4121,1,1,5,4,5102,0,0,0,,0,,"FRANKLIN RD","WALTON AV",0.00,,Y,A,-,N,,,,,,,,,,Y,4,0,1,2,A,-,12,21453,A,N,D,C,A,A,H,-,A,A,0,,,,,Y,,-,,0,0,1,0,0,0,0,0,0,"- ","- ",,,SUTTER,"YUBA CITY",-121.64389038085938,39.127300262451172
91656622,2021,2021-12-20,9285,2021-12-13,0927,018632,,1,1,9,5100,0,1,3,,1,071,SR-99,"ENCINAL ROAD",250.00,N,N,C,-,Y,,,99,,,,,,,Y,4,0,2,1,A,-,03,22350,,N,F,I,A,B,H,-,A,D,0,,,,Y,Y,,F,26,0,0,2,0,0,0,0,0,0,"- ","- ",39.218788146972656,-121.64129638671875,SUTTER,UNINCORPORATED,-121.64114379882812,39.218742370605469
9165854,2020,2020-11-16,5102,2020-09-14,1155,4073,2,1,5,4,5102,0,0,0,,0,002,"W ONSTOTT FRONTAGE RD","ANNETTE WY",260.00,N,N,A,-,N,,,,,,,,,,N,4,0,1,2,A,-,21,22106,,N,C,C,A,A,H,-,A,D,0,,,,,Y,,I,11,0,0,1,0,0,0,0,0,0,"- ","- ",,,SUTTER,"YUBA CITY",-121.63491821289062,39.137474060058594
9166140,2020,2020-11-30,5102,2020-09-09,1032,4126,4,3,5,4,5102,0,0,0,,0,,"BRIDGE ST","SHASTA ST",936.00,E,N,B,-,N,,,,,,,,,,Y,4,0,1,2,A,-,08,22107,,N,B,C,A,A,H,-,A,D,0,,,,,Y,,A,07,0,0,1,0,0,0,0,0,0,"- ","- ",,,SUTTER,"YUBA CITY",-121.61066436767578,39.137016296386719
91665799,2021,2021-12-29,9285,2021-12-17,1645,015976,,5,2,9,5100,0,3,5,,1,005,"LINCOLN RD","MEADOW AVE",74.00,W,N,B,-,N,,,,,,,,,,Y,4,0,1,3,A,-,03,22350,,N,C,C,A,A,H,-,B,D,0,,,,,Y,,D,22,0,0,1,0,0,0,0,0,0,"- ","- ",39.112819671630859,-121.63346862792969,SUTTER,UNINCORPORATED,-121.63352966308594,39.112751007080078
91672253,2021,2022-01-06,9285,2021-12-30,1727,018291,,4,2,9,5100,0,3,5,,1,005,"BOGUE RD.",SR-99,790.00,W,N,B,-,N,,,,,,,,,,N,3,0,1,2,A,-,11,21956,A,N,G,B,E,A,H,-,D,D,0,Y,,,,Y,,N,60,0,1,0,0,1,0,0,0,0,"- ","- ",39.098209381103516,-121.63739776611328,SUTTER,UNINCORPORATED,-121.63728332519531,39.098289489746094
91676488,2022,2022-01-12,9285,2022-01-05,0605,018291,,3,1,9,5100,0,1,3,,1,051,"SR-99 N/B","BOGUE RD.",50.00,N,N,E,-,Y,SUT,,99,,,27.635,H,,R,Y,3,0,3,3,A,-,03,22350,,N,D,C,A,B,H,-,C,A,0,,,,,Y,,A,01,0,3,0,0,0,0,0,0,0,"- ","- ",39.098091125488281,-121.63446807861328,SUTTER,UNINCORPORATED,-121.63442993164062,39.098091125488281
91684031,2022,2022-01-24,9285,2022-01-23,1220,019085,,7,1,9,5100,0,3,5,,1,007,"ACACIA AVE","NELSON ST",0.00,,Y,A,-,N,,,,,,,,,,Y,4,0,1,2,A,-,09,21801,A,N,D,C,A,A,H,-,A,A,0,,,,,Y,,A,01,0,0,1,0,0,0,0,0,0,"- ","- ",39.159961700439453,-121.75373840332031,SUTTER,UNINCORPORATED,-121.75370788574219,39.15997314453125
91684918,2021,2022-01-25,9285,2021-12-24,2240,020119,,5,3,9,5100,0,1,3,,1,051,SR-99,"BARRY RD.",0.00,,Y,B,-,Y,,,99,,,,,,,Y,3,0,3,2,A,-,12,21453,A,N,D,C,A,A,H,-,C,A,0,,,,,Y,,A,01,0,2,1,0,0,0,0,0,0,"- ","- ",39.076271057128906,-121.63480377197266,SUTTER,UNINCORPORATED,-121.63483428955078,39.076271057128906
91693666,2022,2022-02-04,9285,2022-01-20,0645,015976,,4,1,9,5100,0,1,3,,1,011,SR-99,"CENTRAL AVE",125.00,N,N,B,-,Y,SUT,,99,,,16.887,H,,R,Y,3,0,1,1,A,-,08,22107,,N,F,A,A,A,H,-,C,D,0,,,,,Y,,A,01,0,1,0,0,0,0,0,0,0,"- ","- ",38.962818145751953,-121.60675048828125,SUTTER,UNINCORPORATED,-121.60672760009766,38.962818145751953
91693698,2022,2022-02-04,9285,2022-01-24,1011,015976,,1,1,9,5100,0,3,5,,1,007,"WEST BUTTE RD.","PASS RD",528.00,S,N,A,-,N,,,,,,,,,,Y,3,0,1,1,A,-,08,22107,,N,E,I,A,A,H,-,A,D,0,,,,,Y,,A,01,0,1,0,0,0,0,0,0,0,"- ","- ",39.184459686279297,-121.87822723388672,SUTTER,UNINCORPORATED,-121.88835906982422,39.186809539794922
91696139,2022,2022-02-08,9285,2022-02-05,1005,018475,,6,1,9,5100,0,3,5,,1,001,"WHEATLAND RD","FORTY MILE RD",1630.00,E,N,A,-,N,,,,,,,,,,Y,4,0,1,1,A,-,08,22107,,N,F,A,A,A,H,-,A,D,0,,,Y,,Y,,C,02,0,0,1,0,0,0,0,0,1,"- ","- ",38.992950439453125,-121.48312377929688,SUTTER,UNINCORPORATED,-121.48396301269531,38.992733001708984
9169804,2022,2022-07-06,5102,2022-05-14,0322,4123,4,6,5,4,5102,0,0,0,,0,004,"RT 99","COLUSA AV",35.00,E,N,A,-,Y,SUT,3,99,-,T,30.650,H,-,S,N,3,0,2,2,A,-,03,22350,,N,C,C,A,-,H,-,C,A,0,,,,,Y,,A,01,0,1,1,0,0,0,0,0,0,"- ","- ",,,SUTTER,"YUBA CITY",-121.63467407226562,39.14215087890625
9169873,2020,2021-01-11,5102,2020-09-27,1956,4027,5,7,5,4,5102,0,0,0,,0,005,"LINCOLN RD","EASTCREST CT",51.00,W,N,A,-,N,,,,,,,,,,Y,4,0,3,2,A,-,01,23152,A,N,B,C,A,A,H,-,C,D,0,,,,,Y,Y,A,07,0,0,3,0,0,0,0,0,0,"- ","- ",,,SUTTER,"YUBA CITY",-121.62081909179688,39.112648010253906
91703196,2022,2022-02-17,9285,2022-02-11,1220,017382,,5,1,9,5100,0,3,5,,1,007,"PENNINGTON RD","KREHE RD",6600.00,W,N,A,-,N,,,,,,,,,,Y,2,0,1,1,A,-,08,22107,,N,E,J,A,A,H,-,A,D,0,,,,,Y,,D,22,1,0,0,0,0,0,0,0,0,"- ","- ",39.275440216064453,-121.74951934814453,SUTTER,UNINCORPORATED,-121.74822998046875,39.275482177734375
91710031,2022,2022-02-25,9285,2022-02-14,1735,016343,,1,2,9,5100,0,1,3,,1,071,SR-99,"LIVE OAK BLVD",3168.00,S,N,B,-,Y,SUT,,99,,T,35.249,H,,R,N,4,0,1,2,A,-,03,22350,,N,C,C,A,A,H,-,A,D,0,,,,,Y,,A,01,0,0,1,0,0,0,0,0,0,"- ","- ",39.20928955078125,-121.63809204101562,SUTTER,UNINCORPORATED,-121.63809967041016,39.20928955078125
91710864,2022,2022-02-28,9285,2022-02-19,2240,020070,,6,3,9,5100,0,1,3,,2,031,SR-113,"CRANMORE RD",450.00,S,N,A,-,Y,SUT,,113,,,0.007,H,,R,Y,3,0,1,2,A,-,01,23152,A,N,B,C,A,A,H,-,C,D,0,,,,,Y,Y,A,01,0,1,0,0,0,0,0,0,0,"- ","- ",38.802459716796875,-121.71994781494141,SUTTER,UNINCORPORATED,-121.71998596191406,38.802455902099609
91713060,2022,2022-03-02,9285,2022-02-17,1710,016343,,4,2,9,5100,0,3,5,,1,007,"EAGER ROAD","TIERRA BUENA ROAD",0.00,,Y,A,-,N,,,,,,,,,,N,2,0,1,1,A,-,01,23152,A,N,E,I,A,A,H,-,A,D,0,,,,,Y,Y,A,01,1,0,0,0,0,0,0,0,0,"- ","- ",39.189308166503906,-121.66229248046875,SUTTER,UNINCORPORATED,-121.66213989257812,39.18939208984375
91718785,2022,2022-10-27,9285,2022-01-16,0153,021012,,7,3,9,5100,0,2,4,,1,052,SR-99,"GARDEN HIGHWAY",1439.00,S,N,E,-,Y,SUT,,99,,,11.725,H,,R,Y,1,1,1,2,A,-,01,23152,A,N,A,C,A,A,H,-,D,D,0,,,,,Y,Y,D,22,1,0,0,0,0,0,0,0,0,"- ","- ",38.895908355712891,-121.58100128173828,SUTTER,UNINCORPORATED,-121.58098602294922,38.895919799804688
91736011,2022,2022-03-29,9285,2022-03-21,0131,021012,,1,3,9,5100,0,1,3,,1,072,SR-20,"TOWNSHIP RD",28.00,W,N,A,-,Y,SUT,,20,,,12.663,H,,R,Y,3,0,1,1,A,-,01,23152,G,N,E,I,A,A,H,-,C,D,0,,,,,Y,,A,01,0,1,0,0,0,0,0,0,0,"- ","- ",39.141410827636719,-121.68910217285156,SUTTER,UNINCORPORATED,-121.68910217285156,39.141300201416016
91738878,2022,2022-04-01,9285,2022-03-22,1535,018475,,2,2,9,5100,0,3,5,,1,001,"PLEASANT GROVE RD","ELORDUY LN",1510.00,S,N,A,-,N,,,,,,,,,,Y,3,0,1,1,A,-,01,23152,A,N,E,I,A,A,H,-,A,D,0,,,,,Y,Y,D,22,0,1,0,0,0,0,0,0,0,"- ","- ",38.763370513916016,-121.48825073242188,SUTTER,UNINCORPORATED,-121.48831176757812,38.763504028320312
91740444,2022,2022-04-04,9285,2022-03-26,1830,018986,,6,2,9,5100,0,1,3,,1,051,"SR-99 N/B","BOGUE ROAD",742.00,S,N,A,-,Y,SUT,,99,,,27.506,H,,R,Y,4,0,1,2,A,-,03,22350,,N,C,C,A,A,H,-,A,D,0,,,,,Y,,A,01,0,0,1,0,0,0,0,0,0,"- ","- ",39.096229553222656,-121.63448333740234,SUTTER,UNINCORPORATED,-121.63446807861328,39.096229553222656
91741568,2022,2022-04-05,9285,2022-04-01,1215,016052,,5,1,9,5100,0,3,5,,1,007,"LARKIN ROAD","SANDERS ROAD",0.00,,Y,A,-,N,,,,,,,,,,Y,3,0,1,2,A,-,09,21802,A,N,D,C,A,A,H,-,A,A,0,,,,,Y,,D,22,0,1,0,0,0,0,0,0,0,"- ","- ",39.20391845703125,-121.65992736816406,SUTTER,UNINCORPORATED,-121.65988922119141,39.203891754150391
91743286,2022,2022-04-07,9285,2022-04-02,0755,016052,,6,1,9,5100,0,1,3,,1,060,SR-99,"WILSON ROAD",25.00,S,N,A,-,Y,SUT,,99,,R,17.476,H,,R,Y,3,0,1,2,A,-,01,23152,E,N,C,C,A,A,H,-,A,D,0,,,,Y,Y,,A,01,0,1,0,0,0,0,0,0,0,"- ","- ",38.974708557128906,-121.60964965820312,SUTTER,UNINCORPORATED,-121.60962677001953,38.974720001220703
91753584,2022,2022-04-21,9285,2022-04-11,1100,015976,,1,1,9,5100,0,1,3,,1,011,SR-99,"WILSON RD",0.00,,Y,B,G,Y,SUT,,99,,R,17.491,H,,R,Y,2,0,2,2,A,-,12,21453,A,N,D,C,A,A,H,-,A,A,0,,,,Y,Y,,G,27,1,1,0,0,0,0,0,0,0,"- ","- ",38.974891662597656,-121.61000061035156,SUTTER,UNINCORPORATED,-121.60981750488281,38.974971771240234
91758699,2022,2022-04-28,9285,2022-04-22,1920,016343,,5,2,9,5100,0,1,3,,1,071,SR-99,"PASEO ROAD",0.00,,Y,A,-,Y,SUT,,99,,,38.399,H,,R,N,3,0,1,2,A,-,09,21801,A,N,D,C,A,A,H,-,A,A,0,,,,,Y,,A,01,0,1,0,0,0,0,0,0,0,"- ","- ",39.250259399414062,-121.65235137939453,SUTTER,UNINCORPORATED,-121.65234375,39.250259399414062
91771808,2022,2022-05-13,9285,2022-05-07,1755,020096,,6,2,9,5100,0,3,5,,1,005,"VERNON AVE","ARDEN AVE",54.00,W,N,A,-,N,,,,,,,,,,N,2,0,1,2,B,-,22,,,N,B,E,A,A,H,-,A,D,0,,Y,,,Y,,L,04,1,0,0,0,0,0,1,0,0,"- ","- ",39.124969482421875,-121.63558197021484,SUTTER,UNINCORPORATED,-121.63558959960938,39.124919891357422
9177262,2020,2020-12-07,5102,2020-10-04,1247,4116,3,7,5,4,5102,0,0,0,,0,003,"RT 20","ORANGE ST",0.00,,Y,A,-,Y,SUT,3,20,-,-,16.230,I,5,W,Y,3,0,1,3,A,-,08,22107,,N,C,C,A,A,H,-,A,D,0,,,,,Y,,A,01,0,1,0,0,0,0,0,0,0,"- ","- ",,,SUTTER,"YUBA CITY",-121.62258148193359,39.141574859619141
9177270,2020,2021-01-14,5102,2020-10-13,1755,4027,2,2,5,4,5102,0,0,0,,0,002,"QUEENS AV","RT 99",15.00,W,N,A,-,Y,SUT,3,99,-,R,31.151,R,4,N,N,3,0,2,3,A,-,03,22350,,N,C,C,A,A,H,-,A,A,0,,,,,Y,,D,22,0,2,0,0,0,0,0,0,0,"- ","- ",,,SUTTER,"YUBA CITY",-121.63529205322266,39.149318695068359
9177846,2020,2021-01-12,5102,2020-10-14,0842,4073,4,3,5,4,5102,0,0,0,,0,004,"FRANKLIN AV","GRAY AV",0.00,,Y,A,-,N,,,,,,,,,,N,4,0,1,2,A,-,12,21453,A,N,D,C,A,A,D,E,A,A,0,,,,,Y,,A,07,0,0,1,0,0,0,0,0,0,"- ","- ",,,SUTTER,"YUBA CITY",-121.62979888916016,39.127250671386719
91781500,2022,2022-05-26,9285,2022-05-14,1525,019223,,6,2,9,5100,0,2,4,,1,052,"S GEORGE WASHINGTON BLVD","HUTCHINSON RD",2121.00,N,N,A,-,N,,,,,,,,,,Y,4,0,3,1,A,-,08,22107,,N,E,I,A,A,H,-,A,D,0,,,,,Y,,A,08,0,0,3,0,0,0,0,0,0,"- ","- ",39.045761108398438,-121.6719970703125,SUTTER,UNINCORPORATED,-121.67193603515625,39.045745849609375
91796855,2022,2022-06-16,9285,2022-06-04,2500,016052,,6,4,9,5100,0,3,5,,1,003,"RECLAMATION ROAD","EVERGLADE ROAD",4880.00,S,N,A,-,N,,,,,,,,,,Y,1,1,0,1,A,-,08,22107,,N,F,A,A,A,H,-,D,D,0,,,,,Y,,A,07,0,0,0,0,0,0,0,0,0,"- ","- ",38.968971252441406,-121.762451171875,SUTTER,UNINCORPORATED,-121.76255035400391,38.969188690185547
9180218,2020,2020-12-02,5102,2020-11-04,2111,4123,2,3,5,4,5102,0,0,0,,0,002,"RT 99","RT 20",0.00,,Y,A,-,Y,SUT,3,20,-,-,15.573,I,5,E,Y,4,0,1,2,A,-,12,21453,A,N,D,C,A,A,H,-,C,A,0,,,,,Y,,A,01,0,0,1,0,0,0,0,0,0,"- ","- ",,,SUTTER,"YUBA CITY",-121.63467407226562,39.141799926757812
91809579,2022,2022-07-04,9285,2022-06-23,1720,016343,,4,2,9,5100,0,1,3,,1,051,SR-99,"LINCOLN ROAD",30.00,S,N,A,-,Y,SUT,,99,,,28.663,H,,R,N,3,0,1,2,A,-,03,22350,,N,C,C,A,A,H,-,A,A,0,,,,,Y,,D,22,0,1,0,0,0,0,0,0,0,"- ","- ",39.112678527832031,-121.63459777832031,SUTTER,UNINCORPORATED,-121.63462066650391,39.112678527832031
91811171,2022,2022-07-06,9285,2022-06-25,0724,016052,,6,1,9,5100,0,3,5,,1,001,"POWERLINE ROAD","RIEGO ROAD",2466.00,S,N,A,-,N,,,,,,,,,,Y,1,1,0,1,A,-,08,22107,,N,E,I,A,A,H,-,A,D,0,,,,,Y,,A,01,0,0,0,0,0,0,0,0,0,"- ","- ",38.742820739746094,-121.57682800292969,SUTTER,UNINCORPORATED,-121.57682800292969,38.742866516113281
91819979,2022,2022-07-19,9285,2022-07-08,1825,016343,,5,2,9,5100,0,1,3,,1,051,SR-99,"BARRY ROAD",40.00,S,N,A,-,Y,SUT,,99,,,26.106,H,,R,Y,3,0,5,2,A,-,03,22350,,N,C,C,A,A,H,-,A,A,0,,,,Y,Y,,G,25,0,4,1,0,0,0,0,0,0,"- ","- ",39.076091766357422,-121.63484191894531,SUTTER,UNINCORPORATED,-121.63483428955078,39.076091766357422
9182179,2020,2020-12-07,5102,2020-10-15,0520,4076,4,4,5,4,5102,0,0,0,,0,004,"BRIDGE ST","HAWTHORNE ST",0.00,,Y,A,-,N,,,,,,,,,,Y,2,0,2,2,A,-,08,22107,,N,D,C,A,A,H,-,C,D,0,,,,,Y,,A,08,2,0,0,0,0,0,0,0,0,"- ","- ",,,SUTTER,"YUBA CITY",-121.62026977539062,39.133640289306641
9182180,2020,2020-12-07,5102,2020-10-20,1329,4105,3,2,5,4,5102,0,0,0,,0,003,"PLUMAS ST","DEL NORTE AV",0.00,,Y,A,-,N,,,,,,,,,,Y,3,0,1,2,A,-,12,22450,A,N,D,C,A,A,H,-,A,A,0,,,,,Y,,A,01,0,1,0,0,0,0,0,0,0,"- ","- ",,,SUTTER,"YUBA CITY",-121.61763000488281,39.144359588623047
91822000,2022,2022-07-21,9285,2022-07-18,1528,019168,,1,2,9,5100,0,1,3,,1,051,SR-99,"OSWALD RD",680.00,S,N,A,-,Y,SUT,,99,,,25.499,H,,R,N,4,0,1,2,A,-,09,21804,A,N,D,C,A,A,H,-,A,D,0,,,,Y,Y,,G,25,0,0,1,0,0,0,0,0,0,"- ","- ",39.067188262939453,-121.63345336914062,SUTTER,UNINCORPORATED,-121.63339996337891,39.067188262939453
91824127,2022,2022-07-25,9285,2022-07-23,2154,022125,,6,2,9,5100,0,1,3,,1,051,SR-99,"MESSICK RD",15312.00,S,N,A,-,Y,SUT,,99,,,24.164,H,,R,Y,4,0,2,2,A,-,01,23152,A,F,C,C,A,A,H,-,D,D,0,,,,,Y,,A,01,0,0,2,0,0,0,0,0,0,"- ","- ",39.047710418701172,-121.63346099853516,SUTTER,UNINCORPORATED,-121.63335418701172,39.047710418701172
91848398,2022,2022-08-25,9285,2022-08-14,2230,021025,,7,3,9,5100,0,1,3,,1,072,SR-20,"WOOD RD",50.00,E,N,A,-,Y,SUT,,20,,R,1.156,H,,R,Y,3,0,1,1,A,-,08,22107,,N,E,I,A,A,H,-,D,D,0,,,,,Y,Y,D,22,0,1,0,0,0,0,0,0,0,"- ","- ",39.143379211425781,-121.89675140380859,SUTTER,UNINCORPORATED,-121.89675140380859,39.143306732177734
91848430,2022,2022-08-25,9285,2022-08-14,1835,022294,,7,2,9,5100,0,1,3,,1,071,"E. BUTTE RD","SANDERS RD",2112.00,N,N,A,-,N,,,,,,,,,,N,1,1,0,1,A,-,08,22107,,N,F,A,A,A,H,-,A,D,0,,,Y,,Y,,C,06,0,0,0,0,0,0,0,1,0,"- ","- ",39.208339691162109,-121.71497344970703,SUTTER,UNINCORPORATED,-121.71497344970703,39.208148956298828
91850905,2022,2022-08-26,9285,2022-08-22,1756,021012,,1,2,9,5100,0,1,3,,1,011,"SR-99 S/B","WILSON RD",0.00,,Y,A,-,Y,SUT,,99,,R,17.509,H,,L,Y,3,0,2,2,A,-,03,22350,,N,C,C,A,A,H,-,A,A,0,,,,,Y,,-,"- ",0,2,0,0,0,0,0,0,0,"- ","- ",38.975120544433594,-121.61013031005859,SUTTER,UNINCORPORATED,-121.61013793945312,38.975116729736328
91853000,2022,2022-08-30,9285,2022-08-23,1024,018291,,2,1,9,5100,0,1,3,,1,071,SR-99,"MORSE RD.",2950.00,S,N,A,-,Y,SUT,,99,,R,34.831,H,,R,Y,3,0,1,1,A,-,08,22107,,N,E,I,A,A,H,-,A,D,0,,,,,Y,,A,01,0,1,0,0,0,0,0,0,0,"- ","- ",39.203601837158203,-121.63594055175781,SUTTER,UNINCORPORATED,-121.63600921630859,39.203586578369141
91853059,2022,2022-08-30,9285,2022-08-25,2025,022294,,4,2,9,5100,0,2,4,,1,052,"GEORGE WASHINGTON BLVD","BEST RD",1056.00,N,N,A,-,Y,,,,,,,,,,Y,4,0,1,2,A,-,03,22350,,N,C,C,A,A,H,-,D,D,0,,,,,Y,,A,01,0,0,1,0,0,0,0,0,0,"- ","- ",39.054450988769531,-121.67218780517578,SUTTER,UNINCORPORATED,-121.67198944091797,39.057331085205078
91858739,2022,2022-09-07,9285,2022-08-31,0650,019085,,3,1,9,5100,0,1,3,,1,072,SR-20,"MOREHEAD RD",20.00,W,N,A,-,Y,SUT,,20,,,6.328,H,,R,Y,3,0,1,2,A,-,03,22350,,N,D,C,A,A,H,-,A,D,0,,,,Y,Y,,A,01,0,1,0,0,0,0,0,0,0,"- ","- ",39.149848937988281,-121.80481719970703,SUTTER,UNINCORPORATED,-121.80481719970703,39.149875640869141
91862018,2022,2022-09-12,9285,2022-09-06,1705,016343,,2,2,9,5100,0,1,3,,1,010,"SR-70 S/B","BERRY ROAD",0.00,,Y,A,-,Y,SUT,,70,,,7.016,H,,L,N,4,0,1,1,C,-,18,,,N,E,I,A,A,H,-,A,D,0,,,,,Y,,-,"- ",0,0,1,0,0,0,0,0,0,"- ","- ",38.953731536865234,-121.54399108886719,SUTTER,UNINCORPORATED,-121.54393768310547,38.953731536865234
91863115,2022,2022-09-13,9285,2022-09-07,0330,020520,,3,3,9,5100,0,3,5,,1,007,"TOWNSHIP RD","WITT RD",395.00,N,N,A,-,N,,,,,,,,,,Y,4,0,1,1,A,-,03,22350,,N,E,H,A,A,H,-,D,D,0,,,,,Y,,A,01,0,0,1,0,0,0,0,0,0,"- ","- ",39.282958984375,-121.68760681152344,SUTTER,UNINCORPORATED,-121.68757629394531,39.282936096191406
91866863,2022,2022-09-16,9285,2022-09-07,1055,015976,,3,1,9,5100,0,1,3,,1,011,SR-99,"W. CATLETT RD",0.00,,Y,A,-,Y,SUT,,99,,,7.080,H,,L,Y,2,0,1,2,A,-,08,22107,,N,D,C,A,A,H,-,A,A,0,,,,Y,Y,,A,01,1,0,0,0,0,0,0,0,0,"- ","- ",38.837600708007812,-121.54409027099609,SUTTER,UNINCORPORATED,-121.54390716552734,38.837600708007812
91866948,2022,2022-09-16,9285,2022-09-09,0750,018291,,5,1,9,5100,0,3,5,,1,007,"KENT AVE.","CUTTING AVE.",580.00,N,N,A,-,N,,,,,,,,,,Y,3,0,1,1,A,-,08,22107,,N,E,I,A,A,H,-,A,D,0,,,,,Y,,A,01,0,1,0,0,0,0,0,0,0,"- ","- ",39.244709014892578,-121.63990783691406,SUTTER,UNINCORPORATED,-121.63993835449219,39.244682312011719
91872096,2022,2022-09-23,9285,2022-09-16,0725,018291,,5,1,9,5100,0,3,5,,1,007,"CLARK RD.","LARKIN RD.",0.00,,Y,A,-,N,,,,,,,,,,Y,3,0,2,2,A,-,12,22450,A,N,D,C,A,A,H,-,A,A,0,,,,,Y,,A,01,0,2,0,0,0,0,0,0,0,"- ","- ",39.232879638671875,-121.66011047363281,SUTTER,UNINCORPORATED,-121.66010284423828,39.232872009277344
91873391,2022,2022-09-26,9285,2022-09-15,0350,020520,,4,3,9,5100,0,3,5,,1,001,"STRIPLIN RD","PLEASANT GROVE RD",0.00,,Y,A,-,N,,,,,,,,,,Y,2,0,3,2,A,-,12,22450,A,N,D,C,A,A,H,-,D,A,0,,,,,Y,,A,01,1,2,0,0,0,0,0,0,0,"- ","- ",38.867591857910156,-121.488037109375,SUTTER,UNINCORPORATED,-121.48801422119141,38.867580413818359
91883138,2022,2022-10-05,9285,2022-09-29,0520,021025,,4,3,9,5100,0,3,5,,1,007,"BUTTE HOUSE RD","MULBERRY ST",10.00,W,N,A,-,N,,,,,,,,,,N,3,0,1,2,A,-,11,21954,A,N,G,B,E,A,H,-,D,D,0,Y,,,,Y,,N,60,0,1,0,0,1,0,0,0,0,"- ","- ",39.168609619140625,-121.74526214599609,SUTTER,UNINCORPORATED,-121.74515533447266,39.168628692626953
9188440,2020,2020-12-07,5102,2020-10-05,1614,4116,3,1,5,4,5102,0,0,0,,0,003,"RT 20","STAFFORD WY",0.00,,Y,A,-,Y,SUT,3,20,-,-,15.940,I,5,E,Y,3,0,1,2,A,-,08,22107,,N,A,C,A,A,H,-,A,D,0,,,,,Y,,A,07,0,1,0,0,0,0,0,0,0,"- ","- ",,,SUTTER,"YUBA CITY",-121.62789916992188,39.141624450683594
91886218,2022,2022-10-10,9285,2022-09-22,0741,015976,,4,1,9,5100,0,3,5,,1,001,"NICOLAUS AVE","SCHEIBER RD",2640.00,E,N,A,-,N,,,,,,,,,,N,3,0,1,2,A,-,11,21956,A,N,G,B,E,A,H,-,A,D,0,Y,,,,Y,Y,N,60,0,1,0,0,1,0,0,0,0,"- ","- ",38.90985107421875,-121.56060028076172,SUTTER,UNINCORPORATED,-121.56147766113281,38.909832000732422
91886628,2022,2022-10-10,9285,2022-10-01,1748,021154,,6,2,9,5100,0,1,3,,1,051,SR-99,"SMITH RD",0.00,,Y,A,-,Y,SUT,,99,,,27.910,H,,R,Y,3,0,2,2,A,-,09,21802,A,N,D,C,A,A,H,-,B,A,0,,,,,Y,,A,01,0,2,0,0,0,0,0,0,0,"- ","- ",39.101921081542969,-121.63446807861328,SUTTER,UNINCORPORATED,-121.63443756103516,39.101921081542969