CASE_ID,ACCIDENT_YEAR,PROC_DATE,JURIS,COLLISION_DATE,COLLISION_TIME,OFFICER_ID,REPORTING_DISTRICT,DAY_OF_WEEK,CHP_SHIFT,POPULATION,CNTY_CITY_LOC,SPECIAL_COND,BEAT_TYPE,CHP_BEAT_TYPE,CITY_DIVISION_LAPD,CHP_BEAT_CLASS,BEAT_NUMBER,PRIMARY_RD,SECONDARY_RD,DISTANCE,DIRECTION,INTERSECTION,WEATHER_1,WEATHER_2,STATE_HWY_IND,CALTRANS_COUNTY,CALTRANS_DISTRICT,STATE_ROUTE,ROUTE_SUFFIX,POSTMILE_PREFIX,POSTMILE,LOCATION_TYPE,RAMP_INTERSECTION,SIDE_OF_HWY,TOW_AWAY,COLLISION_SEVERITY,NUMBER_KILLED,NUMBER_INJURED,PARTY_COUNT,PRIMARY_COLL_FACTOR,PCF_CODE_OF_VIOL,PCF_VIOL_CATEGORY,PCF_VIOLATION,PCF_VIOL_SUBSECTION,HIT_AND_RUN,TYPE_OF_COLLISION,MVIW,PED_ACTION,ROAD_SURFACE,ROAD_COND_1,ROAD_COND_2,LIGHTING,CONTROL_DEVICE,CHP_ROAD_TYPE,PEDESTRIAN_ACCIDENT,BICYCLE_ACCIDENT,MOTORCYCLE_ACCIDENT,TRUCK_ACCIDENT,NOT_PRIVATE_PROPERTY,ALCOHOL_INVOLVED,STWD_VEHTYPE_AT_FAULT,CHP_VEHTYPE_AT_FAULT,COUNT_SEVERE_INJ,COUNT_VISIBLE_INJ,COUNT_COMPLAINT_PAIN,COUNT_PED_KILLED,COUNT_PED_INJURED,COUNT_BICYCLIST_KILLED,COUNT_BICYCLIST_INJURED,COUNT_MC_KILLED,COUNT_MC_INJURED,PRIMARY_RAMP,SECONDARY_RAMP,LATITUDE,LONGITUDE,COUNTY,CITY,POINT_X,POINT_Y
91888617,2022,2022-10-12,9285,2022-10-02,2130,021567,,7,2,9,5100,0,1,3,,1,011,SR99,"CATLETT RD",0.00,,Y,A,-,Y,SUT,,99,,,7.084,H,,R,Y,2,0,4,2,A,-,01,23152,A,N,C,2,A,A,H,-,C,D,0,,,Y,,Y,Y,A,07,2,0,2,0,0,0,0,0,2,"- ","- ",38.837669372558594,-121.54360961914062,SUTTER,UNINCORPORATED,-121.54355621337891,38.837669372558594
91895038,2022,2022-10-20,9285,2022-10-10,0725,018632,,1,1,9,5100,0,1,3,,1,072,SR-20,"TARKE RD",1584.00,W,N,C,-,Y,SUT,,20,,,3.673,H,,R,Y,3,0,2,2,A,-,08,22107,,N,B,C,A,A,H,-,A,D,0,,,,Y,Y,,A,01,0,1,1,0,0,0,0,0,0,"- ","- ",39.142860412597656,-121.85249328613281,SUTTER,UNINCORPORATED,-121.85248565673828,39.142917633056641
91901320,2022,2022-10-27,9285,2022-10-21,0815,018291,,5,1,9,5100,0,3,5,,1,005,"PHILLIPS RD.","CRESWELL DR.",30.00,S,N,A,-,N,,,,,,,,,,N,3,0,2,2,A,-,03,22350,,N,C,C,A,A,H,-,A,D,0,,,,,Y,,A,08,0,2,0,0,0,0,0,0,0,"- ","- ",39.105770111083984,-121.6319580078125,SUTTER,UNINCORPORATED,-121.63211822509766,39.108718872070312
9190498,2020,2020-12-22,5102,2020-11-15,1738,4106,2,7,5,4,5102,0,0,0,,0,,"STABLER LN","RT 20",0.00,,Y,A,-,Y,SUT,3,20,-,R,15.094,I,6,W,Y,2,0,3,3,A,-,01,23152,B,N,C,C,A,A,H,-,C,A,0,,,,,Y,Y,A,01,1,0,2,0,0,0,0,0,0,"- ","- ",,,SUTTER,"YUBA CITY",-121.64403533935547,39.141788482666016
91905590,2022,2022-10-31,9285,2022-10-22,0830,018291,,6,1,9,5100,0,2,4,,1,073,"LIVE OAK BLVD.","REDNALL RD.",600.00,N,N,A,-,N,,,,,,,,,,Y,3,0,1,1,A,-,08,22107,,N,F,A,A,A,H,-,A,D,0,,,,,Y,,A,01,0,1,0,0,0,0,0,0,0,"- ","- ",39.183559417724609,-121.62841796875,SUTTER,UNINCORPORATED,-121.62837219238281,39.183582305908203
91907498,2022,2022-11-02,9285,2022-10-25,0930,018632,,2,1,9,5100,0,2,4,,1,052,"LINCOLN RD","S. GEORGE WASHINGTON",0.00,,Y,A,-,N,,,,,,,,,,N,2,0,1,1,A,-,03,22350,,F,F,A,A,A,H,-,A,D,0,,Y,,,Y,,-,"- ",1,0,0,0,0,0,1,0,0,"- ","- ",39.112541198730469,-121.67183685302734,SUTTER,UNINCORPORATED,-121.67173767089844,39.112541198730469
91908543,2022,2022-11-03,9285,2022-10-31,1735,016343,,1,2,9,5100,0,3,5,,1,007,"LARKIN ROAD","KRISTEN ST",2112.00,S,N,B,-,N,,,,,,,,,,Y,3,0,1,1,A,-,08,22107,,N,E,I,A,A,H,-,A,D,0,,,,,Y,,A,01,0,1,0,0,0,0,0,0,0,"- ","- ",39.259441375732422,-121.66020202636719,SUTTER,UNINCORPORATED,-121.66001129150391,39.258918762207031
9191784,2020,2021-02-01,5102,2020-11-11,1208,4077,4,3,5,4,5102,0,0,0,,0,004,"FRANKLIN AV","S BARRETT RD",175.00,W,N,A,-,N,,,,,,,,,,N,3,0,1,2,A,-,09,21804,A,N,B,C,A,A,H,-,A,D,0,,,,,Y,,A,01,0,1,0,0,0,0,0,0,0,"- ","- ",,,SUTTER,"YUBA CITY",-121.63166046142578,39.127285003662109
9191785,2020,2021-02-01,5102,2020-11-07,1633,4128,5,6,5,4,5102,0,0,0,,0,005,"GARDEN HWY","BOGUE RD",672.00,S,N,A,-,N,,,,,,,,,,Y,2,0,1,2,A,-,21,22106,,N,D,C,A,A,H,-,A,D,0,,,Y,,Y,,A,01,1,0,0,0,0,0,0,0,1,"- ","- ",,,SUTTER,"YUBA CITY",-121.61547088623047,39.098968505859375
9191787,2020,2021-02-01,5102,2020-11-10,0809,4077,3,2,5,4,5102,0,0,0,,0,003,"LIVE OAK BL","DEL NORTE AV",75.00,N,N,A,-,N,,,,,,,,,,Y,3,0,2,2,A,-,07,21658,A,F,B,C,A,A,H,-,A,D,0,,,,,Y,,A,07,0,2,0,0,0,0,0,0,0,"- ","- ",,,SUTTER,"YUBA CITY",-121.62082672119141,39.143466949462891
9191789,2020,2021-02-01,5102,2020-11-04,1414,449,3,3,5,4,5102,0,0,0,,0,003,"MARKET ST","LAMON WY",303.00,W,N,A,-,N,,,,,,,,,,N,4,0,1,2,A,-,07,21658,A,M,B,C,A,A,H,-,A,D,0,,,,,Y,,-,99,0,0,1,0,0,0,0,0,0,"- ","- ",,,SUTTER,"YUBA CITY",,
91918508,2022,2022-11-15,9285,2022-11-06,1050,020070,,7,1,9,5100,0,1,3,,1,011,SR-99,"W CATLETT RD",0.00,,Y,A,-,Y,SUT,,99,,,7.079,H,,R,Y,4,0,1,2,A,-,09,21801,A,N,D,C,A,A,H,-,A,D,0,,,,,Y,,D,22,0,0,1,0,0,0,0,0,0,"- ","- ",38.837589263916016,-121.5435791015625,SUTTER,UNINCORPORATED,-121.54355621337891,38.837589263916016
91919509,2022,2022-11-16,9285,2022-11-09,1910,016343,,3,2,9,5100,0,1,3,,1,051,SR-99,"LINCOLN ROAD",100.00,N,N,B,-,Y,SUT,,99,,,28.690,H,,R,N,4,0,1,2,A,-,03,22350,,N,C,C,A,A,H,-,C,A,0,,,,,Y,,A,07,0,0,1,0,0,0,0,0,0,"- ","- ",39.113079071044922,-121.63468933105469,SUTTER,UNINCORPORATED,-121.63462829589844,39.113079071044922
91923626,2022,2022-11-21,9285,2022-11-07,0052,022125,,1,3,9,5100,0,1,3,,1,071,SR-99,"LIVE OAK BLVD",528.00,N,N,C,-,Y,SUT,,99,,T,36.069,H,,R,Y,2,0,1,2,A,-,01,23152,A,N,B,2,A,B,H,-,C,A,0,,,,Y,Y,Y,D,22,1,0,0,0,0,0,0,0,0,"- ","- ",39.219451904296875,-121.64100646972656,SUTTER,UNINCORPORATED,-121.64097595214844,39.219448089599609
9192511,2020,2021-01-19,5102,2020-12-05,1555,4109,2,6,5,4,5102,0,0,0,,0,002,"RT 20","CIVIC CENTER BL",30.00,E,N,A,-,Y,SUT,3,20,-,R,15.360,H,-,E,N,4,0,2,2,A,-,03,22350,,N,C,C,A,A,H,-,A,A,0,,,,,Y,,A,01,0,0,2,0,0,0,0,0,0,"- ","- ",,,SUTTER,"YUBA CITY",-121.63909149169922,39.141761779785156
91932443,2022,2022-12-02,9285,2022-11-19,2124,021154,,6,2,9,5100,0,1,3,,1,072,SR-20,"HUMPHREY RD",0.00,,Y,A,-,N,,,,,,,,,,Y,3,0,4,2,A,-,12,22450,A,N,D,C,A,A,H,-,C,A,0,,,,,Y,,A,01,0,4,0,0,0,0,0,0,0,"- ","- ",39.141990661621094,-121.72606658935547,SUTTER,UNINCORPORATED,-121.72607421875,39.141918182373047
91932670,2022,2022-12-02,9285,2022-11-25,0248,021012,,5,3,9,5100,0,1,3,,1,010,"SR-70 S/B","NICOLAUS AVE.",4382.00,N,N,A,-,Y,SUT,,70,,R,4.871,H,,L,Y,3,0,1,1,A,-,01,23152,A,N,F,A,A,A,H,-,D,D,0,,,,,Y,Y,A,01,0,1,0,0,0,0,0,0,0,"- ","- ",38.921188354492188,-121.54448699951172,SUTTER,UNINCORPORATED,-121.54443359375,38.921180725097656
91934106,2022,2022-12-05,9285,2022-11-25,1412,017393,,5,2,9,5100,0,2,4,,1,052,"GARDEN HIGHWAY","MESSICK ROAD",0.00,,Y,A,-,N,,,,,,,,,,Y,4,0,3,2,A,-,08,22107,,N,D,C,A,A,H,-,A,A,0,,,,,Y,,A,01,0,0,3,0,0,0,0,0,0,"- ","- ",39.051368713378906,-121.61580657958984,SUTTER,UNINCORPORATED,-121.61581420898438,39.051475524902344
91937677,2022,2022-12-08,9285,2022-12-03,2123,021659,,6,2,9,5100,0,1,3,,1,071,"RT 99","ENCINAL RD",50.00,N,N,B,C,Y,SUT,,99,,T,36.045,H,,R,Y,4,0,3,2,A,-,03,22350,,N,A,C,A,B,H,-,D,D,0,,,,,Y,,D,22,0,0,3,0,0,0,0,0,0,"- ","- ",39.219089508056641,-121.64109802246094,SUTTER,UNINCORPORATED,-121.64103698730469,39.219078063964844
91942618,2022,2022-12-14,9285,2022-12-02,0825,015976,,5,1,9,5100,0,1,3,,1,011,SR-99,"SANKEY RD",0.00,,Y,E,-,Y,SUT,,99,,,3.039,H,,R,Y,3,0,1,2,A,-,09,21801,A,N,D,C,A,B,H,-,A,D,0,,,,Y,Y,,-,"- ",0,1,0,0,0,0,0,0,0,"- ","- ",38.779518127441406,-121.54341888427734,SUTTER,UNINCORPORATED,-121.54338073730469,38.779518127441406
91947177,2022,2022-12-20,9285,2022-12-05,0800,015976,,1,1,9,5100,0,2,4,,1,052,"GEORGE WASHINGTON BLVD","OBANION RD",30.00,S,N,B,-,N,,,,,,,,,,Y,3,0,1,1,A,-,08,22107,,N,E,I,A,B,H,-,A,D,0,,,,,Y,,A,01,0,1,0,0,0,0,0,0,0,"- ","- ",39.025138854980469,-121.67183685302734,SUTTER,UNINCORPORATED,-121.67185974121094,39.025257110595703
91948021,2022,2022-12-21,9285,2022-12-10,1140,018291,,6,1,9,5100,0,1,3,,1,011,SR-99,"NICOLAUS AVE UC",1400.00,N,N,C,-,N,,,,,,,,,,Y,3,0,2,1,A,-,03,22350,,N,E,I,A,B,H,-,A,D,0,,,,,Y,,A,07,0,2,0,0,0,0,0,0,0,"- ","- ",38.9091796875,-121.59493255615234,SUTTER,UNINCORPORATED,-121.59502410888672,38.909049987792969
91953360,2022,2022-12-27,9285,2022-12-23,0640,021567,,5,1,9,5100,0,3,5,,1,001,"RIEGO RD","PLEASANT GROVE RD",60.00,W,N,E,-,N,,,,,,,,,,Y,4,0,2,2,A,-,03,22350,,N,C,C,A,A,H,-,B,A,0,,,,,Y,,A,07,0,0,2,0,0,0,0,0,0,"- ","- ",38.751308441162109,-121.48857879638672,SUTTER,UNINCORPORATED,-121.48467254638672,38.751358032226562
91954422,2022,2022-12-28,9285,2022-12-24,1030,018632,,6,1,9,5100,0,3,5,,1,001,"MARCUM RD","PLEASANT GROVE RD",0.00,,Y,E,-,N,,,,,,,,,,Y,3,0,1,1,A,-,03,22350,,N,E,I,A,A,H,-,A,D,0,,,,,Y,,A,01,0,1,0,0,0,0,0,0,0,"- ","- ",38.896709442138672,-121.48790740966797,SUTTER,UNINCORPORATED,-121.48783111572266,38.89666748046875
91956637,2022,2022-12-30,9285,2022-12-24,2010,021154,,6,2,9,5100,0,1,3,,1,010,"SR-70 S/B","BERRY RD",0.00,,Y,A,-,Y,SUT,,70,,,7.019,H,,L,Y,3,0,2,2,A,-,09,21802,A,N,D,C,A,A,H,-,C,A,0,,,,,Y,,A,07,0,2,0,0,0,0,0,0,0,"- ","- ",38.953769683837891,-121.54392242431641,SUTTER,UNINCORPORATED,-121.54393768310547,38.953769683837891
91974593,2023,2023-01-23,9285,2023-01-17,1610,016343,,2,2,9,5100,0,1,3,,1,051,SR-99,"HUNN ROAD",1056.00,N,N,A,-,Y,SUT,,99," "," ",29.542,H,,R,N,4,0,1,3,A,-,03,22350,,N,C,C,A,A,H,-,A,D,0,,,,,Y,,A,07,0,0,1,0,0,0,0,0,0,"- ","- ",39.125469207763672,-121.634521484375,SUTTER,UNINCORPORATED,-121.63448333740234,39.125469207763672
9200115,2020,2021-02-18,5102,2020-11-30,1424,4077,1,1,5,4,5102,0,0,0,,0,001,"THARP RD","LASSEN BL",0.00,,Y,A,-,N,,,,,,,,,,Y,3,0,1,3,A,-,12,22450,A,N,D,C,A,A,H,-,A,D,0,,,,,Y,,D,22,0,1,0,0,0,0,0,0,0,"- ","- ",,,SUTTER,"YUBA CITY",-121.64849853515625,39.137939453125
92012353,2023,2023-03-08,9285,2023-01-05,2255,020520,,4,3,9,5100,0,1,3,,1,051,"SR-99 S/B",SR-113,4461.00,N,N,B,-,Y,SUT,,99," "," ",21.901,H,,L,Y,1,1,1,2,A,-,05,21651,A,N,A,C,A,A,H,-,D,D,0,,,,Y,Y,,A,08,0,0,1,0,0,0,0,0,0,"- ","- ",39.015159606933594,-121.63468933105469,SUTTER,UNINCORPORATED,-121.63478088378906,39.015159606933594
92022113,2023,2023-03-20,9285,2023-03-07,2030,019139,,2,2,9,5100,0,3,5,,1,001,"SR-99 N/B","HOWSLEY RD",777.00,N,N,A,-,Y,SUT,,99," "," ",5.958,H,,R,Y,4,0,1,2,A,-,03,22350,,N,C,C,A,A,H,-,D,D,0,,,,,Y,,A,01,0,0,1,0,0,0,0,0,0,"- ","- ",38.822429656982422,-121.54361724853516,SUTTER,UNINCORPORATED,-121.54361724853516,38.822429656982422
92025703,2023,2023-03-22,9285,2023-02-20,2210,022320,,1,3,9,5100,0,1,3,,1,072,SR-20,"ACACIA AVENUE",3168.00,E,N,A,-,Y,SUT,,20," "," ",9.792,H,,R,Y,1,2,2,2,A,-,01,23152,A,F,A,C,A,A,H,-,C,D,0,,,,,Y,Y,D,22,2,0,0,0,0,0,0,0,0,"- ","- ",39.142311096191406,-121.74256896972656,SUTTER,UNINCORPORATED,-121.74257659912109,39.142154693603516
92027420,2023,2023-03-23,9285,2023-03-08,"945 ",015976,,3,1,9,5100,0,3,5,,1,005,"BARRY RD","S. WALTON AVE.",450.00,E,N,B,-,N,,,,,,,,,,Y,2,0,1,1,A,-,08,22107,,N,E,I,A,A,H,-,A,D,0,,,,,Y,,D,22,1,0,0,0,0,0,0,0,0,"- ","- ",39.076190948486328,-121.64225769042969,SUTTER,UNINCORPORATED,-121.64235687255859,39.076202392578125
92037672,2023,2023-04-05,9285,2023-03-28,"815 ",018291,,2,1,9,5100,0,3,5,,1,007,"SHELDON AVE.","PENNINGTON RD.",0.00,,Y,B,C,Y,,,,,,,,,,Y,3,0,1,2,A,-,12,22450,A,N,D,C,A,B,H,-,A,A,0,,,,,Y,,A,01,0,1,0,0,0,0,0,0,0,"- ","- ",39.276031494140625,-121.64483642578125,SUTTER,UNINCORPORATED,-121.64484405517578,39.276035308837891
92046753,2023,2023-04-17,9285,2023-04-08,1121,021012,,6,1,9,5100,0,3,5,,1,007,"RIVIERA RD",SR-99,2560.00,W,N,A,-,N,,,,,,,,,,Y,3,0,1,2,A,-,09,21804,A,N,D,C,A,A,H,-,A,D,0,,,,,Y,,A,07,0,1,0,0,0,0,0,0,0,"- ","- ",39.301471710205078,-121.68045806884766,SUTTER,UNINCORPORATED,-121.68031311035156,39.301441192626953
92047985,2023,2023-04-18,9285,2023-04-06,"640 ",015976,,4,1,9,5100,0,3,5,,1,001,"PLEASANT GROVE RD","SANKEY RD",3168.00,N,N,A,-,N,,,,,,,,,,Y,3,0,1,1,A,-,08,22107,,N,F,A,A,A,H,-,A,D,0,,,,,Y,,A,01,0,1,0,0,0,0,0,0,0,"- ","- ",38.784759521484375,-121.48828125,SUTTER,UNINCORPORATED,-121.48825836181641,38.789100646972656
92050446,2023,2023-04-21,9285,2023-04-11,"240 ",022320,,2,3,9,5100,0,3,5,,1,005,"SECOND STREET","AIRPORT ROAD",34.00,S,N,B,-,N,,,,,,,,,,Y,2,0,1,1,A,-,01,23152,A,N,E,I,A,A,H,-,C,D,0,,,,,Y,Y,A,01,1,0,0,0,0,0,0,0,0,"- ","- ",39.124759674072266,-121.60128784179688,SUTTER,UNINCORPORATED,-121.60129547119141,39.124740600585938
9205763,2020,2021-02-20,5102,2020-12-03,1738,4131,2,4,5,4,5102,0,0,0,,0,002,"NORTH WALTON AV","LASSEN BL",241.00,S,N,A,-,N,,,,,,,,,,N,3,0,1,2,A,-,06,21755,,N,B,C,A,A,H,-,C,D,0,,,,,Y,,A,07,0,1,0,0,0,0,0,0,0,"- ","- ",,,SUTTER,"YUBA CITY",-121.64391326904297,39.137310028076172
92059279,2023,2023-05-02,9285,2023-04-23,1940,021328,,7,2,9,5100,0,2,4,,1,052,"GARDEN HIGHWAY","KLEMM RD.",780.00,S,N,A,-,N,,,,,,,,,,Y,4,0,1,1,A,-,08,22107,,N,E,9,A,A,H,-,B,D,0,,,,,Y,,A,01,0,0,1,0,0,0,0,0,0,"- ","- ",38.991420745849609,-121.60710144042969,SUTTER,UNINCORPORATED,-121.607177734375,38.99151611328125
92065003,2023,2023-05-09,9285,2023-05-02,"700 ",015976,,2,1,9,5100,0,3,5,,1,001,"KEMPTON RD","BREWER RD",0.00,,Y,B,C,N,,,,,,,,,,Y,3,0,1,2,A,-,12,22450,A,N,D,C,A,B,H,-,A,A,0,,,,,Y,,D,22,0,1,0,0,0,0,0,0,0,"- ","- ",38.955188751220703,-121.45181274414062,SUTTER,UNINCORPORATED,-121.45183563232422,38.955230712890625
9207534,2020,2021-02-01,5102,2020-12-20,1522,4115,3,7,5,4,5102,0,0,0,,0,003,"SHASTA ST","RT 20",20.00,,N,A,-,Y,SUT,3,20,-,-,16.619,I,6,W,N,3,0,1,2,A,-,01,23152,A,F,A,C,A,A,H,-,A,A,0,,,,,Y,Y,D,22,0,1,0,0,0,0,0,0,0,"- ","- ",,,SUTTER,"YUBA CITY",-121.61576080322266,39.141414642333984
9207538,2020,2021-02-11,5102,2020-12-13,0108,4126,5,7,5,4,5102,0,0,0,,0,005,"RAILROAD AV","JAN CT",28.00,N,N,C,-,N,,,,,,,,,,Y,2,0,1,2,A,-,17,21658,B,N,C,E,A,B,H,-,C,D,0,,,,Y,Y,Y,A,01,1,0,0,0,0,0,0,0,0,"- ","- ",,,SUTTER,"YUBA CITY",-121.62269592285156,39.107498168945312
92086039,2023,2023-06-05,9285,2023-05-24,1157,015976,,3,1,9,5100,0,1,3,,1,010,SR-70,"KEMPTON RD",0.00,,Y,A,-,Y,SUT,,70," "," ",7.021,H,,R,Y,3,0,2,2,A,-,09,21802,A,N,D,C,A,A,H,-,A,A,0,,,,,Y,,A,01,0,2,0,0,0,0,0,0,0,"- ","- ",38.953758239746094,-121.54360198974609,SUTTER,UNINCORPORATED,-121.54358673095703,38.953758239746094
92088538,2023,2023-06-07,9285,2023-06-04,2020,019139,,7,2,9,5100,0,1,3,,1,011,"SR-99 S/B","FEATHER RIVER",1453.00,N,N,A,-,Y,SUT,,99," "," ",12.891,H,,L,Y,3,0,1,1,A,-,01,23152,A,N,E,I,A,A,H,-,B,D,0,,,,,Y,Y,A,08,0,1,0,0,0,0,0,0,0,"- ","- ",38.909000396728516,-121.59487152099609,SUTTER,UNINCORPORATED,-121.59487915039062,38.908992767333984
92088580,2023,2023-06-07,9285,2023-06-03,1355,019223,,6,1,9,5100,0,1,3,,1,072,SR-20,"HUMPHREY RD",0.00,,Y,A,-,Y,SUT,,20," "," ",10.679,H,,R,Y,4,0,2,2,A,-,09,21802,A,N,D,C,A,A,H,-,A,A,0,,,,,Y,,A,01,0,0,2,0,0,0,0,0,0,"- ","- ",39.141971588134766,-121.72611236572266,SUTTER,UNINCORPORATED,-121.72611236572266,39.141948699951172
9208969,2020,2021-02-17,5102,2020-12-22,1710,4116,3,2,5,4,5102,0,0,0,,0,003,"LYNN WY","MARKET ST",20.00,W,N,A,-,N,,,,,,,,,,N,3,0,1,2,A,-,10,21950,A,N,G,B,D,A,H,-,B,D,0,Y,,,,Y,Y,A,01,0,1,0,0,1,0,0,0,0,"- ","- ",,,SUTTER,"YUBA CITY",-121.61526489257812,39.150417327880859
9208970,2020,2021-02-17,5102,2020-12-20,1248,4120,4,7,5,4,5102,0,0,0,,0,004,"CLARK AVE","ELLIS WY",0.00,,Y,A,-,N,,,,,,,,,,Y,4,0,1,2,A,-,09,21800,,N,D,C,A,A,H,-,A,D,0,,,,,Y,,A,01,0,0,1,0,0,0,0,0,0,"- ","- ",,,SUTTER,"YUBA CITY",-121.6256103515625,39.141071319580078
92098596,2023,2023-06-21,9285,2023-06-12,1540,016343,,1,2,9,5100,0,1,3,,1,051,SR-99,"RICHLAND ROAD",600.00,S,N,A,-,Y,SUT,,99," "," ",28.919,H,,R,Y,3,0,1,2,A,-,03,22350,,N,C,C,A,A,H,-,A,D,0,,,,,Y,,A,01,0,1,0,0,0,0,0,0,0,"- ","- ",39.116458892822266,-121.63462829589844,SUTTER,UNINCORPORATED,-121.63461303710938,39.116458892822266
92098622,2023,2023-06-21,9285,2023-06-08,1415,016343,,4,2,9,5100,0,3,5,,1,007,"N TOWNSHIP ROAD","PENNINGTON ROAD",850.00,S,N,A,-,N,,,,,,,,,,Y,2,0,1,1,A,-,16,24002,A,N,F,A,A,A,H,-,A,D,0,,,Y,,Y,,-,"- ",1,0,0,0,0,0,0,0,1,"- ","- ",39.27362060546875,-121.68756866455078,SUTTER,UNINCORPORATED,-121.68753814697266,39.273624420166016
92098898,2023,2023-06-21,9285,2023-06-17,1040,018291,,6,1,9,5100,0,1,3,,1,072,SR-20,"LYTLE RD.",90.00,E,N,A,-,Y,SUT,,20," "," ",11.386,H,,R,Y,3,0,3,2,A,-,03,22350,,N,C,C,A,A,H,-,A,D,0,,,,,Y,,A,08,0,3,0,0,0,0,0,0,0,"- ","- ",39.141590118408203,-121.7130126953125,SUTTER,UNINCORPORATED,-121.7130126953125,39.141620635986328
92104559,2023,2023-06-28,9285,2023-06-20,"710 ",015976,,2,1,9,5100,0,2,4,,1,052,"GARDEN HWY","BARRY RD",0.00,,Y,A,-,N,,,,,,,,,,Y,3,0,1,2,A,-,12,22450,A,N,E,I,A,A,H,-,A,A,0,,,,,Y,,A,01,0,1,0,0,0,0,0,0,0,"- ","- ",39.077060699462891,-121.60649871826172,SUTTER,UNINCORPORATED,-121.60646820068359,39.0770263671875
92107332,2023,2023-06-30,9285,2023-06-27,"835 ",015976,,2,1,9,5100,0,3,5,,1,001,"RIEGO RD","PLEASANT GROVE RD",230.00,E,N,A,-,N,,,,,,,,,,N,3,0,1,2,A,-,03,22350,,N,C,C,A,A,H,-,A,D,0,,,,,Y,,A,01,0,1,0,0,0,0,0,0,0,"- ","- ",38.751350402832031,-121.48651123046875,SUTTER,UNINCORPORATED,-121.48365020751953,38.751377105712891
92123107,2023,2023-07-21,9285,2023-07-19,1605,021328,,3,2,9,5100,0,1,3,,1,051,"SR-99 S/B","LINCOLN RD.",470.00,S,N,A,-,Y,SUT,,99," "," ",28.572,H,,L,Y,4,0,3,2,A,-,03,22350,,N,C,C,A,A,H,-,A,D,0,,,,,Y,,A,01,0,0,3,0,0,0,0,0,0,"- ","- ",39.111381530761719,-121.63471221923828,SUTTER,UNINCORPORATED,-121.63471984863281,39.111381530761719
9212418,2020,2021-01-28,5102,2020-12-03,1735,4109,2,4,5,4,5102,0,0,0,,0,002,"RT 20","WALTON AV",200.00,E,N,A,-,Y,SUT,3,20,-,R,15.130,H,-,E,Y,3,0,1,3,A,-,03,22350,,N,C,C,A,A,H,-,A,D,0,,,,Y,Y,,A,07,0,1,0,0,0,0,0,0,0,"- ","- ",,,SUTTER,"YUBA CITY",-121.64334106445312,39.141677856445312
9212422,2020,2021-01-28,5102,2020-12-12,0446,4126,2,6,5,4,5102,0,0,0,,0,002,"RT 99","RT 20",0.00,,Y,B,-,Y,SUT,3,20,-,-,15.573,I,5,W,Y,4,0,1,2,A,-,12,21453,A,N,D,C,A,B,H,-,C,A,0,,,,,Y,,A,01,0,0,1,0,0,0,0,0,0,"- ","- ",,,SUTTER,"YUBA CITY",-121.63469696044922,39.141910552978516
9212841,2020,2021-02-05,5102,2020-12-17,0555,4102,1,4,5,4,5102,0,0,0,,0,5102,"COLUSA AV","WALTON AV",65.00,W,N,C,-,Y,YUB,3,20,-,R,15.080,H,-,W,Y,3,0,1,1,A,-,03,22350,,N,E,I,A,B,H,-,B,D,0,,,,,Y,,A,01,0,1,0,0,0,0,0,0,0,"- ","- ",,,SUTTER,"YUBA CITY",-121.37920379638672,39.229557037353516
9213072,2021,2021-02-08,5102,2021-01-01,0244,9003,2,5,5,4,5102,0,0,0,,0,002,"BRIDGE ST","RT 99",152.00,E,N,A,-,Y,SUT,3,99,-,-,30.030,I,6,N,Y,2,0,1,1,A,-,03,22350,,N,H,I,A,A,H,-,C,D,0,,,Y,,Y,,C,02,1,0,0,0,0,0,0,0,1,"- ","- ",,,SUTTER,"YUBA CITY",-121.63445281982422,39.132408142089844
92132456,2023,2023-07-31,9285,2023-07-24,"530 ",022294,,1,3,9,5100,0,1,3,,1,011,SR-99,"CATLETT RD",3643.00,N,N,A,-,Y,SUT,,99," "," ",8.255,H,,R,Y,3,0,1,1,A,-,08,22107,,N,F,A,A,A,H,-,A,D,0,,,,,Y,,A,01,0,1,0,0,0,0,0,0,0,"- ","- ",38.854610443115234,-121.54537200927734,SUTTER,UNINCORPORATED,-121.54524993896484,38.854652404785156
92138458,2023,2023-08-08,9285,2023-07-27,1212,015976,,4,1,9,5100,0,1,3,,1,072,SR-20,"ACACIA AVE",0.00,,Y,A,-,Y,SUT,,20," "," ",9.173,H,,R,Y,3,0,1,2,A,-,12,21453,A,N,D,C,A,A,H,-,A,A,0,,,,Y,Y,,F,27,0,1,0,0,0,0,0,0,0,"- ","- ",39.142349243164062,-121.7540283203125,SUTTER,UNINCORPORATED,-121.75403594970703,39.142253875732422