CASE_ID,ACCIDENT_YEAR,PROC_DATE,JURIS,COLLISION_DATE,COLLISION_TIME,OFFICER_ID,REPORTING_DISTRICT,DAY_OF_WEEK,CHP_SHIFT,POPULATION,CNTY_CITY_LOC,SPECIAL_COND,BEAT_TYPE,CHP_BEAT_TYPE,CITY_DIVISION_LAPD,CHP_BEAT_CLASS,BEAT_NUMBER,PRIMARY_RD,SECONDARY_RD,DISTANCE,DIRECTION,INTERSECTION,WEATHER_1,WEATHER_2,STATE_HWY_IND,CALTRANS_COUNTY,CALTRANS_DISTRICT,STATE_ROUTE,ROUTE_SUFFIX,POSTMILE_PREFIX,POSTMILE,LOCATION_TYPE,RAMP_INTERSECTION,SIDE_OF_HWY,TOW_AWAY,COLLISION_SEVERITY,NUMBER_KILLED,NUMBER_INJURED,PARTY_COUNT,PRIMARY_COLL_FACTOR,PCF_CODE_OF_VIOL,PCF_VIOL_CATEGORY,PCF_VIOLATION,PCF_VIOL_SUBSECTION,HIT_AND_RUN,TYPE_OF_COLLISION,MVIW,PED_ACTION,ROAD_SURFACE,ROAD_COND_1,ROAD_COND_2,LIGHTING,CONTROL_DEVICE,CHP_ROAD_TYPE,PEDESTRIAN_ACCIDENT,BICYCLE_ACCIDENT,MOTORCYCLE_ACCIDENT,TRUCK_ACCIDENT,NOT_PRIVATE_PROPERTY,ALCOHOL_INVOLVED,STWD_VEHTYPE_AT_FAULT,CHP_VEHTYPE_AT_FAULT,COUNT_SEVERE_INJ,COUNT_VISIBLE_INJ,COUNT_COMPLAINT_PAIN,COUNT_PED_KILLED,COUNT_PED_INJURED,COUNT_BICYCLIST_KILLED,COUNT_BICYCLIST_INJURED,COUNT_MC_KILLED,COUNT_MC_INJURED,PRIMARY_RAMP,SECONDARY_RAMP,LATITUDE,LONGITUDE,COUNTY,CITY,POINT_X,POINT_Y
9432835,2022,2022-09-14,5102,2022-08-02,1245,432,2,2,5,4,5102,0,0,0,,0,002,"RT 20","ROCCA WY",140.00,W,N,A,-,Y,SUT,3,20,-,-,15.690,H,-,W,N,3,0,2,2,A,-,03,22350,,N,C,C,A,A,H,-,A,A,0,,,,,Y,,A,01,0,2,0,0,0,0,0,0,0,"- ","- ",,,SUTTER,"YUBA CITY",-121.63247680664062,39.141895294189453
9433127,2022,2022-08-18,5102,2022-01-23,1427,4119,2,7,5,4,5102,0,0,0,,0,002,"FRANKLIN AV","RT 99",16.00,W,N,A,-,Y,SUT,3,99,-,-,29.670,I,6,S,N,4,0,1,2,-,C,"- ",,,N,C,C,A,A,H,-,A,D,0,,,,,Y,,-,"- ",0,0,1,0,0,0,0,0,0,"- ","- ",,,SUTTER,"YUBA CITY",-121.63462066650391,39.127262115478516
94356073,2024,2024-08-15,9285,2024-08-13,"545 ",018291,,2,3,9,5100,0,3,5,,1,007,"W. BUTTE RD.","PASS RD.",2015.00,N,N,A,-,Y,,,,,,,,,,Y,3,0,1,1,A,-,03,22350,,N,E,I,A,A,H,-,B,D,0,,,,,Y,,D,22,0,1,0,0,0,0,0,0,0,"- ","- ",39.192401885986328,-121.88838195800781,SUTTER,UNINCORPORATED,-121.88835906982422,39.19232177734375
94357324,2024,2024-08-16,9285,2024-06-30,"200 ",022917,,7,3,9,5100,0,1,3,,1,011,"SR-99 S/B","RIEGO RD",3960.00,N,N,A,-,Y,SUT,,99," "," ",1.745,H,,L,Y,1,2,0,1,A,-,08,22107,,N,E,I,A,A,H,-,D,D,0,,,,,Y,,A,07,0,0,0,0,0,0,0,0,0,"- ","- ",38.761238098144531,-121.54360961914062,SUTTER,UNINCORPORATED,-121.54367065429688,38.761238098144531
94363929,2024,2024-08-21,9285,2024-08-13,"818 ",015976,,2,1,9,5100,0,3,5,,1,001,"RIEGO RD","PLEASANT GROVE RD",430.00,E,N,A,-,N,,,,,,,,,,Y,3,0,1,3,A,-,08,22107,,N,B,C,A,A,H,-,A,D,0,,,,,Y,,A,01,0,1,0,0,0,0,0,0,0,"- ","- ",38.751380920410156,-121.48686218261719,SUTTER,UNINCORPORATED,-121.48295593261719,38.751392364501953
94369758,2024,2024-08-26,9285,2024-08-23,1700,021567,,5,2,9,5100,0,1,3,,2,031,SR-113,"PELGER RD",2112.00,N,N,A,-,Y,SUT,,113," ",R,11.207,H,,R,Y,4,0,2,2,A,-,03,22350,,N,C,C,A,A,H,-,A,D,0,,,,,Y,,A,01,0,0,2,0,0,0,0,0,0,"- ","- ",38.958549499511719,-121.67498779296875,SUTTER,UNINCORPORATED,-121.67500305175781,38.958553314208984
94378341,2024,2024-09-02,9285,2024-08-26,"830 ",021690,,1,1,9,5100,0,3,5,,1,003,"RECLAMATION RD","SEYMOUR RD",100.00,N,N,A,-,N,,,,,,,,,,Y,4,0,1,1,A,-,08,22107,,N,E,A,A,A,H,-,A,D,0,,,,,Y,,D,22,0,0,1,0,0,0,0,0,0,"- ","- ",38.880611419677734,-121.71282958984375,SUTTER,UNINCORPORATED,-121.71273040771484,38.880413055419922
94384913,2024,2024-09-06,9285,2024-08-29,1000,019223,,4,1,9,5100,0,3,5,,1,007,"SOUTH BUTTE RD","LOCUST ST",2842.00,E,N,A,-,N,,,,,,,,,,N,3,0,1,1,A,-,01,23152,A,N,E,I,A,A,H,-,A,D,0,,,,,Y,Y,D,22,0,1,0,0,0,0,0,0,0,"- ","- ",39.154190063476562,-121.7352294921875,SUTTER,UNINCORPORATED,-121.73514556884766,39.154228210449219
94399400,2024,2024-09-18,9285,2024-09-13,1850,021012,,5,2,9,5100,0,3,5,,1,005,"LINCOLN RD","S. BARRETT RD",13.00,W,N,A,-,N,,,,,,,,,,Y,3,0,1,1,A,-,08,22107,,N,E,I,A,A,H,-,B,D,0,,,,,Y,,A,01,0,1,0,0,0,0,0,0,0,"- ","- ",39.112751007080078,-121.63276672363281,SUTTER,UNINCORPORATED,-121.63263702392578,39.112739562988281
94402190,2024,2024-09-20,9285,2024-09-03,1650,015976,,2,2,9,5100,0,1,3,,1,010,SR-70,"KEMPTON RD",0.00,,Y,A,-,Y,SUT,,70," "," ",7.021,H,,R,Y,2,0,2,2,A,-,09,21802,A,N,D,C,A,A,H,-,A,A,0,,,,,Y,,D,22,1,1,0,0,0,0,0,0,0,"- ","- ",38.953750610351562,-121.54353332519531,SUTTER,UNINCORPORATED,-121.54358673095703,38.953750610351562
94407350,2024,2024-09-25,9285,2024-09-21,1022,021154,,6,1,9,5100,0,1,3,,1,072,"ACACIA AVENUE",SR-20,1232.00,N,N,A,-,N,,,,,,,,,,N,3,0,1,1,C,-,18,,,N,E,8,A,A,H,-,A,D,0,,,,,Y,,-,"- ",0,1,0,0,0,0,0,0,0,"- ","- ",39.145950317382812,-121.75398254394531,SUTTER,UNINCORPORATED,-121.75391387939453,39.145664215087891
94419578,2024,2024-10-04,9285,2024-09-27,1735,022294,,5,2,9,5100,0,1,S,,2,901,SR-99,"RICHLAND ROAD",0.00,,Y,A,-,Y,SUT,,99," "," ",29.036,H,,R,N,3,0,2,4,A,-,12,21453,A,N,D,2,A,A,H,-,A,D,0,,,,,Y,,A,01,0,1,1,0,0,0,0,0,0,"- ","- ",39.118198394775391,-121.63474273681641,SUTTER,UNINCORPORATED,-121.63458251953125,39.118198394775391
94419851,2024,2024-10-04,9285,2024-09-29,1700,021154,,7,2,9,5100,0,2,4,,1,073,"BUTTE HOUSE RD.","E. BUTTE RD.",0.00,,Y,A,-,N,,,,,,,,,,N,4,0,1,2,A,-,03,22350,,N,C,C,A,A,H,-,A,D,0,,,,,Y,,D,22,0,0,1,0,0,0,0,0,0,"- ","- ",39.166770935058594,-121.71684265136719,SUTTER,UNINCORPORATED,-121.71675872802734,39.166759490966797
94420175,2024,2024-10-04,9285,2024-09-28,2225,022294,,6,3,9,5100,0,3,5,,1,005,"8500 GARDEN HIGHWAY","GARDEN HIGHWAY",240.00,E,N,A,-,N,,,,,,,,,,Y,2,0,1,1,A,-,01,23152,A,N,E,8,A,A,H,-,D,D,0,,,,,Y,Y,A,01,1,0,0,0,0,0,0,0,0,"- ","- ",39.003711700439453,-121.60997009277344,SUTTER,UNINCORPORATED,,
94425310,2024,2024-10-09,9285,2024-08-05,"509 ",021599,,1,3,9,5100,0,1,3,,1,072,"STATE ROUTE 20","ACACIA AVENUE",4752.00,W,N,A,-,Y,SUT,,20," "," ",8.172,H,,R,Y,1,1,1,3,A,-,06,21751,,N,A,C,A,A,H,-,D,D,0,,,,Y,Y,,D,22,1,0,0,0,0,0,0,0,0,"- ","- ",39.142578125,-121.7725830078125,SUTTER,UNINCORPORATED,-121.7725830078125,39.142585754394531
9442581,2022,2022-05-16,5102,2022-04-14,1247,4073,2,4,5,4,5102,0,0,0,,0,002,"BRIDGE ST","OJI WY",35.00,W,N,B,C,N,,,,,,,,,,Y,3,0,3,2,A,-,03,22350,,N,C,C,A,B,H,-,A,A,0,,,,,Y,,A,01,0,1,2,0,0,0,0,0,0,"- ","- ",,,SUTTER,"YUBA CITY",-121.63699340820312,39.132366180419922
94425824,2024,2024-10-10,9285,2024-10-05,2000,022919,,6,2,9,5100,0,3,5,,1,001,"PACIFIC AVE","STRIPLIN RD",2798.00,N,N,A,-,N,,,,,,,,,,N,4,0,1,1,A,-,08,22107,,N,E,I,A,A,H,-,D,D,0,,,,,Y,,A,01,0,0,1,0,0,0,0,0,0,"- ","- ",38.874820709228516,-121.52517700195312,SUTTER,UNINCORPORATED,-121.52497100830078,38.874622344970703
94429226,2024,2024-10-14,9285,2024-10-06,2015,022919,,7,2,9,5100,0,1,3,,1,011,"SR-99 N/B","STRIPLIN RD",0.00,,Y,A,-,Y,SUT,,99," "," ",9.237,H,,R,N,3,0,2,2,A,-,12,22450,A,N,D,C,A,A,H,-,C,D,0,,,,,Y,,A,01,0,1,1,0,0,0,0,0,0,"- ","- ",38.866390228271484,-121.55477905273438,SUTTER,UNINCORPORATED,-121.55474853515625,38.866405487060547
94432270,2024,2024-10-15,9285,2024-10-09,1824,021012,,3,2,9,5100,0,3,5,,1,001,"MARCUM RD","PLEASANT GROVE RD",0.00,,Y,A,-,N,,,,,,,,,,Y,4,0,1,1,A,-,03,22350,,N,E,I,A,A,H,-,B,D,0,,,,,Y,,A,01,0,0,1,0,0,0,0,0,0,"- ","- ",38.896690368652344,-121.48789215087891,SUTTER,UNINCORPORATED,-121.48783111572266,38.89666748046875
94442539,2024,2024-10-23,9285,2024-10-18,2200,021012,,5,3,9,5100,0,3,5,,1,005,"OSWALD RD.","GEORGE WASHINGTON BLVD",2429.00,E,N,A,-,N,,,,,,,,,,Y,4,0,1,1,A,-,08,22107,,M,E,I,A,A,H,-,D,D,0,,,,,Y,,A,01,0,0,1,0,0,0,0,0,0,"- ","- ",39.068878173828125,-121.66348266601562,SUTTER,UNINCORPORATED,-121.66349029541016,39.068897247314453
94451435,2024,2024-10-30,9285,2024-10-22,1612,015976,,2,2,9,5100,0,2,4,,1,052,"GARDEN HWY","OSWALD RD",2640.00,S,N,A,-,N,,,,,,,,,,N,3,0,1,2,A,-,09,21804,A,N,D,C,A,A,H,-,A,D,0,,,,,Y,,D,22,0,1,0,0,0,0,0,0,0,"- ","- ",39.058681488037109,-121.61512756347656,SUTTER,UNINCORPORATED,-121.61510467529297,39.058475494384766
9445986,2022,2022-06-07,5102,2022-05-09,1546,4073,4,1,5,4,5102,0,0,0,,0,004,"FRANKLIN AV","BROWN AV",169.00,E,N,B,-,N,,,,,,,,,,Y,4,0,2,3,A,-,01,23152,A,N,C,C,A,B,H,-,A,D,0,,,,,Y,Y,A,01,0,0,2,0,0,0,0,0,0,"- ","- ",,,SUTTER,"YUBA CITY",-121.62752532958984,39.127223968505859
94460824,2024,2024-11-06,9285,2024-10-30,"744 ",015976,,3,1,9,5100,0,1,3,,1,051,SR-99,"LINCOLN RD",0.00,,Y,B,-,Y,SUT,,99," "," ",28.670,H,,R,N,3,0,1,2,A,-,08,22107,,N,D,G,A,A,H,-,A,A,0,,Y,,,Y,,-,"- ",0,1,0,0,0,0,1,0,0,"- ","- ",39.112781524658203,-121.63477325439453,SUTTER,UNINCORPORATED,-121.63462066650391,39.112781524658203
9446271,2022,2022-05-26,5102,2022-04-27,1145,4077,5,3,5,4,5102,0,0,0,,0,005,"GARDEN HWY","PERCY AV",375.00,S,N,A,-,N,,,,,,,,,,Y,3,0,1,2,A,-,08,22107,,N,C,E,A,A,H,-,A,D,0,,,,,Y,,D,22,0,1,0,0,0,0,0,0,0,"- ","- ",,,SUTTER,"YUBA CITY",-121.61370849609375,39.121444702148438
94476042,2024,2024-11-19,9285,2024-11-08,"653 ",019223,,5,1,9,5100,0,1,3,,1,051,"SR-99 S/B","LINCOLN RD",119.00,N,N,A,-,Y,SUT,,99," "," ",28.696,H,,L,N,4,0,2,3,A,-,03,22350,,N,C,C,A,A,H,-,A,A,0,,,,,Y,,D,22,0,0,2,0,0,0,0,0,0,"- ","- ",39.1131591796875,-121.63475036621094,SUTTER,UNINCORPORATED,-121.63475036621094,39.1131591796875
9447656,2022,2022-10-06,5102,2022-08-12,1209,4077,4,5,5,4,5102,0,0,0,,0,004,"BRIDGE ST","N BARRETT RD",0.00,,Y,A,-,N,,,,,,,,,,Y,4,0,2,2,A,-,08,21460,5,N,D,C,A,A,H,-,A,D,0,,,,,Y,Y,A,07,0,0,2,0,0,0,0,0,0,"- ","- ",,,SUTTER,"YUBA CITY",-121.63101196289062,39.132331848144531
9447660,2022,2022-10-06,5102,2022-08-02,1711,9000,4,2,5,4,5102,0,0,0,,0,004,"GRAY AV","LOUISE AV",0.00,,Y,A,-,N,,,,,,,,,,N,3,0,1,2,A,-,11,21456,C,N,D,C,A,A,H,-,A,A,0,,,,,Y,,A,01,0,1,0,0,0,0,0,0,0,"- ","- ",,,SUTTER,"YUBA CITY",-121.63015747070312,39.139766693115234
9447662,2022,2022-10-06,5102,2022-08-25,0807,4136,5,4,5,4,5102,0,0,0,,0,005,"GARDEN HWY","MILES AV",0.00,,Y,A,-,N,,,,,,,,,,N,3,0,1,2,A,-,10,21950,A,N,G,B,B,A,H,-,A,A,0,Y,,,,Y,,A,01,0,1,0,0,1,0,0,0,0,"- ","- ",,,SUTTER,"YUBA CITY",-121.61268615722656,39.122100830078125
94478580,2024,2025-05-07,9285,2024-10-13,"234 ",021599,,7,3,9,5100,0,1,3,,1,011,"SR-99 NORTHBOUND","HOWSLEY ROAD",4382.00,S,N,A,-,Y,SUT,,99," "," ",5.086,H,,R,Y,1,1,1,2,A,-,05,21651,B,N,A,C,A,A,H,-,D,A,0,,,,,Y,,A,07,1,0,0,0,0,0,0,0,0,"- ","- ",38.8095703125,-121.54357147216797,SUTTER,UNINCORPORATED,-121.54354858398438,38.8095703125
94484909,2024,2024-11-26,9285,2024-11-20,"515 ",021599,,3,3,9,5100,0,1,3,,1,011,"SR-99 S/B","SACRAMENTO AVE",3696.00,S,N,B,C,N,,,,,,,,,,Y,4,0,3,2,A,-,03,22350,,N,D,C,A,B,H,-,D,D,0,,,,,Y,,A,01,0,0,3,0,0,0,0,0,0,"- ","- ",38.909648895263672,-121.59587097167969,SUTTER,UNINCORPORATED,-121.59598541259766,38.9097900390625
94488663,2024,2024-12-02,9285,2024-11-19,"750 ",015976,,2,1,4,5102,1,4,S,,2,901,"SOUTH WALTON AVENUE","CHERRY STREET",42.00,S,N,B,-,N,,,,,,,,,,Y,3,0,13,3,A,-,03,22350,,N,C,2,A,A,H,-,A,D,0,,,,,Y,,H,13,0,1,12,0,0,0,0,0,0,"- ","- ",39.119850158691406,-121.64386749267578,SUTTER,"YUBA CITY",-121.64388275146484,39.119903564453125
94503001,2024,2024-12-13,9285,2024-12-04,1830,021012,,3,2,9,5100,0,3,5,,1,001,"HOWSLEY RD.","PLEASANT GROVE RD.",1606.00,W,N,A,-,N,,,,,,,,,,Y,3,0,1,1,A,-,01,23152,A,N,F,A,A,A,H,-,D,D,0,,,,,Y,Y,A,01,0,1,0,0,0,0,0,0,0,"- ","- ",38.823989868164062,-121.49372863769531,SUTTER,UNINCORPORATED,-121.49388885498047,38.823959350585938
94505941,2024,2024-12-16,9285,2024-12-08,1045,021567,,7,1,9,5100,0,1,3,,1,051,"SR-99 S/B",SR-113,2640.00,N,N,A,-,Y,SUT,,99," ",R,20.488,H,,L,Y,3,0,4,2,A,-,08,22107,,F,B,C,A,A,H,-,A,D,0,,,,,Y,,A,01,0,4,0,0,0,0,0,0,0,"- ","- ",39.009208679199219,-121.63480377197266,SUTTER,UNINCORPORATED,-121.63470458984375,39.009220123291016
94507054,2024,2024-12-24,9285,2024-12-08,2200,022867,,7,3,9,5100,0,1,3,,1,010,"SR-70 NORTHBOUND","KEMPTON RD",3802.00,N,N,A,-,Y,SUT,,70," "," ",7.745,H,,R,Y,3,0,1,1,A,-,01,23152,A,N,E,I,A,A,H,-,D,D,0,,,,,Y,Y,A,01,0,1,0,0,0,0,0,0,0,"- ","- ",38.964359283447266,-121.54318237304688,SUTTER,UNINCORPORATED,-121.54329681396484,38.964366912841797
94509112,2024,2024-12-18,9285,2024-12-10,1225,015976,,2,1,9,5100,0,1,3,,1,051,SR-99,"LINCOLN RD",190.00,S,N,B,-,Y,SUT,,99," "," ",28.625,H,,R,Y,3,0,1,2,A,-,03,22350,,N,C,C,A,A,H,-,A,A,0,,,,,Y,,A,07,0,1,0,0,0,0,0,0,0,"- ","- ",39.112140655517578,-121.63459777832031,SUTTER,UNINCORPORATED,-121.63461303710938,39.112140655517578
94512250,2024,2024-12-20,9285,2024-12-16,"935 ",019085,,1,1,9,5100,0,3,5,,1,007,"TIERRA BUENA RD","PEASE RD",0.00,,Y,C,-,N,,,,,,,,,,Y,4,0,1,2,A,-,12,22450,A,N,D,C,A,B,H,-,A,A,0,,,,Y,Y,,G,25,0,0,1,0,0,0,0,0,0,"- ","- ",39.170669555664062,-121.66233825683594,SUTTER,UNINCORPORATED,-121.66230010986328,39.170673370361328
94535615,2024,2025-01-13,9285,2024-12-18,"615 ",015976,,3,1,9,5100,0,3,5,,1,003,"PELGER ROAD","CRANMORE ROAD",4752.00,E,N,B,E,N,,,,,,,,,,Y,1,1,0,1,A,-,03,22350,,N,F,A,A,B,H,-,D,D,0,,,,,Y,,D,22,0,0,0,0,0,0,0,0,0,"- ","- ",38.9527587890625,-121.80255889892578,SUTTER,UNINCORPORATED,-121.80310821533203,38.952312469482422
94543170,2025,2025-01-20,9285,2025-01-12,1445,020805,,7,2,9,5100,0,1,3,,1,011,"SR-99 N/B","GARDEN HWY",930.00,S,N,A,-,Y,SUT,,99," "," ",11.816,H,,R,N,4,0,3,2,A,-,03,22350,,N,C,C,A,A,H,-,A,D,0,,,,,Y,,A,07,0,0,3,0,0,0,0,0,0,"- ","- ",38.897010803222656,-121.58200073242188,SUTTER,UNINCORPORATED,-121.58205413818359,38.89697265625
9454389,2022,2022-07-26,5102,2022-06-18,1854,4116,,6,5,4,5102,0,0,0,,0,,"RT 20","GEORGE WASHINGTON BL",18.00,W,N,A,-,Y,SUT,3,20,-,-,13.580,H,-,E,Y,3,0,1,2,A,-,03,22350,,N,C,C,A,A,H,-,A,A,0,,,,,Y,,A,01,0,1,0,0,0,0,0,0,0,"- ","- ",,,SUTTER,"YUBA CITY",-121.67197418212891,39.141315460205078
94548916,2025,2025-01-24,9285,2025-01-20,"638 ",017118,,1,1,9,5100,0,1,3,,1,051,"STATE ROUTE 99 S/B","BERRY ROAD",528.00,N,N,A,-,Y,SUT,,99," "," ",26.236,H,,L,Y,4,0,1,2,A,-,07,21658,A,F,B,C,A,A,H,-,D,D,0,,,,,Y,,-,99,0,0,1,0,0,0,0,0,0,"- ","- ",39.077999114990234,-121.63500213623047,SUTTER,UNINCORPORATED,-121.63494873046875,39.077999114990234
94550371,2025,2025-01-27,9285,2025-01-17,1400,019223,,5,2,9,5100,0,1,3,,1,072,SR-20,"HUMPHREY RD",0.00,,Y,A,-,Y,SUT,,20," "," ",10.676,H,,R,Y,4,0,2,2,A,-,09,21802,A,N,D,C,A,A,H,-,A,A,0,,,,,Y,,D,22,0,0,2,0,0,0,0,0,0,"- ","- ",39.141941070556641,-121.72615814208984,SUTTER,UNINCORPORATED,-121.72615814208984,39.141948699951172
9455522,2022,2022-07-06,5102,2022-05-31,0755,4077,4,2,5,4,5102,0,0,0,,0,004,"PLUMAS ST","BRIDGE ST",8.00,S,N,A,-,N,,,,,,,,,,N,3,0,1,2,A,-,10,21950,A,N,G,-,B,A,H,-,A,A,0,Y,,,,Y,,D,22,0,1,0,0,1,0,0,0,0,"- ","- ",,,SUTTER,"YUBA CITY",-121.61524963378906,39.135379791259766
9455525,2022,2022-07-13,5102,2022-06-10,1429,4124,3,5,5,4,5102,0,0,0,,0,003,"RT 20","GRAY AV",210.00,E,N,A,-,Y,SUT,3,20,-,-,15.850,H,-,W,N,3,0,1,2,A,-,08,22107,,N,C,C,A,A,H,-,A,A,0,,,,,Y,,D,22,0,1,0,0,0,0,0,0,0,"- ","- ",,,SUTTER,"YUBA CITY",-121.62952423095703,39.141819000244141
9455531,2022,2022-06-30,5102,2022-06-02,0803,4106,1,4,5,4,5102,0,0,0,,0,001,"BUTTE HOUSE RD","ELMER AV",240.00,W,N,A,-,N,,,,,,,,,,Y,4,0,2,4,A,-,03,22350,,N,C,C,A,A,H,-,A,A,0,,,,,Y,,A,07,0,0,2,0,0,0,0,0,0,"- ","- ",,,SUTTER,"YUBA CITY",-121.65670013427734,39.151660919189453
9455659,2022,2022-06-28,5102,2022-06-07,0700,4073,3,2,5,4,5102,0,0,0,,0,003,"PEASE RD","W ONSTOTT FRONTAGE RD",102.00,E,N,A,-,N,,,,,,,,,,Y,3,0,1,1,A,-,08,22107,,N,E,J,A,A,H,-,C,D,0,,,,,Y,,A,07,0,1,0,0,0,0,0,0,0,"- ","- ",,,SUTTER,"YUBA CITY",-121.63674163818359,39.170879364013672
94561979,2025,2025-02-03,9285,2025-01-29,1040,015976,,3,1,9,5100,0,1,3,,1,051,SR-99,"RICHLAND RD",0.00,,Y,A,-,Y,SUT,,99," "," ",29.038,H,,R,Y,4,0,1,2,A,-,12,21453,A,N,D,C,A,A,H,-,A,A,0,,,,,Y,,A,07,0,0,1,0,0,0,0,0,0,"- ","- ",39.118228912353516,-121.63474273681641,SUTTER,UNINCORPORATED,-121.63458251953125,39.118228912353516
9458211,2022,2022-06-13,5102,2022-04-22,1906,4117,3,5,5,4,5102,0,0,0,,0,003,"EAST ONSTOTT RD","QUEENS AV",97.00,N,N,A,-,N,,,,,,,,,,Y,3,0,1,2,A,-,03,22350,,N,F,I,A,A,H,-,A,D,0,,,,,Y,,A,01,0,1,0,0,0,0,0,0,0,"- ","- ",,,SUTTER,"YUBA CITY",-121.63422393798828,39.151912689208984
94587279,2025,2025-02-24,9285,2025-02-20,"200 ",022956,,4,3,9,5100,0,3,5,,1,001,"SANKEY RD","LOCUST RD",0.00,,Y,A,-,N,,,,,,,,,,Y,3,0,1,1,A,-,03,22350,,N,H,A,A,A,H,-,D,D,0,,,,,Y,,A,01,0,1,0,0,0,0,0,0,0,"- ","- ",38.780601501464844,-121.46977233886719,SUTTER,UNINCORPORATED,-121.46981048583984,38.7806396484375
94593147,2025,2025-02-28,9285,2025-02-27,1740,022956,,4,2,9,5100,0,1,3,,1,051,SR-99,"OSWALD RD",0.00,,Y,A,-,Y,SUT,,99," "," ",25.620,H,,R,Y,3,0,2,2,A,-,09,21801,A,N,D,C,A,A,H,-,A,D,0,,,,,Y,,D,22,0,2,0,0,0,0,0,0,0,"- ","- ",39.0689697265625,-121.63339996337891,SUTTER,UNINCORPORATED,-121.63336944580078,39.0689697265625
94597729,2025,2025-03-05,9285,2025-02-25,1520,015976,,2,2,9,5100,0,3,5,,1,007,"NORTH TOWNSHIP RD","BUTTE HOUSE RD",895.00,N,N,A,-,N,,,,,,,,,,Y,4,0,2,2,A,-,09,21801,A,N,D,C,A,A,H,-,A,D,0,,,,,Y,,D,22,0,0,2,0,0,0,0,0,0,"- ","- ",39.162979125976562,-121.68875885009766,SUTTER,UNINCORPORATED,-121.68866729736328,39.162906646728516
94610281,2025,2025-03-18,9285,2025-03-12,1805,016343,,3,2,9,5100,0,1,3,,1,072,"RIVIERA ROAD",SR-99,15.00,E,N,B,-,Y,SUT,,99," "," ",42.139,H,,R,N,4,0,1,1,A,-,01,23152,A,N,E,I,A,B,H,-,A,D,0,,,,,Y,Y,A,01,0,0,1,0,0,0,0,0,0,"- ","- ",39.301570892333984,-121.67108917236328,SUTTER,UNINCORPORATED,-121.67123413085938,39.301536560058594
94613040,2025,2025-03-21,9285,2025-03-13,1445,019223,,4,2,9,5100,0,1,3,,1,011,SR-99,SR-113,3398.00,S,N,C,-,Y,SUT,,99," ",R,19.319,H,,R,Y,4,0,1,3,A,-,03,22350,,N,D,C,A,B,H,-,A,D,0,,,,Y,Y,,A,07,0,0,1,0,0,0,0,0,0,"- ","- ",38.995281219482422,-121.6251220703125,SUTTER,UNINCORPORATED,-121.62513732910156,38.995273590087891
94624420,2025,2025-03-24,9285,2025-03-18,1658,015976,,2,2,9,5100,0,1,3,,1,051,SR-99,"SMITH RD",0.00,,Y,A,-,Y,SUT,,99," "," ",27.911,H,,R,Y,3,0,2,2,A,-,09,21802,A,N,D,C,A,A,H,-,A,A,0,,,,,Y,,A,01,0,1,1,0,0,0,0,0,0,"- ","- ",39.101940155029297,-121.63446807861328,SUTTER,UNINCORPORATED,-121.63443756103516,39.101940155029297
94639363,2025,2025-04-07,9285,2025-04-02,2215,022956,,3,3,4,5102,0,1,3,,1,051,SR99,"BOGUE RD",0.00,,Y,A,-,Y,SUT,,99," "," ",27.653,H,,R,N,4,0,1,2,A,-,12,21453,A,M,D,C,A,A,H,-,C,A,0,,,,,Y,,-,99,0,0,1,0,0,0,0,0,0,"- ","- ",39.098358154296875,-121.63437652587891,SUTTER,"YUBA CITY",-121.63442993164062,39.098361968994141
9464478,2022,2022-10-04,5102,2022-05-21,0051,4105,5,6,5,4,5102,0,0,0,,0,005,"GARDEN HWY","EPLEY DR",655.00,N,N,A,-,N,,,,,,,,,,N,1,1,0,2,A,-,08,22107,,F,C,G,A,A,H,-,C,D,0,,Y,,,Y,Y,-,,0,0,0,0,0,1,0,0,0,"- ","- ",,,SUTTER,"YUBA CITY",-121.61742401123047,39.112228393554688
94644886,2025,2025-04-10,9285,2025-04-03,1650,015976,,4,2,9,5100,0,3,5,,1,005,"LINCOLN RD",SR-99,360.00,W,N,A,-,N,,,,,,,,,,Y,4,0,2,3,A,-,03,22350,,N,C,C,A,A,H,-,A,A,0,,,,,Y,,A,07,0,0,2,0,0,0,0,0,0,"- ","- ",39.112728118896484,-121.63613891601562,SUTTER,UNINCORPORATED,-121.63595581054688,39.112743377685547