CASE_ID,ACCIDENT_YEAR,PROC_DATE,JURIS,COLLISION_DATE,COLLISION_TIME,OFFICER_ID,REPORTING_DISTRICT,DAY_OF_WEEK,CHP_SHIFT,POPULATION,CNTY_CITY_LOC,SPECIAL_COND,BEAT_TYPE,CHP_BEAT_TYPE,CITY_DIVISION_LAPD,CHP_BEAT_CLASS,BEAT_NUMBER,PRIMARY_RD,SECONDARY_RD,DISTANCE,DIRECTION,INTERSECTION,WEATHER_1,WEATHER_2,STATE_HWY_IND,CALTRANS_COUNTY,CALTRANS_DISTRICT,STATE_ROUTE,ROUTE_SUFFIX,POSTMILE_PREFIX,POSTMILE,LOCATION_TYPE,RAMP_INTERSECTION,SIDE_OF_HWY,TOW_AWAY,COLLISION_SEVERITY,NUMBER_KILLED,NUMBER_INJURED,PARTY_COUNT,PRIMARY_COLL_FACTOR,PCF_CODE_OF_VIOL,PCF_VIOL_CATEGORY,PCF_VIOLATION,PCF_VIOL_SUBSECTION,HIT_AND_RUN,TYPE_OF_COLLISION,MVIW,PED_ACTION,ROAD_SURFACE,ROAD_COND_1,ROAD_COND_2,LIGHTING,CONTROL_DEVICE,CHP_ROAD_TYPE,PEDESTRIAN_ACCIDENT,BICYCLE_ACCIDENT,MOTORCYCLE_ACCIDENT,TRUCK_ACCIDENT,NOT_PRIVATE_PROPERTY,ALCOHOL_INVOLVED,STWD_VEHTYPE_AT_FAULT,CHP_VEHTYPE_AT_FAULT,COUNT_SEVERE_INJ,COUNT_VISIBLE_INJ,COUNT_COMPLAINT_PAIN,COUNT_PED_KILLED,COUNT_PED_INJURED,COUNT_BICYCLIST_KILLED,COUNT_BICYCLIST_INJURED,COUNT_MC_KILLED,COUNT_MC_INJURED,PRIMARY_RAMP,SECONDARY_RAMP,LATITUDE,LONGITUDE,COUNTY,CITY,POINT_X,POINT_Y
8013389,2016,2017-02-11,5102,2016-03-11,1312,4096,5102,5,5,4,5102,0,0,0,,0,004,"RT 20","CLARK AV",173.00,E,N,B,C,Y,SUT,3,20,-,-,16.090,H,-,E,N,4,0,1,2,A,-,03,22350,,N,C,C,A,B,H,-,A,D,0,,,,,Y,,A,01,0,0,1,0,0,0,0,0,0,"- ","- ",,,SUTTER,"YUBA CITY",-121.62513481000001,39.141553520000002
8013421,2016,2016-04-12,5102,2016-03-03,1202,443,5102,4,5,4,5102,0,0,0,,0,004,"E 5TH ST BR","2ND ST",398.00,W,N,B,-,N,,,,,,,,,,Y,3,0,2,2,A,-,03,22350,,N,D,C,A,D,H,-,A,D,0,,,,,Y,,A,01,0,1,1,0,0,0,0,0,0,"- ","- ",,,SUTTER,"YUBA CITY",-121.61331117,39.142169860000003
8015521,2016,2016-04-18,5102,2016-03-23,1239,4081,5102,3,5,4,5102,0,0,0,,0,005,"BRIDGE ST","N BARRETT RD",0.00,,Y,A,-,N,,,,,,,,,,N,4,0,1,3,A,-,09,21801,A,N,D,C,A,A,H,-,A,D,0,,,,,Y,,A,01,0,0,1,0,0,0,0,0,0,"- ","- ",,,SUTTER,"YUBA CITY",-121.63100993,39.132329980000002
8018118,2016,2016-04-25,5102,2016-04-15,0349,2066,MAINO,5,5,4,5102,0,0,0,,0,007,"TRACY DR","GERMAINE DR",0.00,,Y,A,-,N,,,,,,,,,,Y,3,0,1,1,A,-,01,23152,A,M,A,I,A,A,-,-,C,C,0,,,,,Y,Y,A,01,0,1,0,0,0,0,0,0,0,"- ","- ",,,SUTTER,"YUBA CITY",-121.64752991,39.107359950000003
8023256,2016,2016-04-22,5102,2016-02-06,1202,2246,5100,6,5,4,5102,0,0,0,,0,007,"DHILLON DR","NEPAL CT",0.00,,Y,A,-,N,,,,,,,,,,N,4,0,1,2,A,-,21,22106,,N,C,C,A,A,H,-,A,D,0,,,,,Y,,-,,0,0,1,0,0,0,0,0,0,"- ","- ",,,SUTTER,"YUBA CITY",-121.65240993,39.1007599
8023259,2016,2016-04-25,5102,2016-01-24,2041,5097,89,7,5,4,5102,0,0,0,,0,007,"LINCOLN RD","YOLANDA DR",0.00,,Y,A,-,N,,,,,,,,,,Y,4,0,3,2,A,-,03,22350,,N,C,C,A,A,H,-,C,D,0,,,,,Y,,A,01,0,0,3,0,0,0,0,0,0,"- ","- ",,,SUTTER,"YUBA CITY",-121.65183999999999,39.112709950000003
8023263,2016,2017-01-31,5100,2016-01-19,0744,2236,5101,2,5,2,5101,0,0,0,,0,02A,"RT 99","ELM ST",0.00,,Y,B,C,Y,SUT,3,99,-,-,40.050,H,-,N,Y,4,0,1,5,A,-,03,22350,,N,C,C,A,B,H,-,A,A,0,,,,,Y,,A,01,0,0,1,0,0,0,0,0,0,"- ","- ",,,SUTTER,"LIVE OAK",-121.66057373,39.273237940000001
8026056,2016,2017-02-24,5102,2016-04-01,1623,4100,SUTTE,5,5,4,5102,0,0,0,,0,002,"RT 20","CIVIC CENTER BL",0.00,,Y,A,-,Y,SUT,3,20,-,R,15.420,H,-,W,Y,3,0,1,2,A,-,09,21804,A,N,D,C,A,A,H,-,A,D,0,,,,,Y,,A,01,0,1,0,0,0,0,0,0,0,"- ","- ",,,SUTTER,"YUBA CITY",-121.63799363,39.141848019999998
8026087,2016,2016-04-25,5102,2016-03-29,2228,4077,5102,2,5,4,5102,0,0,0,,0,004,"FRANKLIN AV","PALORA AV",150.00,E,N,A,-,N,,,,,,,,,,N,3,0,1,2,A,-,08,22107,,F,G,B,E,A,H,-,C,D,0,Y,,,,Y,Y,A,01,0,1,0,0,1,0,0,0,0,"- ","- ",,,SUTTER,"YUBA CITY",-121.63330143,39.127299999999998
8026091,2016,2016-04-21,5102,2016-03-30,0831,4083,5102,3,5,4,5102,0,0,0,,0,005,"LINCOLN RD","JONES RD",29.00,S,N,A,-,N,,,,,,,,,,Y,3,0,2,2,A,-,12,22450,A,N,D,C,A,A,H,-,A,A,0,,,,,Y,,A,01,0,2,0,0,0,0,0,0,0,"- ","- ",,,SUTTER,"YUBA CITY",-121.62729,39.112679999999997
8027828,2016,2016-06-09,5102,2016-04-11,1540,4073,5102,1,5,4,5102,0,0,0,,0,003,"QUEENS AV","PLUMAS ST",0.00,,Y,A,-,N,,,,,,,,,,Y,3,0,1,2,A,-,09,21802,A,N,D,C,A,A,H,-,A,A,0,,,,,Y,,-,,0,1,0,0,0,0,0,0,0,"- ","- ",,,SUTTER,"YUBA CITY",-121.61832998,39.152519939999998
8027836,2016,2017-02-24,5102,2016-04-01,0922,448,3,5,5,4,5102,0,0,0,,0,,"RT 20","PLUMAS ST",0.00,,Y,A,-,Y,SUT,3,20,-,-,16.320,I,5,E,Y,4,0,1,2,A,-,12,21453,A,N,D,C,A,A,H,-,A,A,0,,,,,Y,,D,22,0,0,1,0,0,0,0,0,0,"- ","- ",39.140639999999998,-121.61763999999999,SUTTER,"YUBA CITY",-121.62094485999999,39.141293099999999
8027840,2016,2016-04-28,5102,2016-04-02,1856,4045,S102,6,5,4,5102,0,0,0,,0,005,"CLARK AV","JULIE DR",12.00,N,N,A,-,N,,,,,,,,,,Y,4,0,2,2,A,-,03,22350,,N,C,C,A,A,H,-,A,D,0,,,,,Y,,A,01,0,0,2,0,0,0,0,0,0,"- ","- ",,,SUTTER,"YUBA CITY",-121.62477,39.123442949999998
8028109,2016,2016-04-27,5102,2016-04-13,1504,4073,5102,3,5,4,5102,0,0,0,,0,004,"CLARK AV","KIMBALL AV",0.00,,Y,A,-,N,,,,,,,,,,Y,3,0,3,2,A,-,09,21802,A,N,D,C,A,A,H,-,A,A,0,,,,,Y,,-,,0,2,1,0,0,0,0,0,0,"- ","- ",,,SUTTER,"YUBA CITY",-121.62526991,39.134269930000002
8028117,2016,2016-04-27,5102,2016-04-08,1457,4073,5102,5,5,4,5102,0,0,0,,0,002,"STABLER LN","POOLE BL",500.00,N,N,A,B,N,,,,,,,,,,N,3,0,1,3,A,-,09,21801,A,N,B,C,A,A,H,-,A,D,0,,,,,Y,,-,,0,1,0,0,0,0,0,0,0,"- ","- ",,,SUTTER,"YUBA CITY",-121.64396000000001,39.14608303
8029765,2016,2016-05-13,5102,2016-04-21,1438,4073,5102,4,5,4,5102,0,0,0,,0,002,"BUTTE HOUSE RD","STABLER LN",50.00,W,N,A,-,N,,,,,,,,,,Y,3,0,2,2,A,-,09,21802,A,N,D,C,A,A,H,-,A,D,0,,,,,Y,,-,,0,2,0,0,0,0,0,0,0,"- ","- ",,,SUTTER,"YUBA CITY",-121.64413604000001,39.148076240000002
8035421,2016,2016-06-10,5102,2016-05-05,1006,482,4,4,5,4,5102,0,0,0,,0,5102,"GRAY AV","LOUISE AV",15.00,S,N,B,-,N,,,,,,,,,,Y,4,0,2,2,A,-,03,22350,,N,C,C,A,A,H,-,A,A,0,,,,,Y,,D,22,0,0,2,0,0,0,0,0,0,"- ","- ",,,SUTTER,"YUBA CITY",-121.63015858,39.139728820000002
8035441,2016,2016-05-31,5102,2016-05-07,1333,4073,4,6,5,4,5102,0,0,0,,0,,"BRIDGE ST","SHASTA ST",0.00,,Y,B,-,N,,,,,,,,,,N,3,0,2,2,A,-,12,21453,A,N,D,C,A,A,H,-,A,A,0,,,,,Y,,A,07,0,1,1,0,0,0,0,0,0,"- ","- ",39.135939999999998,-121.61371,SUTTER,"YUBA CITY",-121.61366997,39.135959900000003
8035443,2016,2016-06-06,5102,2016-05-13,1437,4094,4,5,5,4,5102,0,0,0,,0,004,"BRIDGE ST","N PALORA AV",0.00,,Y,A,-,N,,,,,,,,,,N,3,0,1,2,A,-,09,21802,,N,D,G,A,A,H,-,A,A,0,,Y,,,Y,,A,01,0,1,0,0,0,0,1,0,0,"- ","- ",,,SUTTER,"YUBA CITY",-121.63348994,39.132389959999998
8035591,2016,2017-02-24,5102,2016-05-03,1536,4083,2,2,5,4,5102,0,0,0,,0,,"RT 20","WALTON AV",48.00,N,N,A,-,Y,SUT,3,20,-,R,15.094,I,5,E,N,4,0,1,2,A,-,01,23153,A,N,D,C,A,A,H,-,A,A,0,,,,,Y,Y,A,01,0,0,1,0,0,0,0,0,0,"- ","- ",39.141500000000001,-121.64848000000001,SUTTER,"YUBA CITY",-121.64400848,39.141660029999997
8038508,2016,2017-02-24,5102,2016-04-08,1354,4079,5102,5,5,4,5102,0,0,0,,0,002,"RT 20","RT 99",200.00,E,N,A,-,Y,SUT,3,20,-,-,15.610,H,-,W,N,4,0,1,2,A,-,03,22350,,N,C,C,A,A,H,-,A,D,0,,,,,Y,,D,22,0,0,1,0,0,0,0,0,0,"- ","- ",,,SUTTER,"YUBA CITY",-121.63401347,39.141911129999997
8038512,2016,2017-02-24,5102,2016-04-17,1542,4073,2,7,5,4,5102,0,0,0,,0,,"RT 20","CIVIC CENTER BL",30.00,W,N,A,-,Y,SUT,3,20,-,R,15.340,H,-,E,N,4,0,2,2,A,-,01,23152,E,N,B,C,A,A,H,-,A,D,0,,,,,Y,,D,22,0,0,2,0,0,0,0,0,0,"- ","- ",,,SUTTER,"YUBA CITY",-121.63945862999999,39.14175505
8038900,2016,2016-05-13,5102,2016-03-25,2324,4069,5102,5,5,4,5102,0,0,0,,0,002,"GRAY AV","BRIDGE ST",0.00,,Y,A,-,N,,,,,,,,,,Y,4,0,1,2,D,-,00,,,N,D,C,A,A,H,-,C,A,0,,,,,Y,,-,"- ",0,0,1,0,0,0,0,0,0,"- ","- ",,,SUTTER,"YUBA CITY",-121.62990987000001,39.132289909999997
8038935,2016,2017-02-24,5102,2016-04-15,1715,4095,2,5,5,4,5102,0,0,0,,0,,"RT 99","BRIDGE ST",0.00,,Y,A,-,Y,SUT,3,99,-,-,30.030,I,5,N,Y,4,0,1,2,A,-,12,21453,A,N,D,C,A,A,H,-,B,A,0,,,,,Y,,-,"- ",0,0,1,0,0,0,0,0,0,"- ","- ",,,SUTTER,"YUBA CITY",-121.63445108000001,39.132409799999998
8060757,2016,2017-02-24,5102,2016-05-13,1500,4045,,5,5,4,5102,0,0,0,,0,002,"RT 20","CIVIC CENTER BL",73.00,W,N,A,-,Y,SUT,3,20,-,R,15.340,H,-,E,N,4,0,1,3,A,-,03,22350,,N,C,C,A,A,H,-,A,A,0,,,,,Y,,D,22,0,0,1,0,0,0,0,0,0,"- ","- ",,,SUTTER,"YUBA CITY",-121.63945862999999,39.14175505
8066326,2016,2016-06-29,5102,2016-05-26,0621,477,5,4,5,4,5102,0,0,0,,0,5102,"GARDEN HWY","SAMUEL DR",0.00,,Y,A,-,N,,,,,,,,,,Y,3,0,1,1,A,-,05,21650,,N,E,I,A,A,H,-,A,A,0,,,,,Y,,A,01,0,1,0,0,0,0,0,0,0,"- ","- ",,,SUTTER,"YUBA CITY",-121.61076998,39.12346994
8066330,2016,2016-06-22,5102,2016-05-14,1623,4102,3,6,5,4,5102,0,0,0,,0,5102,"LIVE OAK BL","DOWNIE ST",59.00,S,N,A,-,N,,,,,,,,,,N,4,0,2,2,A,-,08,22107,,M,B,C,A,A,H,-,A,D,0,,,,,Y,,A,01,0,0,2,0,0,0,0,0,0,"- ","- ",,,SUTTER,"YUBA CITY",-121.62058759,39.153228089999999
8069452,2016,2016-06-28,5102,2016-06-02,1351,4060,,4,5,4,5102,0,0,0,,0,004,"FORBES AV","OLIVE ST",0.00,,Y,A,-,N,,,,,,,,,,Y,3,0,1,2,A,-,09,21802,A,N,D,C,A,A,H,-,A,A,0,,,,,Y,,A,01,0,1,0,0,0,0,0,0,0,"- ","- ",,,SUTTER,"YUBA CITY",-121.62127999000001,39.137729950000001
8069456,2016,2016-06-28,5102,2016-06-02,0757,4073,2,4,5,4,5102,0,0,0,,0,,"TRES PICOS DR","SOMERSET WY",110.00,W,N,A,-,N,,,,,,,,,,Y,3,0,1,2,A,-,08,22107,,N,B,E,A,A,H,-,A,D,0,,,,,Y,,A,01,0,1,0,0,0,0,0,0,0,"- ","- ",,,SUTTER,"YUBA CITY",-121.64501801,39.163917249999997
8069468,2016,2016-07-07,5102,2016-06-03,1144,9013,3,5,5,4,5102,0,0,0,,0,003,"NORTHGATE & GRAY AV","NORTHGATE DR",0.00,,Y,A,-,N,,,,,,,,,,Y,3,0,1,2,A,-,09,21802,A,N,D,C,A,A,H,-,A,D,0,,,,,Y,,A,01,0,1,0,0,0,0,0,0,0,"- ","- ",39.159750000000003,-121.63014,SUTTER,"YUBA CITY",-121.63014,39.159750000000003
8069469,2016,2017-02-18,5102,2016-06-21,2131,4072,2,2,5,4,5102,0,0,0,,0,5102,"RT 99","SUNSWEET BL",20.00,S,N,A,-,Y,SUT,3,99,-,-,30.240,H,-,N,Y,4,0,1,2,A,-,03,22350,,N,C,C,A,A,H,-,C,A,0,,,,,Y,,A,01,0,0,1,0,0,0,0,0,0,"- ","- ",,,SUTTER,"YUBA CITY",-121.6345075,39.135554689999999
8069472,2016,2016-07-07,5102,2016-06-07,0552,4046,3,2,5,4,5102,0,0,0,,0,,"WILLOW GLEN DR","WOODLAND DR",15.00,E,N,A,-,N,,,,,,,,,,Y,3,0,1,2,A,-,08,22107,,M,C,E,A,A,H,-,A,D,0,,,,,Y,,A,01,0,1,0,0,0,0,0,0,0,"- ","- ",39.158520000000003,-121.63317000000001,SUTTER,"YUBA CITY",-121.63306710000001,39.158529469999998
8069473,2016,2016-06-29,5102,2016-06-13,0914,4073,2,1,5,4,5102,0,0,0,,0,,"BUTTE HOUSE RD","STABLER LN",0.00,,Y,A,-,N,,,,,,,,,,Y,4,0,1,3,A,-,12,21453,A,N,B,C,A,A,H,-,A,A,0,,,,,Y,,A,01,0,0,1,0,0,0,0,0,0,"- ","- ",,,SUTTER,"YUBA CITY",-121.64396988,39.148029909999998
8069477,2016,2016-06-29,5102,2016-06-01,1539,9013,3,3,5,4,5102,0,0,0,,0,003,"MARKET ST","BIRD ST",129.00,S,N,A,-,N,,,,,,,,,,N,3,0,1,2,A,-,05,21650,1,N,D,G,A,A,H,-,A,D,0,,Y,,,Y,,L,04,0,1,0,0,0,0,1,0,0,"- ","- ",39.147060000000003,-121.61454000000001,SUTTER,"YUBA CITY",-121.61454000000001,39.146665949999999
8069480,2016,2017-02-11,5102,2016-06-11,1613,4100,4,6,5,4,5102,0,0,0,,0,004,"COLUSA AV","STAFFORD WY",0.00,,Y,A,-,Y,SUT,3,20,-,-,15.940,H,-,E,N,3,0,1,2,A,-,09,21804,A,N,D,G,A,A,H,-,A,D,0,,Y,,,Y,,L,04,0,1,0,0,0,0,1,0,0,"- ","- ",39.141680000000001,-121.62784000000001,SUTTER,"YUBA CITY",-121.62789674,39.141624880000002
8069484,2016,2016-06-28,5102,2016-06-10,1239,4073,1,5,5,4,5102,0,0,0,,0,,"N COLUSA FRONTAGE RD","HOOPER RD",10.00,W,N,A,-,N,,,,,,,,,,Y,3,0,1,1,A,-,08,22107,,N,A,I,A,A,H,-,A,D,0,,,,,Y,,A,01,0,1,0,0,0,0,0,0,0,"- ","- ",,,SUTTER,"YUBA CITY",-121.66717525999999,39.141659650000001
8069492,2016,2017-02-11,5102,2016-06-13,1035,4073,4,1,5,4,5102,0,0,0,,0,,"RT 20","GRAY AV",0.00,,Y,A,-,Y,SUT,3,20,-,-,15.810,I,5,E,N,4,0,1,2,A,-,21,22106,,N,G,B,B,A,H,-,A,A,0,Y,,,,Y,,A,01,0,0,1,0,1,0,0,0,0,"- ","- ",,,SUTTER,"YUBA CITY",-121.63030126,39.141682930000002
8069493,2016,2016-06-29,5102,2016-05-25,1314,4083,3,3,5,4,5102,0,0,0,,0,,"FORBES AV","ORANGE ST",17.00,S,N,A,-,N,,,,,,,,,,Y,4,0,1,2,A,-,09,21802,A,N,D,C,A,A,H,-,A,A,0,,,,,Y,,A,01,0,0,1,0,0,0,0,0,0,"- ","- ",,,SUTTER,"YUBA CITY",-121.62246,39.13776
8069500,2016,2016-06-28,5102,2016-06-22,1628,4073,1,3,5,4,5102,0,0,0,,0,,"FRANKLIN RD","BUTTE AV",25.00,E,N,A,-,N,,,,,,,,,,Y,4,0,2,3,A,-,03,22350,,N,C,C,A,A,H,-,A,D,0,,,,,Y,,A,01,0,0,2,0,0,0,0,0,0,"- ","- ",,,SUTTER,"YUBA CITY",-121.66929186,39.127120759999997
8071479,2016,2016-06-29,5102,2016-05-27,0940,477,,5,5,4,5102,0,0,0,,0,,WINSHIP,"MAIN ST",0.00,,Y,A,-,N,,,,,,,,,,N,3,0,1,2,A,-,09,21802,A,N,D,C,A,A,H,-,A,A,0,,,,,Y,,A,01,0,1,0,0,0,0,0,0,0,"- ","- ",,,SUTTER,"YUBA CITY",-121.61880992,39.11920997
8071480,2016,2016-06-29,5102,2016-05-27,1816,485,4,5,5,4,5102,0,0,0,,0,004,"B ST","PINE WY",0.00,,Y,A,-,N,,,,,,,,,,Y,3,0,1,2,A,-,07,21658,A,N,B,D,A,A,H,-,A,D,0,,,Y,,Y,,C,02,0,1,0,0,0,0,0,0,0,"- ","- ",,,SUTTER,"YUBA CITY",-121.61851998,39.132029950000003
8078177,2016,2016-07-18,5102,2016-06-10,1551,4045,3,5,5,4,5102,0,0,0,,0,003,"LIVE OAK BL","WASHINGTON AV",31.00,S,N,A,-,N,,,,,,,,,,Y,4,0,1,2,A,-,08,22107,,N,D,C,A,A,H,-,A,D,0,,,,,Y,,A,01,0,0,1,0,0,0,0,0,0,"- ","- ",,,SUTTER,"YUBA CITY",-121.62067999999999,39.149044869999997
8078414,2016,2016-07-14,5102,2016-07-03,1020,4016,3,7,5,4,5102,0,0,0,,0,003,"GRAY AV","WASHINGTON AV",0.00,,Y,A,-,N,,,,,,,,,,Y,3,0,1,2,A,-,09,21802,A,N,D,C,A,A,H,-,A,D,0,,,,,Y,,A,01,0,1,0,0,0,0,0,0,0,"- ","- ",,,SUTTER,"YUBA CITY",-121.63017997999999,39.149070000000002
8080961,2016,2016-08-04,5102,2016-07-16,1029,9015,,6,5,4,5102,0,0,0,,0,002,"STABLER LN","BUTTE HOUSE RD",75.00,E,N,A,-,N,,,,,,,,,,Y,4,0,1,2,A,-,08,22107,,N,B,C,A,A,H,-,A,A,0,,,,,Y,,A,01,0,0,1,0,0,0,0,0,0,"- ","- ",39.14808,-121.64397,SUTTER,"YUBA CITY",-121.64397,39.148029999999999
8080965,2016,2016-08-04,5102,2016-07-13,1659,4094,4,3,5,4,5102,0,0,0,,0,004,"GRAY AV","FREDERICK ST",0.00,,Y,A,-,N,,,,,,,,,,N,4,0,1,2,A,-,08,22107,,N,D,C,A,A,H,-,A,D,0,,,,,Y,,A,01,0,0,1,0,0,0,0,0,0,"- ","- ",39.130899999999997,-121.62989,SUTTER,"YUBA CITY",-121.62986991,39.13094993
8082009,2016,2016-07-19,5102,2016-06-03,0501,4091,,5,5,4,5102,0,0,0,,0,004,"FRANKLIN AV","WILBUR AV",0.00,,Y,A,-,N,,,,,,,,,,N,4,0,1,2,A,-,12,22450,A,N,D,C,A,A,-,-,B,D,0,,,,,Y,,A,01,0,0,1,0,0,0,0,0,0,"- ","- ",39.130360000000003,-121.61138,SUTTER,"YUBA CITY",-121.61134989999999,39.130359939999998
8082013,2016,2016-07-18,5102,2016-06-24,0834,4016,2,5,5,4,5102,0,0,0,,0,002,"QUEENS AV","GRAY AV",75.00,E,N,A,-,N,,,,,,,,,,Y,3,0,1,3,A,-,03,22350,,N,C,C,A,A,H,-,A,D,0,,,,,Y,,D,22,0,1,0,0,0,0,0,0,0,"- ","- ",,,SUTTER,"YUBA CITY",-121.6297955,39.151827699999998
8082017,2016,2017-02-18,5102,2016-06-29,1040,4083,2,3,5,4,5102,0,0,0,,0,,"RT 99","FRANKLIN AV",0.00,,Y,A,-,Y,SUT,3,99,-,-,29.670,I,5,N,Y,4,0,1,2,A,-,12,21453,A,N,D,C,A,A,H,-,A,A,0,,,,Y,Y,,F,56,0,0,1,0,0,0,0,0,0,"- ","- ",,,SUTTER,"YUBA CITY",-121.63447675,39.127329809999999
8082025,2016,2017-02-11,5102,2016-06-19,1249,4058,1,7,5,4,5102,0,0,0,,0,001,"GEORGE WASHINGTON","RT 20",0.00,,Y,A,-,Y,SUT,3,20,-,-,13.600,I,5,E,Y,4,0,2,2,A,-,12,21453,A,N,D,C,A,A,H,-,-,A,0,,,,,Y,,D,22,0,0,2,0,0,0,0,0,0,"- ","- ",39.141469999999998,-121.67158000000001,SUTTER,"YUBA CITY",-121.67170581000001,39.141340100000001
8082149,2016,2017-02-11,5102,2016-06-22,1808,4093,3,3,5,4,5102,0,0,0,,0,003,"RT 20","MARKET ST",30.00,E,N,A,-,Y,SUT,3,20,-,-,31.100,H,-,W,Y,4,0,2,2,A,-,03,22350,,N,C,C,A,A,H,-,A,A,0,,,,,Y,,A,01,0,0,2,0,0,0,0,0,0,"- ","- ",,,SUTTER,"YUBA CITY",,
8082153,2016,2016-07-19,5102,2016-06-21,1124,448,3,2,5,4,5102,0,0,0,,0,,"PLUMAS ST","CHURCH ST",75.00,N,N,A,-,N,,,,,,,,,,N,4,0,1,2,A,-,03,22350,,N,C,C,A,A,H,-,A,D,0,,,,,Y,,A,01,0,0,1,0,0,0,0,0,0,"- ","- ",39.139110000000002,-121.617,SUTTER,"YUBA CITY",-121.61699072,39.139023459999997
8085866,2016,2017-02-28,5102,2016-07-11,1127,4083,2,1,5,4,5102,0,0,0,,0,,"RT 99","SUNSWEET BL",0.00,,Y,A,-,Y,SUT,3,99,-,-,30.252,I,5,S,Y,3,0,2,2,A,-,12,21453,A,N,D,C,A,A,H,-,A,A,0,,,,,Y,,A,01,0,2,0,0,0,0,0,0,0,"- ","- ",,,SUTTER,"YUBA CITY",-121.63468324,39.135717360000001
8085870,2016,2017-02-28,5102,2016-07-02,1631,9009,1,6,5,4,5102,0,0,0,,0,001,"COLUSA HWY","STABLER LN",0.00,,Y,A,-,Y,SUT,3,20,-,-,15.094,I,5,W,Y,4,0,2,2,A,-,12,21453,A,N,D,C,A,A,H,-,A,A,0,,,,,Y,,A,01,0,0,2,0,0,0,0,0,0,"- ","- ",,,SUTTER,"YUBA CITY",-121.64378959,39.14179567
8089495,2016,2016-09-20,5102,2016-08-06,2204,4087,5,6,5,4,5102,0,0,0,,0,005,"CLARK AV","MORTON ST",0.00,,Y,A,-,N,,,,,,,,,,N,3,0,1,2,A,-,12,22450,A,N,B,G,A,A,H,-,C,A,0,,Y,,,Y,,L,04,0,1,0,0,0,0,1,0,0,"- ","- ",39.1248,-121.62478,SUTTER,"YUBA CITY",-121.62476992000001,39.124789980000003
8094685,2016,2017-02-28,5102,2016-07-01,1748,4091,2,5,5,4,5102,0,0,0,,0,002,"COLUSA AV","RT 99",150.00,W,N,A,-,Y,SUT,3,20,-,-,15.540,H,-,W,N,4,0,1,2,A,-,09,21804,A,N,D,C,A,A,H,-,A,D,0,,,,,Y,,A,01,0,0,1,0,0,0,0,0,0,"- ","- ",39.141210000000001,-121.63643,SUTTER,"YUBA CITY",-121.63532515999999,39.141891229999999
8094689,2016,2017-02-28,5102,2016-07-12,1524,4083,3,2,5,4,5102,0,0,0,,0,,"RT 20","STAFFORD WY",0.00,,Y,A,-,Y,SUT,3,20,-,-,15.940,I,5,E,Y,3,0,3,5,A,-,09,21801,A,N,D,C,A,A,H,-,A,D,0,,,,,Y,,A,01,0,1,2,0,0,0,0,0,0,"- ","- ",,,SUTTER,"YUBA CITY",-121.62789674,39.141624880000002
8094758,2016,2016-08-04,5102,2016-07-10,1345,9012,2,7,5,4,5102,0,0,0,,0,002,WALTON,"WILD FLOWER CIR",0.00,,Y,A,-,N,,,,,,,,,,N,4,0,1,2,A,-,09,21802,A,N,B,C,A,A,H,-,A,D,0,,,,,Y,,A,01,0,0,1,0,0,0,0,0,0,"- ","- ",39.13147,-121.64389,SUTTER,"YUBA CITY",-121.64388999000001,39.131449959999998
8095499,2016,2016-08-03,5102,2016-07-07,1502,4026,2,4,5,4,5102,0,0,0,,0,SUTTER,"BRIDGE ST","WALTON AV",220.00,E,N,A,-,N,,,,,,,,,,Y,3,0,1,2,A,-,08,22107,,N,B,C,A,A,H,-,A,A,0,,,,,Y,,A,01,0,1,0,0,0,0,0,0,0,"- ","- ",,,SUTTER,"YUBA CITY",-121.64310429,39.132350010000003
8097683,2016,2016-08-18,5102,2016-08-06,0304,4076,1,6,5,4,5102,0,0,0,,0,001,"EL MARGARITA RD","IMPERIAL WY",291.00,S,N,A,-,N,,,,,,,,,,Y,3,0,1,2,A,-,07,21658,,N,C,E,A,A,H,-,C,D,0,,,,,Y,,A,01,0,1,0,0,0,0,0,0,0,"- ","- ",,,SUTTER,"YUBA CITY",-121.66238344999999,39.129610880000001
8097687,2016,2016-08-18,5102,2016-08-01,0834,4067,2,1,5,4,5102,0,0,0,,0,002,"BUTTE HOUSE RD","EL DORADO",250.00,N,N,A,-,N,,,,,,,,,,Y,4,0,1,2,A,-,05,21650,,N,A,C,A,A,H,-,A,A,0,,,,,Y,,A,01,0,0,1,0,0,0,0,0,0,"- ","- ",39.146560000000001,-121.63867999999999,SUTTER,"YUBA CITY",-121.63946452,39.14679314
8097691,2016,2016-08-18,5102,2016-07-25,1435,448,4,1,5,4,5102,0,0,0,,0,004,"BRIDGE ST","N PALORA AV",0.00,,Y,A,-,N,,,,,,,,,,Y,4,0,1,2,A,-,09,21801,A,N,D,C,A,A,H,-,A,D,0,,,,,Y,,A,01,0,0,1,0,0,0,0,0,0,"- ","- ",39.132399999999997,-121.63444,SUTTER,"YUBA CITY",-121.63348994,39.132389959999998
8097789,2016,2017-02-28,5102,2016-07-28,1703,4073,2,4,5,4,5102,0,0,0,,0,,"RT 99","BRIDGE ST",150.00,N,N,A,-,Y,SUT,3,99,-,-,30.060,H,-,S,N,4,0,1,2,A,-,03,22350,,N,C,C,A,A,H,-,A,D,0,,,,,Y,,A,01,0,0,1,0,0,0,0,0,0,"- ","- ",,,SUTTER,"YUBA CITY",-121.63458885999999,39.132856050000001
8097794,2016,2016-08-17,5102,2016-07-18,1910,4022,4,1,5,4,5102,0,0,0,,0,004,"FORBES AV","OLIVE ST",0.00,,Y,A,-,N,,,,,,,,,,Y,2,0,3,4,A,-,01,23152,A,N,D,C,A,A,H,-,A,A,0,,,,,Y,Y,A,01,2,0,1,0,0,0,0,0,0,"- ","- ",,,SUTTER,"YUBA CITY",-121.62127999000001,39.137729950000001