CASE_ID,ACCIDENT_YEAR,PROC_DATE,JURIS,COLLISION_DATE,COLLISION_TIME,OFFICER_ID,REPORTING_DISTRICT,DAY_OF_WEEK,CHP_SHIFT,POPULATION,CNTY_CITY_LOC,SPECIAL_COND,BEAT_TYPE,CHP_BEAT_TYPE,CITY_DIVISION_LAPD,CHP_BEAT_CLASS,BEAT_NUMBER,PRIMARY_RD,SECONDARY_RD,DISTANCE,DIRECTION,INTERSECTION,WEATHER_1,WEATHER_2,STATE_HWY_IND,CALTRANS_COUNTY,CALTRANS_DISTRICT,STATE_ROUTE,ROUTE_SUFFIX,POSTMILE_PREFIX,POSTMILE,LOCATION_TYPE,RAMP_INTERSECTION,SIDE_OF_HWY,TOW_AWAY,COLLISION_SEVERITY,NUMBER_KILLED,NUMBER_INJURED,PARTY_COUNT,PRIMARY_COLL_FACTOR,PCF_CODE_OF_VIOL,PCF_VIOL_CATEGORY,PCF_VIOLATION,PCF_VIOL_SUBSECTION,HIT_AND_RUN,TYPE_OF_COLLISION,MVIW,PED_ACTION,ROAD_SURFACE,ROAD_COND_1,ROAD_COND_2,LIGHTING,CONTROL_DEVICE,CHP_ROAD_TYPE,PEDESTRIAN_ACCIDENT,BICYCLE_ACCIDENT,MOTORCYCLE_ACCIDENT,TRUCK_ACCIDENT,NOT_PRIVATE_PROPERTY,ALCOHOL_INVOLVED,STWD_VEHTYPE_AT_FAULT,CHP_VEHTYPE_AT_FAULT,COUNT_SEVERE_INJ,COUNT_VISIBLE_INJ,COUNT_COMPLAINT_PAIN,COUNT_PED_KILLED,COUNT_PED_INJURED,COUNT_BICYCLIST_KILLED,COUNT_BICYCLIST_INJURED,COUNT_MC_KILLED,COUNT_MC_INJURED,PRIMARY_RAMP,SECONDARY_RAMP,LATITUDE,LONGITUDE,COUNTY,CITY,POINT_X,POINT_Y
8426817,2017,2017-08-14,5102,2017-07-11,0957,4016,1,2,5,4,5102,0,0,0,,0,001,"ROYO RANCHERO DR","LIBBY LN",0.00,,Y,A,-,N,,,,,,,,,,Y,4,0,1,2,A,-,09,21801,A,N,D,C,A,A,H,-,A,D,0,,,,,Y,,A,01,0,0,1,0,0,0,0,0,0,"- ","- ",,,SUTTER,"YUBA CITY",-121.67775988,39.14258993
8426821,2017,2017-08-14,5102,2017-07-11,1857,4107,3,2,5,4,5102,0,0,0,,0,003,ROSALIND,"CLARK AV",0.00,,Y,A,-,N,,,,,,,,,,Y,3,0,3,2,A,-,12,22450,A,N,D,C,A,A,H,-,A,D,0,,,,,Y,,A,01,0,2,1,0,0,0,0,0,0,"- ","- ",,,SUTTER,"YUBA CITY",-121.62558991,39.140489950000003
8426829,2017,2017-08-14,5102,2017-07-17,1527,4083,3,1,5,4,5102,0,0,0,,0,,"PERCY AV","B ST",0.00,,Y,A,-,N,,,,,,,,,,Y,3,0,1,2,A,-,09,21801,A,N,A,C,A,A,H,-,A,A,0,,,,,Y,,A,01,0,1,0,0,0,0,0,0,0,"- ","- ",,,SUTTER,"YUBA CITY",-121.61630998,39.13276999
8426837,2017,2017-08-16,5102,2017-07-18,2129,4093,5,2,5,4,5102,0,0,0,,0,005,"GARDEN HWY","EPLEY DR",0.00,,Y,A,-,N,,,,,,,,,,N,3,0,1,2,A,-,01,23153,A,N,D,C,A,A,H,-,C,A,0,,,,,Y,Y,A,01,0,1,0,0,0,0,0,0,0,"- ","- ",,,SUTTER,"YUBA CITY",-121.61717996,39.110439909999997
8427067,2017,2018-06-11,5102,2017-07-03,1204,4073,1,1,5,4,5102,0,0,0,,0,001,"RT 20","EL MARGARITA RD",0.00,,Y,A,-,Y,SUT,3,20,-,-,14.095,I,5,E,Y,3,0,1,2,A,-,09,21802,A,N,D,C,A,A,H,-,A,A,0,,,,,Y,,A,07,0,1,0,0,0,0,0,0,0,"- ","- ",,,SUTTER,"YUBA CITY",-121.66248876,39.141394069999997
8427079,2017,2018-06-11,5102,2017-07-14,1542,4072,4,5,5,4,5102,0,0,0,,0,5102,"RT 20","RT 99",200.00,E,N,A,-,Y,SUT,3,20,-,-,15.610,H,-,E,N,3,0,1,2,A,-,03,22350,,N,C,C,A,A,H,-,A,A,0,,,,,Y,,D,22,0,1,0,0,0,0,0,0,0,"- ","- ",,,SUTTER,"YUBA CITY",-121.63399424000001,39.141781600000002
8427087,2017,2018-06-11,5102,2017-07-19,0607,9003,1,3,5,4,5102,0,0,0,,0,001,"RT 20","N GEORGE WASHINGTON BL",0.00,,Y,A,-,Y,SUT,3,20,-,-,13.600,I,5,W,Y,3,0,2,2,A,-,12,21453,A,N,B,C,A,A,H,-,A,A,0,,,,,Y,,A,01,0,1,1,0,0,0,0,0,0,"- ","- ",,,SUTTER,"YUBA CITY",-121.67175156,39.141467220000003
8436409,2017,2017-09-15,5102,2017-08-10,1423,4073,4,4,5,4,5102,0,0,0,,0,004,"BRIDGE ST","CLARK AV",166.00,E,N,A,-,N,,,,,,,,,,N,4,0,1,2,A,-,03,22350,,N,C,C,A,A,H,-,A,D,0,,,,,Y,,B,01,0,0,1,0,0,0,0,0,0,"- ","- ",,,SUTTER,"YUBA CITY",-121.6245747,39.132219999999997
8436417,2017,2017-09-15,5102,2017-08-25,1651,4027,2,5,5,4,5102,0,0,0,,0,002,"QUEENS AV","GRANADA WY",0.00,,Y,A,-,N,,,,,,,,,,N,3,0,1,2,A,-,08,22107,,N,G,B,D,A,H,-,A,A,0,Y,,,,Y,,A,01,0,1,0,0,1,0,0,0,0,"- ","- ",,,SUTTER,"YUBA CITY",-121.64685999,39.151499899999997
8436554,2017,2018-07-09,5102,2017-08-21,1348,4073,3,1,5,4,5102,0,0,0,,0,003,"RT 20","OLIVE ST",95.00,W,N,A,-,Y,SUT,3,20,-,-,16.310,H,-,E,Y,3,0,1,2,A,-,03,22350,,N,C,C,A,A,H,-,A,D,0,,,,,Y,,A,01,0,1,0,0,0,0,0,0,0,"- ","- ",,,SUTTER,"YUBA CITY",-121.62112506,39.141316369999998
8436558,2017,2017-09-15,5102,2017-08-22,1408,4073,1,2,5,4,5102,0,0,0,,0,001,"THARP RD","SIERRA AV",0.00,,Y,A,-,N,,,,,,,,,,Y,3,0,1,2,A,-,09,21802,A,N,D,C,A,A,H,-,A,A,0,,,,,Y,,D,22,0,1,0,0,0,0,0,0,0,"- ","- ",,,SUTTER,"YUBA CITY",-121.64844995,39.140379979999999
8442966,2017,2017-09-12,5102,2017-07-21,0940,4094,3,5,5,4,5102,0,0,0,,0,003,"LIVE OAK BL","CASSIDY AV",340.00,N,N,A,-,N,,,,,,,,,,Y,3,0,1,2,A,-,09,21804,A,N,D,C,A,A,H,-,A,D,0,,,,Y,Y,,F,25,0,1,0,0,0,0,0,0,0,"- ","- ",,,SUTTER,"YUBA CITY",-121.6210239,39.15767117
8443033,2017,2018-06-12,5102,2017-07-24,1504,4067,5,1,5,4,5102,0,0,0,,0,003,"COLUSA AV","RT 99",700.00,E,N,A,-,Y,SUT,3,20,-,-,15.700,H,-,W,N,4,0,1,2,A,-,04,21703,,N,C,C,A,A,H,-,A,A,0,,,,,Y,,A,01,0,0,1,0,0,0,0,0,0,"- ","- ",,,SUTTER,"YUBA CITY",-121.632346,39.141895169999998
8443096,2017,2017-09-25,5102,2017-08-03,1447,4083,3,4,5,4,5102,0,0,0,,0,,"B ST","CLARK AV",57.00,E,N,A,-,N,,,,,,,,,,N,4,0,1,2,D,-,00,,,M,C,C,A,A,H,-,A,D,0,,,,,Y,,-,"- ",0,0,1,0,0,0,0,0,0,"- ","- ",,,SUTTER,"YUBA CITY",-121.62483903,39.129910000000002
8443110,2017,2018-06-11,5102,2017-07-31,1716,4090,4,1,5,4,5102,0,0,0,,0,5102,"GRAY AV","RT 20",25.00,N,N,B,-,Y,SUT,3,20,-,-,15.810,I,6,W,N,4,0,2,2,C,-,18,,,N,C,C,A,A,H,-,A,D,0,,,,,Y,,-,"- ",0,0,2,0,0,0,0,0,0,"- ","- ",,,SUTTER,"YUBA CITY",-121.63030851000001,39.141836320000003
8443114,2017,2017-09-01,5102,2017-07-29,2341,4061,5,6,5,4,5102,0,0,0,,0,005,"S BARRETT RD","MARCIA AV",0.00,,N,A,-,N,,,,,,,,,,Y,3,0,2,2,A,-,01,23153,B,N,D,C,A,A,H,-,C,D,0,,,,,Y,Y,A,01,0,1,1,0,0,0,0,0,0,"- ","- ",39.124870000000001,-121.63108,SUTTER,"YUBA CITY",-121.63103998,39.12485994
8447751,2017,2018-06-11,5102,2017-07-25,1906,4091,3,2,5,4,5102,0,0,0,,0,003,"RT 20","CHESTNUT ST",0.00,,Y,A,-,Y,SUT,3,20,-,-,16.390,I,5,W,Y,4,0,1,2,A,-,09,21801,A,N,D,C,A,A,H,-,A,D,0,,,,,Y,,A,01,0,0,1,0,0,0,0,0,0,"- ","- ",,,SUTTER,"YUBA CITY",-121.61976507,39.140998330000002
8450753,2017,2017-10-06,5100,2017-05-27,0308,DEPUTY,SUTTR,6,5,2,5101,0,0,0,,0,002,"LARKIN RD","POLE#22 460 T40692195",45.00,N,N,-,-,N,,,,,,,,,,Y,3,0,1,1,A,-,"- ",,,N,-,-,A,-,-,-,-,-,0,,,,,Y,,A,01,0,1,0,0,0,0,0,0,0,"- ","- ",,,SUTTER,"LIVE OAK",,
8455508,2017,2018-04-09,5100,2017-05-28,1519,5080,5101,7,5,2,5101,0,0,0,,0,02A,"RT 99","KOLA ST",0.00,,Y,A,-,Y,SUT,3,99,-,-,40.460,H,-,N,Y,3,0,3,2,A,-,08,22107,,N,A,D,A,A,H,-,A,A,0,,,,,Y,,-,,0,1,2,0,0,0,0,0,0,"- ","- ",,,SUTTER,"LIVE OAK",-121.66131487,39.279209710000003
8459339,2017,2017-09-28,5102,2017-09-07,0804,5067,85,4,5,4,5102,0,0,0,,0,007,"CAMINO DEL FLORES","PELICAN PL",701.00,E,N,A,-,N,,,,,,,,,,N,4,0,1,2,A,-,08,22107,,N,D,C,A,A,H,-,A,D,0,,,Y,,Y,,A,01,0,0,1,0,0,0,0,0,1,"- ","- ",,,SUTTER,"YUBA CITY",-121.64561872,39.124299999999998
8467173,2017,2018-05-25,5100,2017-09-16,0605,5082,LOCA3,6,5,2,5101,0,0,0,,0,02A,"RT 99","PENNINGTON RD",0.00,,Y,A,-,Y,SUT,3,99,-,-,40.250,I,5,N,Y,4,0,1,2,A,-,12,21453,A,N,D,C,A,A,H,-,B,A,0,,,,Y,Y,,F,27,0,0,1,0,0,0,0,0,0,"- ","- ",,,SUTTER,"LIVE OAK",-121.66126343000001,39.276094759999999
8479836,2017,2018-07-09,5102,2017-10-09,1800,4107,4,1,5,4,5102,0,0,0,,0,004,"RT 20","GRAY AV",0.00,,Y,A,-,Y,SUT,3,20,-,-,15.810,I,5,E,Y,2,0,2,2,A,-,12,21453,A,N,D,C,A,A,H,-,A,A,0,,,,,Y,,A,01,1,0,1,0,0,0,0,0,0,"- ","- ",,,SUTTER,"YUBA CITY",-121.63030126,39.141682930000002
8486622,2017,2017-11-29,5102,2017-10-12,1524,4073,4,4,5,4,5102,0,0,0,,0,004,"PERCY AV","B ST",9.00,S,N,A,-,N,,,,,,,,,,N,3,0,1,2,A,-,10,21950,A,N,D,B,B,A,H,-,A,D,0,Y,,,,Y,,D,22,0,1,0,0,1,0,0,0,0,"- ","- ",,,SUTTER,"YUBA CITY",-121.61630393,39.132745739999997
8486729,2017,2018-01-10,5102,2017-08-21,1552,9013,1,1,5,4,5102,0,0,0,,0,5102,"W WALTON AV","ALFRED WY",0.00,,Y,A,-,N,,,,,,,,,,N,4,0,1,2,A,-,09,21801,A,N,A,C,A,A,H,-,A,D,0,,,Y,,Y,,D,22,0,0,1,0,0,0,0,0,1,"- ","- ",,,SUTTER,"YUBA CITY",-121.64388999000001,39.131449959999998
8486766,2017,2017-11-16,5102,2017-08-29,1606,4083,3,2,5,4,5102,0,0,0,,0,,"BUNCE RD","VOBORIL DR",13.00,S,N,A,-,N,,,,,,,,,,N,4,0,1,2,D,-,00,,,F,G,B,D,A,H,-,A,D,0,Y,,,,Y,,-,"- ",0,0,1,0,1,0,0,0,0,"- ","- ",,,SUTTER,"YUBA CITY",-121.62488,39.119014300000003
8486869,2017,2017-11-29,5102,2017-10-13,1852,487,4,5,5,4,5102,0,0,0,,0,004,"5TH ST BRIDGE","SUTTER ST",165.00,E,N,A,-,N,,,,,,,,,,Y,4,0,2,3,A,-,03,22350,,N,C,C,A,A,H,-,A,D,0,,,,,Y,,A,01,0,0,2,0,0,0,0,0,0,"- ","- ",,,SUTTER,"YUBA CITY",-121.60777062,39.138062589999997
8486873,2017,2018-07-09,5100,2017-10-26,0656,5082,LOCA2,4,5,2,5101,0,0,0,,0,02A,"KOLA ST","RT 99",0.00,,Y,A,-,Y,SUT,3,99,-,-,40.450,I,5,S,N,4,0,1,2,A,-,09,21801,A,N,A,C,A,A,H,-,B,A,0,,,,,Y,,A,01,0,0,1,0,0,0,0,0,0,"- ","- ",,,SUTTER,"LIVE OAK",-121.66131529,39.279078120000001
8486877,2017,2017-11-29,5102,2017-10-13,1806,4100,4,5,5,4,5102,0,0,0,,0,004,"5TH ST BRIDGE","SUTTER ST",150.00,E,N,A,-,N,,,,,,,,,,Y,4,0,2,3,A,-,03,22350,,N,C,C,A,A,H,-,A,D,0,,,,,Y,,A,01,0,0,2,0,0,0,0,0,0,"- ","- ",,,SUTTER,"YUBA CITY",-121.60785109,39.138036929999998
8497524,2017,2017-11-30,5102,2017-09-10,0754,4106,3,7,5,4,5102,0,0,0,,0,,"MARKET ST","LYNN WY",810.00,N,N,A,-,N,,,,,,,,,,Y,3,0,1,1,C,-,18,,,N,A,I,A,A,H,-,A,D,0,,,,,Y,,-,"- ",0,1,0,0,0,0,0,0,0,"- ","- ",,,SUTTER,"YUBA CITY",-121.61659346,39.152369120000003
8497528,2017,2017-11-30,5102,2017-09-08,0822,443,1,5,5,4,5102,0,0,0,,0,001,"FRANKLIN RD","HARDING RD",0.00,,Y,A,-,N,,,,,,,,,,Y,4,0,2,2,A,-,12,22450,A,N,D,D,A,A,H,-,A,D,0,,,,,Y,,-,"- ",0,0,2,0,0,0,0,0,0,"- ","- ",,,SUTTER,"YUBA CITY",-121.65313992999999,39.127209989999997
8497532,2017,2017-11-30,5102,2017-09-15,1731,4110,4,5,5,4,5102,0,0,0,,0,004,"BRIDGE ST","N BARRETT RD",0.00,,Y,A,-,N,,,,,,,,,,N,4,0,1,3,A,-,03,22350,,F,C,C,A,A,H,-,A,A,0,,,,,Y,,A,01,0,0,1,0,0,0,0,0,0,"- ","- ",,,SUTTER,"YUBA CITY",-121.63100993,39.132329980000002
8497591,2017,2017-11-30,5102,2017-09-11,1314,4106,2,1,5,4,5102,0,0,0,,0,,"BLEVIN RD","BUTTE HOUSE RD",25.00,N,N,A,-,N,,,,,,,,,,N,4,0,1,2,A,-,03,22350,,N,C,C,A,A,H,-,A,A,0,,,,,Y,,A,01,0,0,1,0,0,0,0,0,0,"- ","- ",,,SUTTER,"YUBA CITY",-121.65098643,39.150147840000002
8497599,2017,2017-11-30,5102,2017-09-08,1839,4100,4,5,5,4,5102,0,0,0,,0,004,"BRIDGE ST","N BARRETT RD",0.00,,Y,A,-,N,,,,,,,,,,Y,3,0,1,3,A,-,03,22350,,F,C,C,A,-,H,-,A,A,0,,,,,Y,,A,01,0,1,0,0,0,0,0,0,0,"- ","- ",,,SUTTER,"YUBA CITY",-121.63100993,39.132329980000002
8503967,2017,2018-07-09,5102,2017-11-14,1956,4058,2,2,5,4,5102,0,0,0,,0,002,"RT 99","FRANKLIN RD",120.00,N,N,B,-,Y,SUT,3,99,-,-,29.690,H,-,N,N,4,0,2,4,A,-,03,22350,,M,C,C,A,A,H,-,A,D,0,,,,,Y,,A,08,0,0,2,0,0,0,0,0,0,"- ","- ",,,SUTTER,"YUBA CITY",-121.63447203,39.127611299999998
8504034,2017,2018-07-09,5102,2017-12-01,1338,446,3,5,5,4,5102,0,0,0,,0,5102,"RT 20","RT 99",40.00,W,N,A,-,Y,SUT,3,20,-,-,15.560,H,-,E,Y,4,0,1,3,A,-,03,22350,,N,C,C,A,A,H,-,A,A,0,,,,,Y,,A,01,0,0,1,0,0,0,0,0,0,"- ","- ",,,SUTTER,"YUBA CITY",-121.63490726000001,39.141804120000003
8504038,2017,2018-07-09,5102,2017-12-01,1248,446,2,5,5,4,5102,0,0,0,,0,5102,"RT 20","CIVIC CENTER BL",377.00,W,N,A,-,Y,SUT,3,20,-,R,15.280,H,-,W,N,4,0,2,2,A,-,09,21804,A,N,D,C,A,A,H,-,A,D,0,,,,,Y,,A,07,0,0,2,0,0,0,0,0,0,"- ","- ",,,SUTTER,"YUBA CITY",-121.64059324999999,39.141844020000001
8504042,2017,2018-07-09,5102,2017-12-03,0557,4110,1,7,5,4,5102,0,0,0,,0,,"COLUSA HWY","HARTER PKWY",825.00,W,N,A,-,Y,SUT,3,20,-,-,14.310,H,-,E,Y,3,0,1,1,A,-,07,21658,A,N,E,I,A,A,H,-,C,D,0,,,,,Y,,A,01,0,1,0,0,0,0,0,0,0,"- ","- ",,,SUTTER,"YUBA CITY",-121.65851073,39.141422120000001
8504058,2017,2018-07-09,5102,2017-11-30,1003,4073,2,4,5,4,5102,0,0,0,,0,002,"RT 20","STABLER LN",0.00,E,N,A,-,Y,SUT,3,20,-,R,15.210,H,-,W,Y,4,0,1,2,A,-,09,21804,A,N,D,C,A,A,H,-,A,D,0,,,,,Y,,A,07,0,0,1,0,0,0,0,0,0,"- ","- ",,,SUTTER,"YUBA CITY",-121.64189068,39.1418398
8504420,2017,2018-07-09,5100,2017-10-20,1904,2100,LOCAJ,5,5,2,5101,0,0,0,,0,02A,"RT 99","ELM ST",0.00,,Y,A,-,Y,SUT,3,99,-,-,40.070,H,-,N,N,4,0,1,3,A,-,03,22350,,N,C,C,A,A,H,-,B,A,0,,,,,Y,,A,07,0,0,1,0,0,0,0,0,0,"- ","- ",,,SUTTER,"LIVE OAK",-121.6606455,39.273527999999999
8504434,2018,2018-07-30,5102,2018-01-02,1115,4073,2,2,5,4,5102,0,0,0,,0,002,"RT 20","RT 99",20.00,W,N,A,-,Y,SUT,3,20,-,R,15.577,H,-,E,N,4,0,1,2,A,-,03,22350,,F,C,C,A,A,H,-,A,A,0,,,,,Y,,-,99,0,0,1,0,0,0,0,0,0,"- ","- ",,,SUTTER,"YUBA CITY",-121.63507080078125,39.141799926757812
8504438,2018,2018-07-30,5102,2018-01-06,1453,4077,3,6,5,4,5102,0,0,0,,0,003,"RT 20","SHASTA ST",0.00,,Y,A,-,Y,SUT,3,20,-,-,16.619,I,5,W,Y,4,0,3,2,A,-,12,21453,A,N,-,C,A,A,H,-,A,A,0,,,,,Y,,A,01,0,0,3,0,0,0,0,0,0,"- ","- ",,,SUTTER,"YUBA CITY",-121.61576080322266,39.141414642333984
8504511,2018,2018-07-30,5102,2018-01-13,0447,4106,2,6,5,4,5102,0,0,0,,0,,"RT 20","RT 99",28.00,N,N,E,-,Y,SUT,3,20,-,-,15.573,I,5,E,Y,4,0,2,2,A,-,12,21453,A,N,D,C,A,B,H,-,C,A,0,,,,,Y,,A,01,0,0,2,0,0,0,0,0,0,"- ","- ",,,SUTTER,"YUBA CITY",-121.63467407226562,39.141799926757812
8504750,2017,2018-07-09,5102,2017-12-09,0056,4087,4,6,5,4,5102,0,0,0,,0,004,"BRIDGE ST","RT 99",0.00,,Y,A,-,Y,SUT,3,99,-,-,30.030,I,6,N,Y,4,0,1,2,A,-,01,23152,B,M,C,C,A,A,H,-,C,A,0,,,,,Y,Y,A,01,0,0,1,0,0,0,0,0,0,"- ","- ",,,SUTTER,"YUBA CITY",-121.63445108000001,39.132409799999998
8504909,2017,2018-07-09,5102,2017-11-19,1847,4113,4,7,5,4,5102,0,0,0,,0,004,"COLUSA HWY","W ROCCA WY PROLONGATION",300.00,W,N,A,-,Y,SUT,3,20,-,-,15.660,H,-,W,Y,3,0,1,2,A,-,09,21800,A,N,C,C,A,D,H,-,C,D,0,,,Y,,Y,,A,01,0,1,0,0,0,0,0,0,1,"- ","- ",,,SUTTER,"YUBA CITY",-121.63308658,39.141904330000003
8505202,2017,2018-07-09,5102,2017-08-23,1842,4105,4,3,5,4,5102,0,0,0,,0,004,"RT 20","CLARK AV",175.00,E,N,A,-,Y,SUT,3,20,-,-,16.090,H,-,E,N,4,0,1,2,A,-,08,22107,,N,C,C,A,A,H,-,A,A,0,,,,,Y,,A,01,0,0,1,0,0,0,0,0,0,"- ","- ",,,SUTTER,"YUBA CITY",-121.62513481000001,39.141553520000002
8507122,2017,2017-12-08,5102,2017-09-24,1905,4022,2,7,5,4,5102,0,0,0,,0,002,"STABLER LN","BUTTE HOUSE RD",0.00,,Y,A,-,N,,,,,,,,,,Y,4,0,1,2,A,-,03,22350,,N,C,C,A,A,H,-,B,A,0,,,Y,,Y,,A,01,0,0,1,0,0,0,0,0,1,"- ","- ",,,SUTTER,"YUBA CITY",-121.64396988,39.148029909999998
8507127,2017,2017-12-13,5102,2017-09-25,1711,4105,2,1,5,4,5102,0,0,0,,0,002,"BUTTE HOUSE RD","THARP RD",101.00,W,N,A,-,N,,,,,,,,,,N,4,0,1,2,A,-,03,22350,,N,C,C,A,A,H,-,A,A,0,,,,,Y,,D,22,0,0,1,0,0,0,0,0,0,"- ","- ",,,SUTTER,"YUBA CITY",-121.64865958999999,39.149405190000003
8507134,2017,2017-12-08,5102,2017-09-23,2305,4106,3,6,5,4,5102,0,0,0,,0,,"ONSTOTT FRONTAGE RD","WILLIAMS WY",210.00,N,N,A,-,N,,,,,,,,,,Y,3,0,1,1,A,-,03,22350,,F,E,I,A,A,H,-,C,D,0,,,,,Y,Y,A,01,0,1,0,0,0,0,0,0,0,"- ","- ",,,SUTTER,"YUBA CITY",-121.63452011,39.151330969999997
8507138,2017,2017-12-08,5102,2017-09-28,1711,4094,2,4,5,4,5102,0,0,0,,0,002,"FRANKLIN AV","LITTLEJOHN RD",305.00,E,N,A,-,N,,,,,,,,,,N,3,0,1,2,A,-,08,22107,,N,E,B,F,A,H,-,A,D,0,Y,,,,Y,,A,01,0,1,0,0,1,0,0,0,0,"- ","- ",,,SUTTER,"YUBA CITY",-121.63811466,39.127310000000001
8507151,2017,2018-02-02,5102,2017-11-25,1647,4100,4,6,5,4,5102,0,0,0,,0,004,"BRIDGE ST","GRAY AV",0.00,,Y,B,-,N,,,,,,,,,,N,4,0,2,2,A,-,04,21703,,N,C,C,A,A,H,-,B,A,0,,,,,Y,,D,22,0,0,2,0,0,0,0,0,0,"- ","- ",,,SUTTER,"YUBA CITY",-121.62990987000001,39.132289909999997
8507154,2017,2018-01-29,5102,2017-11-26,0153,4104,3,7,5,4,5102,0,0,0,,0,003,"10TH ST BRIDGE","SUTTER ST",0.00,,Y,A,-,N,,,,,,,,,,Y,2,0,2,1,A,-,01,23153,A,N,F,A,A,A,H,-,C,D,0,,,,,Y,Y,A,01,2,0,0,0,0,0,0,0,0,"- ","- ",,,SUTTER,"YUBA CITY",-121.61204696,39.142603940000001
8507170,2017,2017-12-08,5102,2017-10-04,0810,446,3,3,5,4,5102,0,0,0,,0,003,"PEASE RD","EAST ONSTOTT RD",55.00,N,N,A,-,N,,,,,,,,,,Y,3,0,3,2,A,-,09,21802,B,N,D,C,A,A,H,-,A,A,0,,,,,Y,,A,01,0,1,2,0,0,0,0,0,0,"- ","- ",,,SUTTER,"YUBA CITY",-121.63318,39.170879999999997
8507194,2017,2018-06-05,5102,2017-10-02,1054,4073,5,1,5,4,5102,0,0,0,,0,005,"GARDEN HWY","BOGUE RD",0.00,,Y,A,-,N,,,,,,,,,,Y,3,0,2,2,A,-,12,21453,A,N,D,C,A,A,H,-,A,A,0,,,,,Y,,A,07,0,1,1,0,0,0,0,0,0,"- ","- ",,,SUTTER,"YUBA CITY",-121.61582998999999,39.100789919999997
8507785,2017,2018-07-09,5102,2017-10-04,1712,4072,3,3,5,4,5102,0,0,0,,0,5102,"RT 20","STAFFORD WY",225.00,W,N,A,-,Y,SUT,3,20,-,-,15.900,H,-,W,N,4,0,1,2,A,-,03,22350,,M,C,C,A,A,H,-,A,A,0,,,,,Y,,-,99,0,0,1,0,0,0,0,0,0,"- ","- ",,,SUTTER,"YUBA CITY",-121.62864214,39.141790229999998
8510262,2017,2017-12-19,5102,2017-10-25,1518,4073,1,3,5,4,5102,0,0,0,,0,001,"BUTTE HOUSE RD","THARP RD",150.00,W,N,A,-,N,,,,,,,,,,N,4,0,1,2,A,-,03,22350,,N,C,C,A,A,H,-,A,D,0,,,,,Y,,A,01,0,0,1,0,0,0,0,0,0,"- ","- ",,,SUTTER,"YUBA CITY",-121.64881964999999,39.149455940000003
8510270,2017,2017-12-19,5102,2017-10-25,1325,4073,4,3,5,4,5102,0,0,0,,0,004,"BRIDGE ST","SHASTA ST",0.00,,Y,A,-,N,,,,,,,,,,Y,2,0,2,2,A,-,12,21453,A,N,D,C,A,A,H,-,A,A,0,,,,Y,Y,,A,07,1,1,0,0,0,0,0,0,0,"- ","- ",,,SUTTER,"YUBA CITY",-121.61366997,39.135959900000003
8510274,2017,2018-07-09,5102,2017-10-24,2010,4076,2,2,5,4,5102,0,0,0,,0,002,"RT 20","STABLER LN",300.00,W,N,A,-,Y,SUT,3,20,-,R,15.030,H,-,W,Y,4,0,1,2,A,-,08,22107,,N,D,C,A,A,H,-,C,D,0,,,,,Y,,D,22,0,0,1,0,0,0,0,0,0,"- ","- ",,,SUTTER,"YUBA CITY",-121.64522373,39.141750190000003
8510278,2017,2017-12-16,5102,2017-12-04,1521,4083,2,1,5,4,5102,0,0,0,,0,,"WALTON AV","WILDFLOWER CIR",157.00,S,N,A,-,N,,,,,,,,,,Y,4,0,5,4,A,-,03,22350,,N,C,C,A,A,H,-,A,D,0,,,,,Y,,A,01,0,0,5,0,0,0,0,0,0,"- ","- ",,,SUTTER,"YUBA CITY",-121.64389,39.131018859999998
8510331,2017,2017-12-14,5102,2017-10-20,1356,4096,,5,5,4,5102,0,0,0,,0,001,"BUTTE HOUSE RD","TIERRA BUENA RD",0.00,,Y,B,-,N,,,,,,,,,,Y,3,0,1,2,A,-,09,21801,A,N,D,C,A,A,H,-,A,D,0,,,,,Y,,A,01,0,1,0,0,0,0,0,0,0,"- ","- ",,,SUTTER,"YUBA CITY",-121.66237995,39.153259900000002
8510335,2017,2017-12-14,5102,2017-10-21,1259,4109,1,6,5,4,5102,0,0,0,,0,,"THARP RD","LASSEN BL",0.00,,Y,A,-,N,,,,,,,,,,Y,4,0,2,2,A,-,12,22450,A,N,A,C,A,A,H,-,A,D,0,,,,,Y,,A,01,0,0,2,0,0,0,0,0,0,"- ","- ",,,SUTTER,"YUBA CITY",-121.64849992000001,39.137939899999999
8510339,2017,2018-01-17,5102,2017-10-25,1432,4073,5,3,5,4,5102,0,0,0,,0,005,"GARDEN HWY","BOGUE RD",300.00,S,N,A,-,N,,,,,,,,,,Y,3,0,1,1,C,-,18,,,N,E,I,A,A,H,-,A,D,0,,,,,Y,,-,"- ",0,1,0,0,0,0,0,0,0,"- ","- ",,,SUTTER,"YUBA CITY",-121.61570878000001,39.099971689999997
8510343,2017,2018-02-02,5102,2017-10-23,1549,4083,3,1,5,4,5102,0,0,0,,0,,"LIVE OAK BL","AINSLEY AV",28.00,W,N,A,-,N,,,,,,,,,,N,3,0,2,2,A,-,09,21801,A,N,D,C,A,A,H,-,A,A,0,,,,,Y,,A,01,0,1,1,0,0,0,0,0,0,"- ","- ",,,SUTTER,"YUBA CITY",-121.62081999999999,39.143680000000003
8516247,2017,2018-07-09,5102,2017-10-30,1317,4083,2,1,5,4,5102,0,0,0,,0,,"RT 99","RT 20",0.00,,Y,A,-,Y,SUT,3,20,-,-,15.573,I,5,W,N,4,0,1,2,A,-,12,21453,A,N,A,C,A,A,H,-,A,A,0,,,,,Y,,A,01,0,0,1,0,0,0,0,0,0,"- ","- ",,,SUTTER,"YUBA CITY",-121.63469886999999,39.141910250000002
8516835,2017,2018-01-11,5102,2017-11-30,1359,4083,2,4,5,4,5102,0,0,0,,0,,"GRAY AV","WHITNEY DR",97.00,S,N,A,-,N,,,,,,,,,,N,4,0,1,2,A,-,21,22106,,N,C,C,A,A,H,-,A,D,0,,,,,Y,,A,01,0,0,1,0,0,0,0,0,0,"- ","- ",,,SUTTER,"YUBA CITY",-121.63013205,39.161513630000002
8516840,2017,2018-01-11,5102,2017-11-20,1553,4073,4,1,5,4,5102,0,0,0,,0,004,"BRIDGE ST","HAWTHORNE ST",0.00,,Y,B,-,N,,,,,,,,,,Y,4,0,1,2,A,-,08,22107,,N,D,C,A,B,H,-,A,D,0,,,,,Y,,A,01,0,0,1,0,0,0,0,0,0,"- ","- ",,,SUTTER,"YUBA CITY",-121.62026987,39.13363992