CASE_ID,ACCIDENT_YEAR,PROC_DATE,JURIS,COLLISION_DATE,COLLISION_TIME,OFFICER_ID,REPORTING_DISTRICT,DAY_OF_WEEK,CHP_SHIFT,POPULATION,CNTY_CITY_LOC,SPECIAL_COND,BEAT_TYPE,CHP_BEAT_TYPE,CITY_DIVISION_LAPD,CHP_BEAT_CLASS,BEAT_NUMBER,PRIMARY_RD,SECONDARY_RD,DISTANCE,DIRECTION,INTERSECTION,WEATHER_1,WEATHER_2,STATE_HWY_IND,CALTRANS_COUNTY,CALTRANS_DISTRICT,STATE_ROUTE,ROUTE_SUFFIX,POSTMILE_PREFIX,POSTMILE,LOCATION_TYPE,RAMP_INTERSECTION,SIDE_OF_HWY,TOW_AWAY,COLLISION_SEVERITY,NUMBER_KILLED,NUMBER_INJURED,PARTY_COUNT,PRIMARY_COLL_FACTOR,PCF_CODE_OF_VIOL,PCF_VIOL_CATEGORY,PCF_VIOLATION,PCF_VIOL_SUBSECTION,HIT_AND_RUN,TYPE_OF_COLLISION,MVIW,PED_ACTION,ROAD_SURFACE,ROAD_COND_1,ROAD_COND_2,LIGHTING,CONTROL_DEVICE,CHP_ROAD_TYPE,PEDESTRIAN_ACCIDENT,BICYCLE_ACCIDENT,MOTORCYCLE_ACCIDENT,TRUCK_ACCIDENT,NOT_PRIVATE_PROPERTY,ALCOHOL_INVOLVED,STWD_VEHTYPE_AT_FAULT,CHP_VEHTYPE_AT_FAULT,COUNT_SEVERE_INJ,COUNT_VISIBLE_INJ,COUNT_COMPLAINT_PAIN,COUNT_PED_KILLED,COUNT_PED_INJURED,COUNT_BICYCLIST_KILLED,COUNT_BICYCLIST_INJURED,COUNT_MC_KILLED,COUNT_MC_INJURED,PRIMARY_RAMP,SECONDARY_RAMP,LATITUDE,LONGITUDE,COUNTY,CITY,POINT_X,POINT_Y
8794278,2019,2019-03-08,5102,2019-01-16,1650,4104,3,3,5,4,5102,0,0,0,,0,003,"RT 20","ORANGE ST",128.00,E,N,C,-,Y,SUT,3,20,-,-,16.250,H,-,W,N,4,0,2,2,A,-,03,22350,,N,C,C,A,B,H,-,A,D,0,,,,,Y,,A,01,0,0,2,0,0,0,0,0,0,"- ","- ",,,SUTTER,"YUBA CITY",-121.62222290039062,39.141548156738281
8794282,2019,2019-03-08,5102,2019-01-05,0601,4093,5,6,5,4,5102,0,0,0,,0,005,"RT 99","FRANKLIN AV",0.00,,Y,B,-,Y,SUT,3,99,-,-,29.670,I,5,N,Y,4,0,3,2,D,-,00,,,N,D,C,A,A,H,-,C,A,0,,,,,Y,,-,"- ",0,0,3,0,0,0,0,0,0,"- ","- ",,,SUTTER,"YUBA CITY",-121.63447570800781,39.127330780029297
8794286,2019,2019-05-13,5102,2019-01-22,1553,4073,3,2,5,4,5102,0,0,0,,0,003,"RT 20","MARKET ST",300.00,E,N,A,-,Y,SUT,3,20,-,-,16.780,H,-,W,Y,3,0,5,3,A,-,03,22350,,N,C,C,A,A,H,-,A,D,0,,,,,Y,,D,22,0,2,3,0,0,0,0,0,0,"- ","- ",,,SUTTER,"YUBA CITY",-121.61297607421875,39.142353057861328
8794290,2019,2019-05-13,5102,2019-01-24,1507,4105,1,4,5,4,5102,0,0,0,,0,001,"RT 20","GEORGE WASHINGTON BL",505.00,W,N,A,-,Y,SUT,3,20,-,-,13.510,H,-,E,Y,4,0,1,2,A,-,03,22350,,N,C,C,A,A,H,-,A,A,0,,,,,Y,,D,22,0,0,1,0,0,0,0,0,0,"- ","- ",,,SUTTER,"YUBA CITY",-121.67338562011719,39.141330718994141
8794552,2019,2019-05-31,5100,2019-02-14,1637,5142,LOCA2,4,5,2,5101,0,0,0,,0,02A,"RT 99","NEVADA ST",0.00,,Y,A,-,Y,SUT,3,99,-,-,40.625,I,5,N,Y,4,0,1,2,A,-,12,22450,A,N,D,C,A,A,H,-,A,A,0,,,,,Y,,A,07,0,0,1,0,0,0,0,0,0,"- ","- ",,,SUTTER,"LIVE OAK",-121.66130828857422,39.281520843505859
8794669,2019,2019-05-13,5102,2019-01-29,1327,4077,3,2,5,4,5102,0,0,0,,0,003,"RT 20","STAFFORD WY",60.00,W,N,A,-,Y,SUT,3,20,-,-,15.930,H,-,W,Y,4,0,1,3,A,-,03,22350,,N,C,C,A,A,H,-,A,D,0,,,,,Y,,A,07,0,0,1,0,0,0,0,0,0,"- ","- ",,,SUTTER,"YUBA CITY",-121.62808990478516,39.141769409179688
8795755,2019,2019-02-15,5102,2019-01-03,1127,4073,2,4,5,4,5102,0,0,0,,0,002,"STABLER LN","BUTTE HOUSE RD",0.00,,Y,A,-,N,,,,,,,,,,Y,3,0,2,2,A,-,09,21453,C,N,D,C,A,A,H,-,A,A,0,,,,,Y,,D,22,0,1,1,0,0,0,0,0,0,"- ","- ",,,SUTTER,"YUBA CITY",-121.64396667480469,39.148029327392578
8797534,2019,2019-02-08,5102,2019-01-15,1204,4073,3,2,5,4,5102,0,0,0,,0,003,"BUTTE HOUSE RD","YUBA PLAZA WY",3.00,E,N,B,C,N,,,,,,,,,,N,4,0,1,2,A,-,10,21950,A,N,G,B,B,B,H,-,A,A,0,Y,,,,Y,,A,01,0,0,1,0,1,0,0,0,0,"- ","- ",,,SUTTER,"YUBA CITY",,
8797844,2019,2019-02-11,5102,2019-01-08,1404,4073,5,2,5,4,5102,0,0,0,,0,005,"LINCOLN RD","EASTCREST CT",40.00,E,N,A,B,N,,,,,,,,,,Y,4,0,1,5,-,-,"- ",,,N,E,E,A,B,H,-,A,D,0,,,,,Y,Y,-,"- ",0,0,1,0,0,0,0,0,0,"- ","- ",,,SUTTER,"YUBA CITY",-121.62049865722656,39.112651824951172
8797852,2019,2019-02-11,5102,2019-01-16,1720,4113,3,3,5,4,5102,0,0,0,,0,003,"COLUSA HWY","ORANGE ST",50.00,E,N,C,-,N,,,,,,,,,,N,4,0,1,4,A,-,03,22350,,N,C,C,A,B,H,-,B,A,0,,,,,Y,Y,A,01,0,0,1,0,0,0,0,0,0,"- ","- ",,,SUTTER,"YUBA CITY",-121.62249755859375,39.14154052734375
8797860,2019,2019-02-11,5102,2019-01-06,1306,444,4,7,5,4,5102,0,0,0,,0,,"BRIDGE ST","SHASTA ST",0.00,,Y,C,-,N,,,,,,,,,,Y,4,0,1,2,A,-,12,21453,A,F,D,C,A,B,H,-,A,A,0,,,,,Y,,A,01,0,0,1,0,0,0,0,0,0,"- ","- ",,,SUTTER,"YUBA CITY",-121.61367034912109,39.135959625244141
8801008,2019,2019-03-05,5102,2019-02-07,0757,4073,1,4,5,4,5102,0,0,0,,0,001,"HARTER PKWY","SPIRIT WY",330.00,N,N,A,-,N,,,,,,,,,,Y,3,0,1,2,A,-,21,22106,,N,B,C,A,A,H,-,A,D,0,,,,,Y,,D,22,0,1,0,0,0,0,0,0,0,"- ","- ",,,SUTTER,"YUBA CITY",-121.65550994873047,39.140182495117188
8806482,2019,2019-03-06,5102,2019-02-07,1501,4073,4,4,5,4,5102,0,0,0,,0,004,"BRIDGE ST","PALORA AV",0.00,,Y,A,-,N,,,,,,,,,,N,4,0,1,2,A,-,09,21801,A,N,D,C,A,A,H,-,A,D,0,,,,,Y,,A,01,0,0,1,0,0,0,0,0,0,"- ","- ",,,SUTTER,"YUBA CITY",-121.63349151611328,39.132389068603516
8819405,2019,2019-05-13,5102,2019-02-16,2234,4094,1,6,5,4,5102,0,0,0,,0,001,"THARP RD","RT 20",50.00,N,N,A,-,Y,SUT,3,20,-,R,14.846,I,6,W,N,4,0,2,2,A,-,03,22350,,N,C,C,A,A,H,-,A,A,0,,,,,Y,,A,01,0,0,2,0,0,0,0,0,0,"- ","- ",,,SUTTER,"YUBA CITY",-121.64862823486328,39.141643524169922
8819593,2019,2019-05-13,5102,2019-02-27,1734,4105,4,3,5,4,5102,0,0,0,,0,004,"10TH ST","SHASTA ST",1215.00,E,N,B,-,Y,SUT,3,20,-,-,16.850,H,-,E,Y,4,0,2,2,A,-,03,22350,,N,D,I,A,B,H,-,B,D,0,,,,,Y,,D,22,0,0,2,0,0,0,0,0,0,"- ","- ",,,SUTTER,"YUBA CITY",-121.61175537109375,39.142684936523438
8821210,2019,2019-10-29,5102,2019-03-02,1350,4076,3,6,5,4,5102,0,0,0,,0,003,"RT 20","RT 99",100.00,E,N,B,-,Y,SUT,3,20,-,-,13.620,H,-,E,Y,4,0,1,2,A,-,03,22350,,N,C,C,A,B,H,-,A,A,0,,,,,Y,,A,01,0,0,1,0,0,0,0,0,0,"- ","- ",,,SUTTER,"YUBA CITY",-121.67133331298828,39.141345977783203
8821232,2019,2021-06-07,5102,2019-03-08,1242,5082,85,5,5,4,5102,0,0,0,,0,007,"WALTON AV","BERKSHIRE DR",180.00,N,N,A,-,N,,,,,,,,,,Y,4,0,2,3,A,-,03,22350,,N,C,C,A,A,H,-,A,A,0,,,,,Y,,D,22,0,0,2,0,0,0,0,0,0,"- ","- ",,,SUTTER,"YUBA CITY",-121.64386749267578,39.125244140625
8821421,2019,2019-03-22,5102,2019-03-02,0013,4106,5,6,5,4,5102,0,0,0,,0,,"BUNCE RD","LINCOLN RD",60.00,N,N,A,-,N,,,,,,,,,,Y,4,0,1,3,A,-,08,22107,,N,C,C,A,B,H,-,C,D,0,,,,,Y,Y,A,01,0,0,1,0,0,0,0,0,0,"- ","- ",,,SUTTER,"YUBA CITY",-121.62501525878906,39.112804412841797
8821995,2018,2019-03-27,5102,2018-12-17,0902,5082,73,1,5,4,5102,0,0,0,,0,007,"FRANKLIN RD","WALTON AV",20.00,W,N,A,-,N,,,,,,,,,,N,4,0,1,2,A,-,03,22350,,N,C,C,A,A,H,-,A,A,0,,,,,Y,,A,01,0,0,1,0,0,0,0,0,0,"- ","- ",,,SUTTER,"YUBA CITY",-121.64395904541016,39.127300262451172
8826131,2019,2019-06-04,5100,2019-01-04,1644,5132,LOCA3,5,5,2,5101,0,0,0,,0,02A,"RT 99","ELM ST",60.00,S,N,A,-,Y,SUT,3,99,-,-,40.050,H,-,N,Y,4,0,1,2,A,-,03,22350,,N,C,C,A,A,H,-,B,A,0,,,,,Y,,A,01,0,0,1,0,0,0,0,0,0,"- ","- ",,,SUTTER,"LIVE OAK",-121.66057586669922,39.273239135742188
8826139,2019,2019-06-04,5100,2019-01-28,0801,5109,LOCA2,1,5,2,5101,0,0,0,,0,02A,"RT 99","IVY ST",0.00,,Y,A,-,Y,SUT,3,99,-,-,40.332,I,5,N,Y,4,0,1,2,A,-,09,21804,A,N,D,C,A,A,H,-,A,D,0,,,,,Y,,A,01,0,0,1,0,0,0,0,0,0,"- ","- ",,,SUTTER,"LIVE OAK",-121.66130065917969,39.277099609375
8826327,2019,2019-05-31,5102,2019-03-12,1523,4073,2,2,5,4,5102,0,0,0,,0,002,"RT 20","CIVIC CENTER BL",535.00,W,N,A,-,Y,SUT,3,20,-,R,15.250,H,-,W,N,4,0,2,2,A,-,03,22350,,N,C,C,A,A,H,-,A,D,0,,,,,Y,,A,01,0,0,2,0,0,0,0,0,0,"- ","- ",,,SUTTER,"YUBA CITY",-121.64115142822266,39.141841888427734
8829517,2019,2019-05-31,5102,2019-03-12,1304,4105,3,2,5,4,5102,0,0,0,,0,003,"RT 20","STAFFORD WY",0.00,,Y,A,-,Y,SUT,3,20,-,-,15.940,I,5,W,Y,4,0,2,2,A,-,08,22107,,N,D,C,A,A,H,-,A,D,0,,,,,Y,,D,22,0,0,2,0,0,0,0,0,0,"- ","- ",39.141761779785156,-121.62785339355469,SUTTER,"YUBA CITY",-121.62789916992188,39.141765594482422
8830841,2019,2019-03-28,5102,2019-03-06,1234,4073,5,3,5,4,5102,0,0,0,,0,005,"GARDEN HWY","BOGUE RD",0.00,,Y,B,C,N,,,,,,,,,,N,4,0,2,2,A,-,12,21453,A,N,D,C,A,B,H,-,A,A,0,,,,,Y,,A,07,0,0,2,0,0,0,0,0,0,"- ","- ",,,SUTTER,"YUBA CITY",-121.61582946777344,39.100788116455078
8831300,2019,2019-05-14,5102,2019-03-16,1605,447,1,6,5,4,5102,0,0,0,,0,001,"THARP RD","RT 20",200.00,N,N,A,-,N,,,,,,,,,,Y,3,0,2,2,A,-,09,21804,A,N,D,C,A,A,H,-,A,D,0,,,,,Y,,A,01,0,1,1,0,0,0,0,0,0,"- ","- ",,,SUTTER,"YUBA CITY",-121.64850616455078,39.142139434814453
8831304,2019,2019-04-04,5102,2019-03-17,1755,4116,4,7,5,4,5102,0,0,0,,0,004,"CLARK AV","SPIVA AV",0.00,,Y,A,-,N,,,,,,,,,,Y,4,0,1,2,A,-,08,22107,,N,D,C,A,A,-,-,A,D,0,,,,,Y,,A,01,0,0,1,0,0,0,0,0,0,"- ","- ",,,SUTTER,"YUBA CITY",-121.62532043457031,39.135311126708984
8834508,2019,2019-10-29,5102,2019-03-25,1508,9015,2,1,5,4,5102,0,0,0,,0,002,"RT 99","BRIDGE ST",195.00,N,N,C,-,Y,SUT,3,99,-,-,30.070,H,-,N,Y,4,0,1,2,A,-,03,22350,,N,C,C,A,B,H,-,A,A,0,,,,,Y,,D,22,0,0,1,0,0,0,0,0,0,"- ","- ",,,SUTTER,"YUBA CITY",-121.63446044921875,39.133007049560547
8834568,2019,2019-04-15,5102,2019-03-22,1515,4118,5,5,5,4,5102,0,0,0,,0,005,"LINCOLN RD","JONES RD",498.00,W,N,B,C,N,,,,,,,,,,N,4,0,1,2,A,-,03,22350,,N,C,C,A,B,H,-,A,A,0,,,,,Y,,A,07,0,0,1,0,0,0,0,0,0,"- ","- ",,,SUTTER,"YUBA CITY",-121.62904357910156,39.112697601318359
8835547,2019,2019-04-10,5102,2019-03-25,1558,4116,4,1,5,4,5102,0,0,0,,0,004,"SUTTER ST","S COLUSA FRONTAGE RD",0.00,,Y,C,-,N,,,,,,,,,,Y,4,0,1,2,A,-,08,22107,,N,D,C,A,B,H,-,A,D,0,,,,,Y,,A,07,0,0,1,0,0,0,0,0,0,"- ","- ",,,SUTTER,"YUBA CITY",-121.61244201660156,39.143329620361328
8835555,2019,2019-04-10,5102,2019-03-21,1520,4089,4,4,5,4,5102,0,0,0,,0,004,"PLUMAS ST","CHURCH ST",0.00,,Y,A,-,N,,,,,,,,,,N,4,0,1,2,A,-,03,22350,,N,C,C,A,A,H,-,A,D,0,,,,,Y,,A,07,0,0,1,0,0,0,0,0,0,"- ","- ",,,SUTTER,"YUBA CITY",-121.61689758300781,39.138828277587891
8838039,2019,2019-05-31,5102,2019-03-15,2315,4104,3,5,5,4,5102,0,0,0,,0,003,"RT 20","GRAY AV",12.00,W,N,A,-,Y,SUT,3,20,-,-,15.810,I,5,W,N,4,0,1,2,A,-,12,21453,A,N,G,B,B,A,H,-,C,A,0,Y,,,,Y,,D,22,0,0,1,0,1,0,0,0,0,"- ","- ",,,SUTTER,"YUBA CITY",-121.63031005859375,39.141838073730469
8838043,2019,2019-05-31,5102,2019-03-26,1332,9015,4,2,5,4,5102,0,0,0,,0,004,"RT 20","ALMOND ST",100.00,W,N,B,-,Y,SUT,3,20,-,-,16.430,H,-,W,Y,3,0,1,2,A,-,03,22350,,N,A,C,A,A,H,-,A,D,0,,,,,Y,,A,01,0,1,0,0,0,0,0,0,0,"- ","- ",,,SUTTER,"YUBA CITY",-121.61909484863281,39.140750885009766
8845578,2019,2019-10-29,5102,2019-04-13,2231,447,3,6,5,4,5102,0,0,0,,0,003,"RT 20","ALMOND ST",62.00,E,N,A,-,Y,SUT,3,20,-,-,16.460,H,-,E,Y,3,0,1,2,A,-,03,22350,,N,D,C,A,A,H,-,C,D,0,,,,,Y,,A,01,0,1,0,0,0,0,0,0,0,"- ","- ",,,SUTTER,"YUBA CITY",-121.61850738525391,39.140605926513672
8845739,2019,2019-04-30,5102,2019-03-28,0027,4058,4,4,5,4,5102,0,0,0,,0,004,"BRIDGE ST","COOPER AV",60.00,W,N,A,-,N,,,,,,,,,,Y,4,0,1,1,A,-,01,23152,A,N,A,I,A,A,H,-,C,D,0,,,,,Y,Y,A,08,0,0,1,0,0,0,0,0,0,"- ","- ",39.132221221923828,-121.62515258789062,SUTTER,"YUBA CITY",-121.62349700927734,39.132476806640625
8846771,2019,2019-10-29,5102,2019-04-20,1455,4118,5,6,5,4,5102,0,0,0,,0,002,"RT 20","CIVIC CENTER BL",608.00,W,N,A,-,Y,SUT,3,20,-,R,15.230,H,-,W,Y,3,0,2,2,A,-,09,21804,A,N,D,C,A,A,H,-,A,D,0,,,,,Y,,A,01,0,1,1,0,0,0,0,0,0,"- ","- ",,,SUTTER,"YUBA CITY",-121.64151763916016,39.141841888427734
8846940,2019,2019-10-29,5102,2019-05-01,0816,4073,2,3,5,4,5102,0,0,0,,0,002,"RT 99","BRIDGE ST",0.00,,Y,A,-,Y,SUT,3,99,-,-,30.030,I,5,S,Y,4,0,1,2,A,-,09,21453,B,N,B,C,A,A,H,-,A,A,0,,,,,Y,,A,01,0,0,1,0,0,0,0,0,0,"- ","- ",,,SUTTER,"YUBA CITY",-121.63457489013672,39.132408142089844
8846944,2019,2019-10-29,5102,2019-05-01,2144,4022,2,3,5,4,5102,0,0,0,,0,002,"RT 99","BRIDGE ST",25.00,N,N,B,-,Y,SUT,3,99,-,-,30.050,H,-,S,N,4,0,1,3,A,-,03,22350,,N,C,C,A,A,H,-,C,A,0,,,,,Y,,A,08,0,0,1,0,0,0,0,0,0,"- ","- ",,,SUTTER,"YUBA CITY",-121.63458251953125,39.132705688476562
8846951,2019,2019-10-29,5102,2019-04-26,1459,4120,4,5,5,4,5102,0,0,0,,0,004,"COLUSA AV","STAFFORD WY",0.00,,Y,A,-,Y,SUT,3,20,-,-,15.940,I,5,E,Y,4,0,1,3,A,-,08,22107,,N,D,C,A,A,H,-,A,D,0,,,,,Y,,A,01,0,0,1,0,0,0,0,0,0,"- ","- ",,,SUTTER,"YUBA CITY",-121.62789916992188,39.141624450683594
8847446,2019,2019-10-29,5102,2019-05-05,1529,4116,4,7,5,4,5102,0,0,0,,0,004,"COLUSA HWY","ROCCA AV",0.00,,Y,A,-,Y,SUT,3,20,-,-,15.720,I,5,W,Y,3,0,1,2,A,-,12,21453,A,N,D,C,A,A,H,-,A,A,0,,,,,Y,,A,01,0,1,0,0,0,0,0,0,0,"- ","- ",,,SUTTER,"YUBA CITY",-121.63197326660156,39.141891479492188
8847450,2019,2019-10-29,5102,2019-05-10,2039,4109,4,5,5,4,5102,0,0,0,,0,004,"RT 99","SUNSWEET BL",10.00,S,N,A,-,Y,SUT,3,99,-,-,30.230,H,-,N,N,4,0,2,2,A,-,03,22350,,N,C,C,A,A,H,-,C,A,0,,,,,Y,,A,01,0,0,2,0,0,0,0,0,0,"- ","- ",,,SUTTER,"YUBA CITY",-121.63450622558594,39.135406494140625
8848892,2019,2019-05-01,5102,2019-04-10,1726,4105,3,3,5,4,5102,0,0,0,,0,003,"WILLIAMS WY","GRAY AV",705.00,W,N,A,-,N,,,,,,,,,,N,4,0,1,2,A,-,09,21804,A,N,B,C,A,A,H,-,A,D,0,,,,,Y,,A,01,0,0,1,0,0,0,0,0,0,"- ","- ",,,SUTTER,"YUBA CITY",-121.63255310058594,39.150829315185547
8855678,2019,2019-10-29,5102,2019-04-10,1212,4105,2,3,5,4,5102,0,0,0,,0,002,"BRIDGE ST","RT 99",53.00,W,N,A,-,Y,SUT,3,99,-,-,30.030,I,6,S,N,4,0,1,2,A,-,08,22107,,N,C,C,A,A,H,-,A,A,0,,,,Y,Y,,G,25,0,0,1,0,0,0,0,0,0,"- ","- ",,,SUTTER,"YUBA CITY",-121.63457489013672,39.132408142089844
8860171,2019,2019-05-30,5100,2019-04-02,0823,5147,LOCAI,2,5,2,5101,0,0,0,,0,0IA,"LARKIN RD","PENNINGTON RD",0.00,,Y,B,-,N,,,,,,,,,,Y,4,0,1,3,A,-,09,21800,A,N,D,C,A,B,H,-,A,A,0,,,,,Y,,A,01,0,0,1,0,0,0,0,0,0,"- ","- ",,,SUTTER,"LIVE OAK",-121.65995788574219,39.276081085205078
8860175,2019,2019-05-30,5100,2019-04-03,0846,5147,LOCA2,3,5,2,5101,0,0,0,,0,02A,"O ST","KOLA ST",0.00,,Y,A,-,N,,,,,,,,,,Y,4,0,1,2,A,-,09,21800,A,N,D,C,A,A,H,-,A,A,0,,,,,Y,,A,01,0,0,1,0,0,0,0,0,0,"- ","- ",,,SUTTER,"LIVE OAK",-121.66525268554688,39.280029296875
8861380,2019,2019-05-23,5102,2019-04-29,1615,4073,4,1,5,4,5102,0,0,0,,0,004,"BRIDGE ST","COOPER AV",175.00,W,N,A,-,N,,,,,,,,,,Y,4,0,1,2,C,-,18,,,N,C,E,A,A,H,-,A,D,0,,,,,Y,,-,"- ",0,0,1,0,0,0,0,0,0,"- ","- ",,,SUTTER,"YUBA CITY",-121.62387084960938,39.132354736328125
8861629,2019,2019-05-23,5102,2019-05-11,2242,4115,2,6,5,4,5102,0,0,0,,0,002,"BUTTE HOUSE RD","STABLER LN",23.00,W,N,A,-,N,,,,,,,,,,Y,2,0,1,2,A,-,01,23153,F,N,C,C,A,A,H,-,C,A,0,,,,,Y,,A,01,1,0,0,0,0,0,0,0,0,"- ","- ",,,SUTTER,"YUBA CITY",-121.64404296875,39.148052215576172
8861633,2019,2019-05-22,5102,2019-05-04,0339,4117,4,6,5,4,5102,0,0,0,,0,,"C ST","EMERSON AV",71.00,E,N,A,-,N,,,,,,,,,,N,3,0,2,1,A,-,03,22350,,N,A,I,A,A,H,-,C,D,0,,,,,Y,,A,01,0,2,0,0,0,0,0,0,0,"- ","- ",,,SUTTER,"YUBA CITY",-121.61041259765625,39.133399963378906
8861637,2019,2019-08-28,5102,2019-05-04,1409,4104,2,6,5,4,5102,0,0,0,,0,002,"THARP RD","RT 20",0.00,,N,A,-,Y,SUT,3,20,-,R,14.846,I,6,W,N,4,0,1,2,A,-,03,22350,,F,C,C,A,A,H,-,A,A,0,,,,,Y,,A,01,0,0,1,0,0,0,0,0,0,"- ","- ",,,SUTTER,"YUBA CITY",-121.64862823486328,39.141643524169922
8861784,2019,2019-05-22,5102,2019-04-25,1635,4077,3,4,5,4,5102,0,0,0,,0,003,"LIVE OAK BL","WASHINGTON AV",0.00,,Y,A,-,N,,,,,,,,,,Y,3,0,2,3,A,-,09,21801,A,N,D,C,A,A,H,-,A,D,0,,,,,Y,,A,01,0,1,1,0,0,0,0,0,0,"- ","- ",,,SUTTER,"YUBA CITY",-121.62068176269531,39.149131774902344
8865161,2019,2019-05-31,5100,2019-04-26,1742,5142,LOCA4,5,5,2,5101,0,0,0,,0,001,"PENNINGTON RD","WOOLEY RD",227.00,W,N,A,-,N,,,,,,,,,,Y,4,0,1,2,A,-,09,21801,A,N,D,C,A,A,H,-,A,D,0,,,,,Y,,A,01,0,0,1,0,0,0,0,0,0,"- ","- ",,,SUTTER,"LIVE OAK",-121.65347290039062,39.276042938232422
8865504,2019,2021-06-04,5102,2019-05-01,1421,5097,85,3,5,4,5102,0,0,0,,0,007,"SOUTH WALTON AV","MCCUNE AV",0.00,,Y,A,-,N,,,,,,,,,,Y,4,0,1,2,A,-,09,21802,A,N,D,C,A,A,H,-,A,A,0,,,,,Y,,A,01,0,0,1,0,0,0,0,0,0,"- ","- ",,,SUTTER,"YUBA CITY",-121.64388275146484,39.116378784179688
8865512,2019,2019-05-31,5100,2019-05-13,0839,5147,LOCA3,1,5,2,5101,0,0,0,,0,02A,BROADWAY,"LARKIN RD",0.00,,Y,A,-,N,,,,,,,,,,Y,4,0,2,2,A,-,09,21801,A,N,D,C,A,A,H,-,A,A,0,,,,,Y,,A,01,0,0,2,0,0,0,0,0,0,"- ","- ",,,SUTTER,"LIVE OAK",-121.66049957275391,39.270660400390625
8868692,2019,2019-06-11,5102,2019-05-12,0351,4117,5,7,5,4,5102,0,0,0,,0,005,"BURNS DR","HASSETT AV",35.00,E,N,A,-,N,,,,,,,,,,Y,2,0,1,3,A,-,01,23152,B,N,A,C,A,A,H,-,C,D,0,,,,,Y,Y,A,01,1,0,0,0,0,0,0,0,0,"- ","- ",,,SUTTER,"YUBA CITY",-121.61347198486328,39.10833740234375
8869843,2019,2019-08-28,5100,2019-05-14,1340,5147,LOCA2,2,5,2,5101,0,0,0,,0,001,"RT 99","NEVADA ST",331.00,N,N,B,-,Y,SUT,3,99,-,-,40.690,H,-,S,Y,4,0,1,2,A,-,09,21804,A,N,D,C,A,A,H,-,A,D,0,,,,,Y,,A,01,0,0,1,0,0,0,0,0,0,"- ","- ",,,SUTTER,"LIVE OAK",-121.66131591796875,39.282497406005859
8870146,2019,2019-08-28,5102,2019-05-07,0951,4073,3,2,5,4,5102,0,0,0,,0,003,"RT 20","PLUMAS ST",0.00,,Y,A,-,Y,SUT,3,20,-,-,16.520,I,5,E,N,3,0,1,2,A,-,07,21658,A,N,B,C,A,A,H,-,A,D,0,,,Y,,Y,,C,02,0,1,0,0,0,0,0,0,1,"- ","- ",,,SUTTER,"YUBA CITY",-121.61743927001953,39.140716552734375
8870150,2019,2019-08-28,5102,2019-05-05,2223,4110,,7,5,4,5102,0,0,0,,0,002,"RT 99","BRIDGE ST",300.00,N,N,A,-,Y,SUT,3,99,-,-,30.100,H,-,S,Y,3,0,1,2,A,-,03,22350,,N,C,C,A,A,H,-,C,A,0,,,,,Y,,A,01,0,1,0,0,0,0,0,0,0,"- ","- ",,,SUTTER,"YUBA CITY",-121.63460540771484,39.133453369140625
8873975,2019,2020-01-10,5102,2019-05-20,1417,4073,3,1,5,4,5102,0,0,0,,0,003,"RT 20","KILEY AV",80.00,E,N,A,-,Y,SUT,3,20,-,-,16.720,H,-,E,Y,3,0,3,2,A,-,03,22350,,N,C,C,A,A,H,-,A,D,0,,,,,Y,,A,08,0,2,1,0,0,0,0,0,0,"- ","- ",,,SUTTER,"YUBA CITY",-121.61399078369141,39.141899108886719
8876251,2019,2019-06-12,5102,2019-05-17,0541,4119,1,5,5,4,5102,0,0,0,,0,001,"N GEORGE WASHINGTON BL","INDUSTRIAL DR",156.00,,N,C,-,N,,,,,,,,,,Y,3,0,1,2,A,-,05,21651,A,F,B,C,A,B,H,-,B,D,0,,,,,Y,Y,A,01,0,1,0,0,0,0,0,0,0,"- ","- ",,,SUTTER,"YUBA CITY",-121.67156982421875,39.137950897216797
8877054,2019,2020-01-10,5102,2019-05-23,1330,4073,3,4,5,4,5102,0,0,0,,0,003,"LIVE OAK BL","RT 20",30.00,N,N,A,-,Y,SUT,3,20,-,-,16.330,I,6,W,N,4,0,1,2,A,-,21,22106,,N,C,C,A,A,H,-,A,A,0,,,,,Y,,A,08,0,0,1,0,0,0,0,0,0,"- ","- ",,,SUTTER,"YUBA CITY",-121.62078094482422,39.141407012939453
8879311,2019,2019-06-21,5102,2019-05-31,0746,4110,,5,5,4,5102,0,0,0,,0,001,"N COLUSA FRONTAGE RD","KIMBERLY DR",15.00,W,N,A,-,N,,,,,,,,,,Y,4,0,1,3,A,-,03,22350,,N,C,C,A,A,H,-,A,D,0,,,,,Y,,A,01,0,0,1,0,0,0,0,0,0,"- ","- ",,,SUTTER,"YUBA CITY",-121.65920257568359,39.141708374023438
8879845,2019,2019-06-18,5102,2019-05-28,0808,4077,3,2,5,4,5102,0,0,0,,0,003,"LIVE OAK BL","BIRD ST",0.00,,Y,A,-,N,,,,,,,,,,Y,3,0,4,2,A,-,09,21802,A,N,D,C,A,A,H,-,A,A,0,,,,,Y,,A,08,0,2,2,0,0,0,0,0,0,"- ","- ",,,SUTTER,"YUBA CITY",-121.62079620361328,39.144771575927734
8882407,2019,2019-07-19,5102,2019-06-15,1151,4054,4,6,5,4,5102,0,0,0,,0,,"BRIDGE ST","GRAY AV",75.00,W,N,A,-,N,,,,,,,,,,N,3,0,1,2,A,-,03,22350,,N,C,C,A,A,H,-,A,D,0,,,,,Y,,A,01,0,1,0,0,0,0,0,0,0,"- ","- ",,,SUTTER,"YUBA CITY",-121.63017272949219,39.132301330566406
8882431,2019,2019-07-08,5102,2019-06-19,1301,9012,3,3,5,4,5102,0,0,0,,0,,"LIVE OAK BL","PEASE RD",80.00,S,N,A,-,N,,,,,,,,,,Y,4,0,1,2,A,-,01,23152,F,N,D,C,A,A,H,-,A,D,0,,,,,Y,,A,01,0,0,1,0,0,0,0,0,0,"- ","- ",,,SUTTER,"YUBA CITY",-121.62371826171875,39.170757293701172