CASE_ID,ACCIDENT_YEAR,PROC_DATE,JURIS,COLLISION_DATE,COLLISION_TIME,OFFICER_ID,REPORTING_DISTRICT,DAY_OF_WEEK,CHP_SHIFT,POPULATION,CNTY_CITY_LOC,SPECIAL_COND,BEAT_TYPE,CHP_BEAT_TYPE,CITY_DIVISION_LAPD,CHP_BEAT_CLASS,BEAT_NUMBER,PRIMARY_RD,SECONDARY_RD,DISTANCE,DIRECTION,INTERSECTION,WEATHER_1,WEATHER_2,STATE_HWY_IND,CALTRANS_COUNTY,CALTRANS_DISTRICT,STATE_ROUTE,ROUTE_SUFFIX,POSTMILE_PREFIX,POSTMILE,LOCATION_TYPE,RAMP_INTERSECTION,SIDE_OF_HWY,TOW_AWAY,COLLISION_SEVERITY,NUMBER_KILLED,NUMBER_INJURED,PARTY_COUNT,PRIMARY_COLL_FACTOR,PCF_CODE_OF_VIOL,PCF_VIOL_CATEGORY,PCF_VIOLATION,PCF_VIOL_SUBSECTION,HIT_AND_RUN,TYPE_OF_COLLISION,MVIW,PED_ACTION,ROAD_SURFACE,ROAD_COND_1,ROAD_COND_2,LIGHTING,CONTROL_DEVICE,CHP_ROAD_TYPE,PEDESTRIAN_ACCIDENT,BICYCLE_ACCIDENT,MOTORCYCLE_ACCIDENT,TRUCK_ACCIDENT,NOT_PRIVATE_PROPERTY,ALCOHOL_INVOLVED,STWD_VEHTYPE_AT_FAULT,CHP_VEHTYPE_AT_FAULT,COUNT_SEVERE_INJ,COUNT_VISIBLE_INJ,COUNT_COMPLAINT_PAIN,COUNT_PED_KILLED,COUNT_PED_INJURED,COUNT_BICYCLIST_KILLED,COUNT_BICYCLIST_INJURED,COUNT_MC_KILLED,COUNT_MC_INJURED,PRIMARY_RAMP,SECONDARY_RAMP,LATITUDE,LONGITUDE,COUNTY,CITY,POINT_X,POINT_Y
8882528,2019,2019-07-08,5102,2019-05-30,1518,4073,4,4,5,4,5102,0,0,0,,0,004,"ROSALIND AV","CLARK AV",8.00,E,N,A,-,N,,,,,,,,,,N,4,0,1,2,A,-,21,22106,,N,C,C,A,A,H,-,A,A,0,,,,,Y,,A,01,0,0,1,0,0,0,0,0,0,"- ","- ",,,SUTTER,"YUBA CITY",-121.62556457519531,39.140491485595703
8883876,2019,2019-07-29,5102,2019-06-10,1554,444,1,1,5,4,5102,0,0,0,,0,,"HARTER PKWY","N COLUSA FR RD",0.00,,Y,A,-,N,,,,,,,,,,Y,3,0,1,2,A,-,12,21453,A,N,D,C,A,A,H,-,A,A,0,,,,,Y,,D,22,0,1,0,0,0,0,0,0,0,"- ","- ",,,SUTTER,"YUBA CITY",-121.65545654296875,39.144001007080078
8883908,2019,2020-01-10,5102,2019-06-04,0948,4073,3,2,5,4,5102,0,0,0,,0,003,"RT 20","ROCCA WY",30.00,W,N,A,-,Y,SUT,3,20,-,-,15.710,H,-,W,Y,3,0,2,2,A,-,03,22350,,N,C,-,A,A,H,-,A,D,0,,,,,Y,,A,07,0,1,1,0,0,0,0,0,0,"- ","- ",,,SUTTER,"YUBA CITY",-121.63216400146484,39.141891479492188
8883982,2019,2019-07-29,5102,2019-06-25,1404,4073,2,2,5,4,5102,0,0,0,,0,002,"FRANKLIN RD","LITTLE JOHN RD",610.00,E,N,A,-,N,,,,,,,,,,N,4,0,1,2,A,-,03,22350,,F,C,C,A,A,H,-,A,A,0,,,,,Y,,A,08,0,0,1,0,0,0,0,0,0,"- ","- ",,,SUTTER,"YUBA CITY",-121.63703918457031,39.127311706542969
8889618,2019,2019-07-23,5102,2019-06-25,1635,486,4,2,5,4,5102,0,0,0,,0,004,"SHASTA ST","BRIDGE ST",121.00,N,N,A,-,N,,,,,,,,,,N,3,0,2,2,A,-,09,21804,A,N,D,C,A,A,H,-,A,D,0,,,,,Y,,A,08,0,1,1,0,0,0,0,0,0,"- ","- ",,,SUTTER,"YUBA CITY",-121.61381530761719,39.136272430419922
8889626,2019,2019-07-23,5102,2019-06-24,1800,4069,4,1,5,4,5102,0,0,0,,0,004,"PLUMAS ST","TEEGARDEN AV",50.00,N,N,A,-,N,,,,,,,,,,Y,2,0,1,2,A,-,05,21650,1,N,A,G,A,A,H,-,A,D,0,,Y,,,Y,,L,04,1,0,0,0,0,0,1,0,0,"- ","- ",,,SUTTER,"YUBA CITY",-121.61660766601562,39.138198852539062
8889630,2019,2019-07-23,5102,2019-06-24,1054,4096,,1,5,4,5102,0,0,0,,0,003,"LIVE OAK BL","AINSLEY AV",41.00,N,N,A,-,N,,,,,,,,,,Y,4,0,1,2,A,-,07,21658,A,N,B,C,A,A,H,-,A,D,0,,,,,Y,,A,01,0,0,1,0,0,0,0,0,0,"- ","- ",,,SUTTER,"YUBA CITY",-121.62081909179688,39.143791198730469
8892243,2019,2019-07-15,5102,2019-06-13,1616,4105,2,4,5,4,5102,0,0,0,,0,002,"WALTON AV","LASSEN WY",0.00,,Y,A,-,N,,,,,,,,,,Y,3,0,1,2,A,-,09,21802,A,N,D,C,A,A,H,-,A,A,0,,,,,Y,,A,01,0,1,0,0,0,0,0,0,0,"- ","- ",,,SUTTER,"YUBA CITY",-121.64391326904297,39.137969970703125
8893314,2019,2019-08-01,5102,2019-07-14,2225,4076,1,7,5,4,5102,0,0,0,,0,001,"BUTTE HOUSE RD","THARP RD",0.00,,Y,A,-,N,,,,,,,,,,Y,3,0,1,2,A,-,01,23153,A,N,D,C,A,A,H,-,C,A,0,,,,,Y,Y,A,07,0,1,0,0,0,0,0,0,0,"- ","- ",,,SUTTER,"YUBA CITY",-121.64833068847656,39.149299621582031
8896012,2019,2020-01-27,5102,2019-06-14,2223,4119,1,5,5,4,5102,0,0,0,,0,001,"RT 20","HARTER PKWY",5.00,W,N,A,-,Y,SUT,3,20,-,-,14.460,H,-,E,N,4,0,1,2,A,-,21,22106,,N,C,C,A,A,H,-,C,A,0,,,,,Y,,A,01,0,0,1,0,0,0,0,0,0,"- ","- ",,,SUTTER,"YUBA CITY",-121.65573883056641,39.141433715820312
8907480,2019,2019-08-13,5102,2019-07-12,2225,4113,4,5,5,4,5102,0,0,0,,0,004,"PLUMAS ST","CHURCH ST",10.00,S,N,A,-,N,,,,,,,,,,N,4,0,1,2,A,-,03,22350,,M,C,C,A,A,H,-,C,D,0,,,,,Y,Y,A,01,0,0,1,0,0,0,0,0,0,"- ","- ",,,SUTTER,"YUBA CITY",-121.61688995361328,39.138805389404297
8910395,2019,2020-01-27,5102,2019-08-09,1620,447,4,5,5,4,5102,0,0,0,,0,004,"RT 99","SUNSWEET BL",848.00,N,N,A,-,Y,SUT,3,99,-,-,30.410,H,-,N,Y,2,0,2,2,A,-,04,21703,,N,C,C,A,A,H,-,A,D,0,,,,,Y,,A,01,1,0,1,0,0,0,0,0,0,"- ","- ",,,SUTTER,"YUBA CITY",-121.63452911376953,39.138629913330078
8910399,2019,2020-01-27,5102,2019-08-07,0805,4073,1,3,5,4,5102,0,0,0,,0,001,"RT 20","N GEORGE WASHINGTON BL",835.00,E,N,A,-,Y,SUT,3,20,-,-,13.760,H,-,E,Y,4,0,1,1,C,-,18,,,N,E,I,A,A,H,-,A,D,0,,,,,Y,,-,"- ",0,0,1,0,0,0,0,0,0,"- ","- ",,,SUTTER,"YUBA CITY",-121.66872406005859,39.141353607177734
8910454,2019,2020-01-10,5102,2019-08-04,1818,486,3,7,5,4,5102,0,0,0,,0,,"RT 20","SHASTA ST",0.00,,Y,A,-,Y,SUT,3,20,-,-,16.619,I,5,W,Y,3,0,2,2,A,-,09,21453,C,N,F,C,A,A,H,-,A,A,0,,,,,Y,,A,01,0,2,0,0,0,0,0,0,0,"- ","- ",,,SUTTER,"YUBA CITY",-121.61576080322266,39.141414642333984
8911142,2020,2022-06-14,5102,2020-04-03,2021,4073,1,5,5,4,5102,0,0,0,,0,001,"TIERRA BUENA RD","BUTTE HOUSE RD",960.00,S,N,A,-,N,,,,,,,,,,Y,1,1,0,1,A,-,03,22350,,N,E,I,A,A,H,-,C,D,0,,,Y,,Y,,C,02,0,0,0,0,0,0,0,1,0,"- ","- ",,,SUTTER,"YUBA CITY",-121.66242218017578,39.150623321533203
8911500,2020,2022-06-14,5102,2020-08-05,0041,9005,5,3,5,4,5102,0,0,0,,0,005,"GARDEN HWY","PERCY AV",0.00,,Y,A,-,N,,,,,,,,,,Y,1,1,0,2,A,-,10,21950,A,N,G,B,B,A,H,-,C,A,0,Y,,,,Y,Y,A,07,0,0,0,1,0,0,0,0,0,"- ","- ",,,SUTTER,"YUBA CITY",-121.61269378662109,39.122100830078125
8911705,2020,2022-06-14,5102,2020-08-27,1529,4105,2,4,5,4,5102,0,0,0,,0,002,"W ONSTOTT FRONTAGE RD","JAIME DRIVE",34.00,N,N,A,-,N,,,,,,,,,,Y,1,1,0,2,A,-,09,21802,A,N,D,C,A,A,H,-,A,A,0,,,Y,,Y,Y,C,06,0,0,0,0,0,0,0,1,0,"- ","- ",,,SUTTER,"YUBA CITY",-121.63568115234375,39.161544799804688
8913375,2019,2020-01-27,5102,2019-07-22,1112,4077,2,1,5,4,5102,0,0,0,,0,002,"RT 20","THARP RD",80.00,E,N,A,-,Y,SUT,3,20,-,R,14.870,H,-,W,N,4,0,1,2,A,-,03,22350,,N,C,C,A,A,H,-,A,A,0,,,,,Y,,A,07,0,0,1,0,0,0,0,0,0,"- ","- ",,,SUTTER,"YUBA CITY",-121.648193359375,39.141654968261719
8914312,2019,2019-08-19,5102,2019-07-26,0720,4102,5,5,5,4,5102,0,0,0,,0,5102,"JEWELL AV","PARK AV",0.00,,Y,A,-,N,,,,,,,,,,N,3,0,1,2,A,-,12,22450,A,N,G,B,B,A,H,-,B,D,0,Y,,,,Y,,D,22,0,1,0,0,1,0,0,0,0,"- ","- ",,,SUTTER,"YUBA CITY",-121.62110137939453,39.126419067382812
8914320,2019,2019-08-22,5102,2019-07-23,0638,4077,4,2,5,4,5102,0,0,0,,0,004,"CLARK AV","FORBES AV",40.00,N,N,A,-,N,,,,,,,,,,Y,3,0,1,2,A,-,03,22350,,N,C,C,A,A,H,-,A,D,0,,,,Y,Y,,A,01,0,1,0,0,0,0,0,0,0,"- ","- ",,,SUTTER,"YUBA CITY",-121.62545776367188,39.138031005859375
8914690,2019,2019-08-12,5102,2019-06-24,1242,4091,2,1,5,4,5102,0,0,0,,0,002,"BRIDGE ST","OJI WY",360.00,W,N,A,-,N,,,,,,,,,,Y,4,0,1,1,A,-,07,21658,A,N,E,I,A,A,H,-,A,D,0,,,,,Y,,-,"- ",0,0,1,0,0,0,0,0,0,"- ","- ",,,SUTTER,"YUBA CITY",-121.63813781738281,39.132339477539062
8921148,2019,2019-11-25,5102,2019-08-11,1210,4107,1,7,5,4,5102,0,0,0,,0,001,"THARP RD","COLUSA AV",428.00,N,N,A,-,N,,,,,,,,,,Y,4,0,1,2,A,-,08,22107,,N,D,C,A,A,H,-,A,D,0,,,,,Y,,D,22,0,0,1,0,0,0,0,0,0,"- ","- ",,,SUTTER,"YUBA CITY",-121.64850616455078,39.142757415771484
8921156,2019,2019-09-27,5102,2019-08-14,1056,4094,2,3,5,4,5102,0,0,0,,0,002,"STABLER LN","POOLE BL",0.00,,Y,A,-,N,,,,,,,,,,Y,3,0,1,3,A,-,12,21453,A,N,B,C,A,A,H,-,A,D,0,,,,,Y,,A,01,0,1,0,0,0,0,0,0,0,"- ","- ",,,SUTTER,"YUBA CITY",-121.64396667480469,39.144710540771484
8921160,2019,2019-09-05,5102,2019-08-15,0748,4077,2,4,5,4,5102,0,0,0,,0,002,"BUTTE HOUSE RD","STABLER LN",440.00,W,N,A,-,N,,,,,,,,,,N,4,0,2,2,A,-,09,21801,A,N,D,C,A,A,H,-,A,D,0,,,,,Y,,A,01,0,0,2,0,0,0,0,0,0,"- ","- ",,,SUTTER,"YUBA CITY",-121.64543151855469,39.148441314697266
8921520,2019,2019-08-29,5102,2019-08-07,1645,9008,4,3,5,4,5102,0,0,0,,0,004,"B ST","BOYD ST",0.00,,Y,A,-,N,,,,,,,,,,N,3,0,1,2,A,-,05,21650,,N,D,G,A,A,H,-,A,D,0,,Y,,,Y,,L,04,0,1,0,0,0,0,1,0,0,"- ","- ",,,SUTTER,"YUBA CITY",-121.61003875732422,39.134941101074219
8931362,2019,2020-01-27,5102,2019-08-13,1235,4073,3,2,5,4,5102,0,0,0,,0,003,"RT 20","SHASTA ST",200.00,E,N,A,-,Y,SUT,3,20,-,-,16.660,H,-,W,Y,4,0,1,4,A,-,03,22350,,N,C,C,A,A,H,-,A,D,0,,,,,Y,,D,22,0,0,1,0,0,0,0,0,0,"- ","- ",,,SUTTER,"YUBA CITY",-121.61504364013672,39.141643524169922
8931366,2019,2019-09-17,5102,2019-08-16,1522,4090,1,5,5,4,5102,0,0,0,,0,001,"FRANKLIN RD","BRISTOL WY",0.00,,Y,A,-,N,,,,,,,,,,Y,3,0,2,2,A,-,01,23153,A,N,A,C,A,A,H,-,A,D,0,,,,,Y,Y,D,22,0,2,0,0,0,0,0,0,0,"- ","- ",,,SUTTER,"YUBA CITY",-121.64930725097656,39.12725830078125
8931377,2019,2019-09-18,5102,2019-08-12,1639,4073,4,1,5,4,5102,0,0,0,,0,004,"BRIDGE ST","GRAY AV",0.00,,Y,A,-,N,,,,,,,,,,Y,3,0,2,4,A,-,12,21453,A,N,D,C,A,A,H,-,A,A,0,,,,,Y,,D,22,0,2,0,0,0,0,0,0,0,"- ","- ",,,SUTTER,"YUBA CITY",-121.62991333007812,39.132289886474609
8931456,2019,2019-09-16,5102,2019-08-12,1232,4096,,1,5,4,5102,0,0,0,,0,004,"BRIDGE ST","NORTH PALORA AV",0.00,,Y,A,-,N,,,,,,,,,,Y,3,0,1,2,A,-,03,22350,,N,D,C,A,A,H,-,A,D,0,,,Y,,Y,,C,02,0,1,0,0,0,0,0,0,1,"- ","- ",,,SUTTER,"YUBA CITY",-121.63349151611328,39.132389068603516
8931484,2019,2019-09-16,5102,2019-08-12,1217,4073,1,1,5,4,5102,0,0,0,,0,001,"BUTTE HOUSE RD","N TOWNSHIP RD",0.00,,Y,A,-,N,,,,,,,,,,Y,4,0,1,2,A,-,12,22450,A,N,D,C,A,A,H,-,A,A,0,,,,,Y,,A,07,0,0,1,0,0,0,0,0,0,"- ","- ",,,SUTTER,"YUBA CITY",-121.68866729736328,39.160449981689453
8931492,2019,2019-09-16,5102,2019-08-18,2104,4108,5,7,5,4,5102,0,0,0,,0,5102,"MARCIA AV","S BARRETT RD",300.00,E,N,A,-,N,,,,,,,,,,N,3,0,1,2,A,-,08,22107,,F,A,B,E,A,H,-,C,D,0,Y,,,,Y,,A,01,0,1,0,0,1,0,0,0,0,"- ","- ",,,SUTTER,"YUBA CITY",-121.62998199462891,39.124843597412109
8933604,2019,2019-09-12,5102,2019-08-21,2058,9003,4,3,5,4,5102,0,0,0,,0,004,"GARDEN HWY","WINSHIP RD",0.00,,Y,A,-,N,,,,,,,,,,Y,3,0,2,2,A,-,09,21804,A,N,D,C,A,A,H,-,C,D,0,,,,,Y,,A,01,0,2,0,0,0,0,0,0,0,"- ","- ",,,SUTTER,"YUBA CITY",-121.61663818359375,39.119270324707031
8938868,2019,2020-01-27,5102,2019-08-24,1630,447,3,6,5,4,5102,0,0,0,,0,003,"RT 20","ROCCA WY",21.00,E,N,A,-,Y,SUT,3,20,-,-,15.730,H,-,W,N,4,0,3,3,A,-,03,22350,,N,C,C,A,A,H,-,A,A,0,,,,,Y,,A,07,0,0,3,0,0,0,0,0,0,"- ","- ",,,SUTTER,"YUBA CITY",-121.63179016113281,39.141887664794922
8939164,2019,2019-11-21,5102,2019-10-07,0809,4077,1,1,5,4,5102,0,0,0,,0,001,"FRANKLIN RD","LYNDSEY LN",0.00,,Y,A,-,N,,,,,,,,,,N,1,1,0,2,A,-,01,23152,A,F,G,B,D,A,H,-,A,D,0,Y,,,,Y,Y,A,07,0,0,0,1,0,0,0,0,0,"- ","- ",,,SUTTER,"YUBA CITY",-121.67954254150391,39.127040863037109
8939397,2019,2019-11-22,5102,2019-10-27,1401,4113,2,7,5,4,5102,0,0,0,,0,002,"RT 99","NORTH COLUSA HWY",37.00,N,N,A,-,Y,SUT,3,99,-,T,30.640,H,-,S,Y,1,1,0,3,A,-,03,22350,,N,C,C,A,A,H,-,A,A,0,,,,Y,Y,,F,25,0,0,0,0,0,0,0,0,0,"- ","- ",,,SUTTER,"YUBA CITY",-121.63467407226562,39.141998291015625
8941206,2019,2020-01-10,5102,2019-09-01,2120,9000,4,7,5,4,5102,0,0,0,,0,004,"RT 20","PLUMAS ST",15.00,E,N,A,-,Y,SUT,3,20,-,-,16.530,H,-,W,Y,4,0,2,2,A,-,01,23152,G,N,C,C,A,A,H,-,C,A,0,,,,,Y,Y,A,01,0,0,2,0,0,0,0,0,0,"- ","- ",,,SUTTER,"YUBA CITY",-121.61729431152344,39.140892028808594
8941363,2019,2019-09-30,5102,2019-09-07,1105,4094,3,6,5,4,5102,0,0,0,,0,003,"MARKET ST","PLUMAS ST",195.00,E,N,A,-,N,,,,,,,,,,Y,3,0,1,2,A,-,09,21804,A,N,D,C,A,A,H,-,A,D,0,,,,,Y,,A,01,0,1,0,0,0,0,0,0,0,"- ","- ",,,SUTTER,"YUBA CITY",-121.61767578125,39.152671813964844
8941367,2019,2019-09-30,5102,2019-09-06,0800,448,5,5,5,4,5102,0,0,0,,0,005,"FRANKLIN RD","CLARK AV",0.00,,Y,A,-,N,,,,,,,,,,N,3,0,1,2,A,-,12,21453,A,M,B,G,A,A,H,-,A,A,0,,Y,,,Y,,A,01,0,1,0,0,0,0,1,0,0,"- ","- ",,,SUTTER,"YUBA CITY",-121.62477874755859,39.127220153808594
8941375,2019,2019-09-30,5102,2019-09-02,0032,4069,2,1,5,4,5102,0,0,0,,0,002,"BRIDGE ST","OJI WY",15.00,E,N,A,-,N,,,,,,,,,,Y,4,0,1,2,A,-,03,22350,,N,-,C,A,A,H,-,C,A,0,,,,,Y,,A,01,0,0,1,0,0,0,0,0,0,"- ","- ",,,SUTTER,"YUBA CITY",-121.63681793212891,39.132369995117188
8941379,2019,2019-09-30,5102,2019-09-07,1050,4105,4,6,5,4,5102,0,0,0,,0,004,"FRANKLIN RD","N BARRETT RD",154.00,W,N,A,-,N,,,,,,,,,,Y,3,0,2,3,A,-,08,22107,,N,E,I,A,A,H,-,A,D,0,,,,,Y,,A,01,0,2,0,0,0,0,0,0,0,"- ","- ",,,SUTTER,"YUBA CITY",-121.63158416748047,39.127285003662109
8941428,2019,2019-09-30,5102,2019-09-19,1503,4105,5,4,5,4,5102,0,0,0,,0,005,"MORTON ST","MAIN ST",0.00,,Y,A,-,N,,,,,,,,,,N,3,0,1,2,A,-,09,21802,A,N,D,C,A,A,H,-,A,D,0,,,,,Y,,A,01,0,1,0,0,0,0,0,0,0,"- ","- ",,,SUTTER,"YUBA CITY",-121.61620330810547,39.126808166503906
8941840,2019,2019-10-04,5102,2019-08-26,1143,4107,3,1,5,4,5102,0,0,0,,0,003,"KNIGHTS ROW","QUEENS AV",305.00,S,N,A,-,N,,,,,,,,,,N,3,0,1,2,A,-,21,22106,,N,G,B,E,A,H,-,A,D,0,Y,,,,Y,,A,01,0,1,0,0,1,0,0,0,0,"- ","- ",,,SUTTER,"YUBA CITY",-121.62246704101562,39.150981903076172
8946375,2019,2019-10-02,5102,2019-06-13,1719,4077,5,4,5,4,5102,0,0,0,,0,005,"GARDEN HWY","PERCY AV",0.00,,Y,A,-,N,,,,,,,,,,Y,2,0,1,2,A,-,12,21453,,F,D,C,A,A,H,-,A,A,0,,,Y,,Y,,A,07,1,0,0,0,0,0,0,0,1,"- ","- ",,,SUTTER,"YUBA CITY",-121.61269378662109,39.122100830078125
8956401,2019,2019-11-07,5102,2019-09-25,1236,4105,4,3,5,4,5102,0,0,0,,0,004,"FRANKLIN AV","PARK AV",300.00,W,N,A,-,N,,,,,,,,,,N,3,0,1,2,A,-,08,22107,,N,C,C,A,A,H,-,A,D,0,,,,,Y,,A,01,0,1,0,0,0,0,0,0,0,"- ","- ",,,SUTTER,"YUBA CITY",-121.62208557128906,39.127838134765625
8956478,2019,2019-11-07,5102,2019-09-25,1339,4105,5,3,5,4,5102,0,0,0,,0,005,"WILBUR AV","C ST",0.00,,Y,A,-,N,,,,,,,,,,Y,3,0,1,2,A,-,09,21802,A,N,D,C,A,A,H,-,A,D,0,,,,,Y,,A,07,0,1,0,0,0,0,0,0,0,"- ","- ",,,SUTTER,"YUBA CITY",-121.61199951171875,39.132949829101562
8961777,2019,2019-11-15,5102,2019-09-26,0808,4119,4,4,5,4,5102,0,0,0,,0,004,"FREDERICK ST","BROWN AV",0.00,,Y,A,-,N,,,,,,,,,,N,4,0,1,2,A,-,12,22450,A,N,D,C,A,A,H,-,A,A,0,,,,,Y,,A,08,0,0,1,0,0,0,0,0,0,"- ","- ",,,SUTTER,"YUBA CITY",-121.62845611572266,39.130939483642578
8961914,2019,2019-10-23,5102,2019-10-08,1426,4073,5,2,5,4,5102,0,0,0,,0,005,"BUNCE RD","LINCOLN RD",170.00,N,N,A,-,N,,,,,,,,,,Y,3,0,1,3,A,-,08,22107,,N,B,C,A,A,H,-,A,D,0,,,,,Y,,A,01,0,1,0,0,0,0,0,0,0,"- ","- ",,,SUTTER,"YUBA CITY",-121.62500762939453,39.113105773925781
8964195,2019,2020-01-28,5102,2019-08-31,1511,4054,2,6,5,4,5102,0,0,0,,0,002,"RT 99","SUNSWEET BL",171.00,S,N,A,-,Y,SUT,3,99,-,-,30.220,H,-,S,Y,4,0,5,4,A,-,03,22350,,N,C,C,A,A,H,-,A,D,0,,,,,Y,,-,"- ",0,0,5,0,0,0,0,0,0,"- ","- ",,,SUTTER,"YUBA CITY",-121.63467407226562,39.135246276855469
8964837,2019,2020-09-11,5102,2019-10-02,2201,4115,1,3,5,4,5102,0,0,0,,0,001,"RT 20","EL MARGARITA RD",178.00,,N,A,-,Y,SUT,3,20,-,-,14.130,H,-,W,Y,3,0,2,2,A,-,05,21651,A,N,C,C,A,A,H,-,D,D,0,,,,,Y,,A,01,0,2,0,0,0,0,0,0,0,"- ","- ",,,SUTTER,"YUBA CITY",-121.66189575195312,39.141536712646484
8971843,2019,2020-09-11,5102,2019-10-10,0548,4094,2,4,5,4,5102,0,0,0,,0,002,"RT 20","THARP RD",550.00,E,N,A,-,Y,SUT,3,20,-,R,14.950,H,-,W,N,4,0,1,2,A,-,03,22350,,N,C,C,A,A,H,-,D,D,0,,,,,Y,,A,07,0,0,1,0,0,0,0,0,0,"- ","- ",,,SUTTER,"YUBA CITY",-121.64670562744141,39.141704559326172
8971863,2019,2020-02-04,5102,2019-10-11,1214,4094,2,5,5,4,5102,0,0,0,,0,002,"RT 99","BRIDGE ST",800.00,S,N,A,-,Y,SUT,3,99,-,-,29.880,H,-,S,Y,3,0,3,3,A,-,03,22350,,N,C,C,A,A,H,-,A,A,0,,,,,Y,,D,22,0,3,0,0,0,0,0,0,0,"- ","- ",,,SUTTER,"YUBA CITY",-121.63452911376953,39.130290985107422
8971875,2019,2020-05-21,5102,2019-09-26,1248,4054,1,4,5,4,5102,0,0,0,,0,001,"RT 20","HARTER PKWY",200.00,W,N,A,-,Y,SUT,3,20,-,-,14.430,H,-,E,Y,3,0,5,4,A,-,03,22350,,N,C,C,A,A,H,-,A,A,0,,,,,Y,,D,22,0,5,0,0,0,0,0,0,0,"- ","- ",,,SUTTER,"YUBA CITY",-121.65628814697266,39.141426086425781
8971883,2019,2020-02-04,5102,2019-10-12,1749,4109,2,6,5,4,5102,0,0,0,,0,002,"RT 20","STABLER LN",75.00,W,N,A,-,Y,SUT,3,20,-,R,15.080,H,-,E,N,3,0,1,2,A,-,09,21804,A,N,D,C,A,A,H,-,A,D,0,,,,,Y,,A,08,0,1,0,0,0,0,0,0,0,"- ","- ",,,SUTTER,"YUBA CITY",-121.64426422119141,39.141654968261719
8972028,2019,2019-11-14,5102,2019-10-13,1809,4110,,7,5,4,5102,0,0,0,,0,004,"BRIDGE ST","N PALORA AV",0.00,,Y,A,-,N,,,,,,,,,,N,3,0,1,2,A,-,09,21801,A,N,D,C,A,A,H,-,A,D,0,,,Y,,Y,,C,02,0,1,0,0,0,0,0,0,1,"- ","- ",,,SUTTER,"YUBA CITY",-121.63349151611328,39.132389068603516
8972032,2019,2019-11-14,5102,2019-10-12,1456,4118,3,6,5,4,5102,0,0,0,,0,002,"BUTTE HOUSE RD","BLEVIN RD",0.00,,Y,A,-,N,,,,,,,,,,N,4,0,1,2,A,-,08,22107,,N,D,C,A,A,H,-,A,D,0,,,,,Y,,A,01,0,0,1,0,0,0,0,0,0,"- ","- ",,,SUTTER,"YUBA CITY",-121.6510009765625,39.150081634521484
8972040,2019,2019-11-14,5102,2019-10-18,1635,4118,3,5,5,4,5102,0,0,0,,0,004,"COLUSA HWY","OLIVE AV",2.00,W,N,A,-,N,,,,,,,,,,Y,4,0,1,2,A,-,03,22350,,N,C,C,A,A,H,-,A,A,0,,,,,Y,,A,01,0,0,1,0,0,0,0,0,0,"- ","- ",,,SUTTER,"YUBA CITY",-121.62108612060547,39.141300201416016
8974774,2019,2020-09-14,5102,2019-10-15,1433,4105,4,2,5,4,5102,0,0,0,,0,004,"RT 20","STAFFORD WY",0.00,,Y,A,-,Y,SUT,3,20,-,-,15.940,I,5,E,Y,3,0,1,2,A,-,08,22107,,N,D,C,A,A,H,-,A,D,0,,,,,Y,,A,01,0,1,0,0,0,0,0,0,0,"- ","- ",,,SUTTER,"YUBA CITY",-121.62789916992188,39.141624450683594
8974782,2019,2020-07-16,5102,2019-10-23,0555,448,1,3,5,4,5102,0,0,0,,0,001,"RT 20","HARTER PKWY",75.00,W,N,A,-,Y,SUT,3,20,-,-,14.450,H,-,E,Y,4,0,3,2,A,-,03,22350,,N,C,C,A,A,H,-,C,A,0,,,,Y,Y,,A,07,0,0,3,0,0,0,0,0,0,"- ","- ",,,SUTTER,"YUBA CITY",-121.65592193603516,39.141429901123047
8975341,2019,2020-09-14,5102,2019-10-16,1724,486,3,3,5,4,5102,0,0,0,,0,003,"RT 20","STAFFORD WY",28.00,W,N,A,-,Y,SUT,3,20,-,-,15.930,H,-,W,N,4,0,1,2,A,-,03,22350,,N,C,C,A,A,H,-,A,D,0,,,,,Y,,A,07,0,0,1,0,0,0,0,0,0,"- ","- ",,,SUTTER,"YUBA CITY",-121.62808990478516,39.141769409179688
8975501,2019,2019-12-02,5102,2019-10-29,2042,4108,4,2,5,4,5102,0,0,0,,0,004,"CLARK AV","BRIDGE ST",124.00,S,N,A,G,N,,,,,,,,,,Y,3,0,1,4,A,-,08,22107,,N,C,E,A,A,H,-,C,D,0,,,,,Y,,A,07,0,1,0,0,0,0,0,0,0,"- ","- ",,,SUTTER,"YUBA CITY",-121.62514495849609,39.131877899169922
8975527,2019,2019-11-25,5102,2019-10-25,2302,4109,1,5,5,4,5102,0,0,0,,0,001,"BUTTE HOUSE RD","TIERRA BUENA RD",0.00,,Y,A,-,N,,,,,,,,,,Y,4,0,2,2,A,-,09,21802,B,N,D,C,A,A,H,-,C,D,0,,,,,Y,,A,01,0,0,2,0,0,0,0,0,0,"- ","- ",,,SUTTER,"YUBA CITY",-121.66237640380859,39.15325927734375
8975547,2019,2019-11-25,5102,2019-10-23,1043,4077,2,3,5,4,5102,0,0,0,,0,002,"BRIDGE ST","WALTON AV",15.00,E,N,A,-,N,,,,,,,,,,Y,4,0,2,2,A,-,09,21453,B,N,D,C,A,A,H,-,A,A,0,,,,,Y,,A,01,0,0,2,0,0,0,0,0,0,"- ","- ",,,SUTTER,"YUBA CITY",-121.64382934570312,39.132350921630859
8976187,2019,2019-11-19,5102,2019-10-03,1457,4077,2,4,5,4,5102,0,0,0,,0,002,"FRANKLIN RD","RT 99",730.00,W,N,A,-,N,,,,,,,,,,Y,4,0,1,2,A,-,03,22350,,N,C,C,A,A,H,-,A,D,0,,,,,Y,,A,01,0,0,1,0,0,0,0,0,0,"- ","- ",,,SUTTER,"YUBA CITY",-121.63710021972656,39.127311706542969
8976463,2019,2019-11-22,5102,2019-09-10,1442,4077,4,2,5,4,5102,0,0,0,,0,004,"FORBES AV","ORANGE ST",0.00,,Y,A,-,N,,,,,,,,,,Y,4,0,1,2,A,-,09,21804,A,N,D,C,A,A,H,-,A,D,0,,,,,Y,,A,07,0,0,1,0,0,0,0,0,0,"- ","- ",,,SUTTER,"YUBA CITY",-121.62245941162109,39.137760162353516