CASE_ID,ACCIDENT_YEAR,PROC_DATE,JURIS,COLLISION_DATE,COLLISION_TIME,OFFICER_ID,REPORTING_DISTRICT,DAY_OF_WEEK,CHP_SHIFT,POPULATION,CNTY_CITY_LOC,SPECIAL_COND,BEAT_TYPE,CHP_BEAT_TYPE,CITY_DIVISION_LAPD,CHP_BEAT_CLASS,BEAT_NUMBER,PRIMARY_RD,SECONDARY_RD,DISTANCE,DIRECTION,INTERSECTION,WEATHER_1,WEATHER_2,STATE_HWY_IND,CALTRANS_COUNTY,CALTRANS_DISTRICT,STATE_ROUTE,ROUTE_SUFFIX,POSTMILE_PREFIX,POSTMILE,LOCATION_TYPE,RAMP_INTERSECTION,SIDE_OF_HWY,TOW_AWAY,COLLISION_SEVERITY,NUMBER_KILLED,NUMBER_INJURED,PARTY_COUNT,PRIMARY_COLL_FACTOR,PCF_CODE_OF_VIOL,PCF_VIOL_CATEGORY,PCF_VIOLATION,PCF_VIOL_SUBSECTION,HIT_AND_RUN,TYPE_OF_COLLISION,MVIW,PED_ACTION,ROAD_SURFACE,ROAD_COND_1,ROAD_COND_2,LIGHTING,CONTROL_DEVICE,CHP_ROAD_TYPE,PEDESTRIAN_ACCIDENT,BICYCLE_ACCIDENT,MOTORCYCLE_ACCIDENT,TRUCK_ACCIDENT,NOT_PRIVATE_PROPERTY,ALCOHOL_INVOLVED,STWD_VEHTYPE_AT_FAULT,CHP_VEHTYPE_AT_FAULT,COUNT_SEVERE_INJ,COUNT_VISIBLE_INJ,COUNT_COMPLAINT_PAIN,COUNT_PED_KILLED,COUNT_PED_INJURED,COUNT_BICYCLIST_KILLED,COUNT_BICYCLIST_INJURED,COUNT_MC_KILLED,COUNT_MC_INJURED,PRIMARY_RAMP,SECONDARY_RAMP,LATITUDE,LONGITUDE,COUNTY,CITY,POINT_X,POINT_Y
90828234,2018,2018-10-04,9285,2018-10-02,1800,019085,,2,2,9,5100,0,3,5,,1,007,"BUTTE HOUSE RD","CALIFORNIA ST",0.00,,Y,B,-,N,,,,,,,,,,Y,3,0,1,2,A,-,12,22450,A,N,D,C,A,A,H,-,A,A,0,,,,,Y,,A,07,0,1,0,0,0,0,0,0,0,"- ","- ",39.168609619140625,-121.74852752685547,SUTTER,UNINCORPORATED,-121.74871063232422,39.168670654296875
90830830,2018,2018-10-08,9285,2018-09-18,0915,015976,,2,1,9,5100,0,1,3,,2,031,SR-113,"SOUTH GEORGE WASHINGTON BLVD.",0.00,,Y,A,-,Y,,,113,,,,,,,Y,3,0,2,2,A,-,09,21802,A,N,D,C,A,A,H,-,A,A,0,,,,,Y,,A,01,0,1,1,0,0,0,0,0,0,"- ","- ",39.002830505371094,-121.67176055908203,SUTTER,UNINCORPORATED,-121.671630859375,39.002685546875
90833602,2018,2018-10-11,9285,2018-09-26,1535,017382,,3,2,9,5100,0,1,3,,1,072,SR-20,"TOWNSHIP RD",1100.00,W,N,A,-,Y,,,20,,,,,,,Y,2,0,1,2,D,-,00,,,N,B,C,A,A,H,-,A,D,0,,,,Y,Y,,-,"- ",1,0,0,0,0,0,0,0,0,"- ","- ",39.141330718994141,-121.69228363037109,SUTTER,UNINCORPORATED,-121.69227600097656,39.141372680664062
90833697,2018,2018-10-11,9285,2018-10-03,1940,018475,,3,2,9,5100,0,1,3,,1,010,"SR-70 E/B","STRIPLIN RD",100.00,N,N,B,C,Y,,,70,,,,,,E,Y,4,0,2,2,A,-,08,22107,,N,C,C,A,B,H,-,C,D,0,,,,,Y,,A,01,0,0,2,0,0,0,0,0,0,"- ","- ",38.866989135742188,-121.54326629638672,SUTTER,UNINCORPORATED,-121.54323577880859,38.866989135742188
90837700,2018,2018-10-17,9285,2018-09-27,2110,017382,,4,2,9,5100,0,1,3,,1,072,SR-20,"HUMPHREY RD",0.00,,Y,A,-,Y,,,20,,,,,,,Y,2,0,2,2,A,-,12,22450,A,N,D,C,A,A,H,-,D,A,0,,,,,Y,,A,01,2,0,0,0,0,0,0,0,0,"- ","- ",39.141998291015625,-121.72615051269531,SUTTER,UNINCORPORATED,-121.72615051269531,39.141944885253906
90837846,2018,2018-10-17,9285,2018-10-11,1245,017163,,4,1,9,5100,0,1,3,,1,072,"SR-20 E/B","HAGEMAN RD",2330.00,E,N,A,-,Y,,,20,,,,,,E,Y,3,0,3,4,A,-,03,22350,,N,C,C,A,A,D,-,A,A,0,,,,,Y,,D,22,0,3,0,0,0,0,0,0,0,"- ","- ",39.143829345703125,-121.87029266357422,SUTTER,UNINCORPORATED,-121.87030029296875,39.143108367919922
90838021,2018,2018-10-17,9285,2018-10-03,0635,015976,,3,1,9,5100,0,1,3,,2,031,SR-113,"SAWTELLE AVE",0.00,,Y,B,-,Y,,,113,,,,,,,Y,4,0,1,2,A,-,06,21750,A,N,D,C,A,A,H,-,B,D,0,,,,,Y,,A,07,0,0,1,0,0,0,0,0,0,"- ","- ",39.003311157226562,-121.63459777832031,SUTTER,UNINCORPORATED,-121.63459777832031,39.003337860107422
90838238,2018,2018-10-17,9285,2018-10-13,0105,018522,,6,3,9,5100,0,3,5,,1,007,"N BUTTE ROAD","WEST BUTTE RD",4224.00,E,N,A,-,N,,,,,,,,,,Y,2,0,1,1,A,-,03,22350,,N,E,I,A,A,H,-,D,D,0,,,,,Y,,A,07,1,0,0,0,0,0,0,0,0,"- ","- ",39.290790557861328,-121.84506225585938,SUTTER,UNINCORPORATED,-121.84503936767578,39.289764404296875
90838808,2018,2018-10-18,9285,2018-10-11,1515,019085,,4,2,9,5100,0,1,3,,1,011,SR-99,"GARDEN HWY",968.00,S,N,A,-,Y,,,99,,,,,,,Y,3,0,1,3,A,-,08,22107,,N,B,C,A,A,H,-,A,A,0,,,,,Y,,A,01,0,1,0,0,0,0,0,0,0,"- ","- ",38.897979736328125,-121.58300018310547,SUTTER,UNINCORPORATED,-121.58314514160156,38.897823333740234
90839279,2018,2018-10-18,9285,2018-10-16,1845,018768,,2,2,9,5100,0,1,3,,1,051,"SR-99 N/B","LINCOLN RD",528.00,S,N,A,-,Y,,,99,,,,,,N,Y,4,0,1,4,A,-,03,22350,,M,C,C,A,A,H,-,C,A,0,,,,,Y,,A,01,0,0,1,0,0,0,0,0,0,"- ","- ",39.110790252685547,-121.63461303710938,SUTTER,UNINCORPORATED,-121.63459014892578,39.110790252685547
90839325,2018,2018-10-18,9285,2018-10-17,0200,019253,,3,3,9,5100,0,1,3,,1,011,"SR-99 S/B","WILSON RD",18.00,S,N,A,-,Y,,,99,,,,,,S,Y,3,0,2,1,A,-,08,22107,,N,E,I,A,A,H,-,C,A,0,,,,,Y,,A,07,0,2,0,0,0,0,0,0,0,"- ","- ",38.974769592285156,-121.61003112792969,SUTTER,UNINCORPORATED,-121.60983276367188,38.97491455078125
90840170,2018,2019-03-05,9285,2018-10-08,0606,014401,,1,1,9,5100,0,1,3,,1,011,SR-99,"SACRAMENTO AVENUE",51.00,N,N,A,-,Y,,,,,,,,,,Y,1,2,2,3,A,-,08,22107,,N,A,C,A,A,H,-,D,D,0,,,,Y,Y,,F,27,0,1,1,0,0,0,0,0,0,"- ","- ",39.916561126708984,-121.60600280761719,SUTTER,UNINCORPORATED,-121.6058349609375,38.916534423828125
90842093,2018,2018-10-23,9285,2018-10-18,2000,017382,,4,2,9,5100,0,3,5,,1,007,"TIERRA BUENA RD","TRUE RD",0.00,,Y,A,-,N,,,,,,,,,,Y,3,0,3,2,A,-,09,21801,A,N,D,C,A,A,H,-,C,D,0,,,,,Y,,A,01,0,3,0,0,0,0,0,0,0,"- ","- ",39.161598205566406,-121.66239166259766,SUTTER,UNINCORPORATED,-121.66233062744141,39.16156005859375
90843285,2018,2018-10-24,9285,2018-10-19,0020,018522,,5,3,9,5100,0,1,3,,1,072,SR-20,"TOWNSHIP RD",550.00,E,N,A,-,Y,,,20,,,,,,,Y,2,0,1,2,A,-,01,23152,A,N,C,C,A,A,H,-,D,D,0,,,,,Y,Y,A,01,1,0,0,0,0,0,0,0,0,"- ","- ",39.141448974609375,-121.6868896484375,SUTTER,UNINCORPORATED,-121.6868896484375,39.141441345214844
90847684,2018,2018-10-29,9285,2018-10-23,1700,019478,,2,2,9,5100,0,1,3,,1,011,SR-99,"POWERLINE RD",175.00,S,N,A,-,Y,,,99,,,,,,,Y,2,0,3,2,A,-,09,21801,A,N,D,C,A,A,H,-,A,A,0,,,,,Y,,D,22,2,0,1,0,0,0,0,0,0,"- ","- ",38.884880065917969,-121.56992340087891,SUTTER,UNINCORPORATED,-121.56985473632812,38.884933471679688
90855762,2018,2018-11-08,9285,2018-11-04,1024,017163,,7,1,9,5100,0,2,4,,1,052,"GEORGE WASHINGTON BLVD","FRANKLIN RD",1608.00,S,N,B,-,N,,,,,,,,,,N,3,0,4,3,A,-,03,22350,,N,C,C,A,A,H,-,A,D,0,,,,,Y,,D,22,0,4,0,0,0,0,0,0,0,"- ","- ",39.1226806640625,-121.67185211181641,SUTTER,UNINCORPORATED,-121.67191314697266,39.127101898193359
90857737,2018,2018-11-12,9285,2018-11-06,1705,014401,,2,2,9,5100,0,3,5,,1,007,"LIVE OAK BLVD",SR-99,20.00,E,N,A,-,N,,,,,,,,,,N,4,0,1,2,A,-,03,22350,,F,C,C,A,A,H,-,C,A,0,,,,,Y,,A,01,0,0,1,0,0,0,0,0,0,"- ","- ",39.217941284179688,-121.64141845703125,SUTTER,UNINCORPORATED,-121.64150238037109,39.217937469482422
90859086,2018,2018-11-13,9285,2018-11-11,2025,017163,,7,2,9,5100,0,3,5,,1,007,"PENNINGTON RD","BILLINGS RD",1427.00,W,N,A,-,N,,,,,,,,,,N,3,0,1,1,C,-,18,,,N,E,H,A,A,H,-,D,D,0,,,,,Y,,-,"- ",0,1,0,0,0,0,0,0,0,"- ","- ",39.275920867919922,-121.70191192626953,SUTTER,UNINCORPORATED,-121.70188903808594,39.275901794433594
90862295,2018,2018-11-19,9285,2018-11-11,1440,016343,,7,2,9,5100,0,3,5,,1,001,"KIRKVILLE RD","SACRAMENTO AVE",2640.00,W,N,A,-,N,,,,,,,,,,Y,4,0,1,1,A,-,01,23152,A,N,F,A,A,A,H,-,A,D,0,,,,,Y,Y,A,07,0,0,1,0,0,0,0,0,0,"- ","- ",38.912288665771484,-121.63439178466797,SUTTER,UNINCORPORATED,-121.63345336914062,38.912693023681641
90866222,2018,2018-11-26,9285,2018-11-13,1135,016844,,2,1,9,5100,0,3,5,,1,003,"ARMOUR RD.","MACKERT RD.",175.00,N,N,A,-,N,,,,,,,,,,Y,2,0,1,1,A,-,03,22350,,N,E,I,A,A,G,-,A,A,0,,,,,Y,,A,01,1,0,0,0,0,0,0,0,0,"- ","- ",38.835990905761719,-121.67292785644531,SUTTER,UNINCORPORATED,-121.67288208007812,38.836200714111328
90867655,2018,2018-11-26,9285,2018-11-17,1241,013174,,6,1,9,5100,0,3,5,,1,001,"RIEGO ROAD","PACIFIC AVE",1056.00,E,N,A,-,N,,,,,,,,,,Y,4,0,1,1,A,-,08,22107,,N,E,I,A,A,H,-,A,D,0,,,,Y,Y,,F,26,0,0,1,0,0,0,0,0,0,"- ","- ",38.750640869140625,-121.52140808105469,SUTTER,UNINCORPORATED,-121.521484375,38.750705718994141
90870458,2018,2018-11-29,9285,2018-11-26,1950,018291,,1,2,9,5100,0,2,4,,1,073,"LIVE OAK BLVD.","MORSE RD",1150.00,S,N,A,-,Y,,,,,,,,,,Y,3,0,1,1,C,-,18,,,N,E,I,A,A,H,-,D,D,0,,,,,Y,,-,"- ",0,1,0,0,0,0,0,0,0,"- ","- ",39.207328796386719,-121.63710784912109,SUTTER,UNINCORPORATED,-121.63752746582031,39.208415985107422
90878550,2018,2018-12-10,9285,2018-12-03,2130,13465,,1,2,9,5100,0,2,S,,2,904,"WHEATLAND RD","RIOSA ROAD",10.00,S,N,A,-,N,,,,,,,,,,Y,4,0,2,1,A,-,03,22350,,N,E,I,A,A,H,-,D,D,0,,,,,Y,,A,01,0,0,2,0,0,0,0,0,0,"- ","- ",38.977149963378906,-121.41480255126953,SUTTER,UNINCORPORATED,-121.41472625732422,38.977134704589844
90878558,2018,2018-12-10,9285,2018-12-01,1955,018986,,6,2,9,5100,0,3,5,,1,007,"NEWHALL RD","PROGRESS RD",0.00,,Y,B,-,N,,,,,,,,,,Y,3,0,2,1,A,-,08,22107,,N,F,I,A,B,H,-,D,D,0,,,,,Y,,D,22,0,2,0,0,0,0,0,0,0,"- ","- ",39.112388610839844,-121.80075073242188,SUTTER,UNINCORPORATED,-121.80055236816406,39.112258911132812
90882079,2018,2018-12-13,9285,2018-12-08,1335,013174,,6,1,9,5100,0,3,5,,1,005,"STEWART ROAD","WALLACE DR",350.00,W,N,A,-,N,,,,,,,,,,N,4,0,1,2,A,-,09,21804,A,N,D,C,A,A,H,-,A,D,0,,,Y,,Y,Y,C,02,0,0,1,0,0,0,0,0,1,"- ","- ",39.087028503417969,-121.63204193115234,SUTTER,UNINCORPORATED,-121.63198089599609,39.087173461914062
90887830,2018,2018-12-21,9285,2018-12-11,0722,015976,,2,1,9,5100,0,1,3,,1,011,"SR-99 S/B","RIEGO RD",0.00,,N,B,E,Y,,,99,,,,,,S,Y,4,0,3,4,A,-,03,22350,,N,C,C,A,B,H,-,A,D,0,,,,Y,Y,,G,27,0,0,3,0,0,0,0,0,0,"- ","- ",38.747398376464844,-121.54039764404297,SUTTER,UNINCORPORATED,-121.54043579101562,38.747402191162109
90888169,2018,2018-12-21,9285,2018-12-17,1623,014480,,1,2,9,5100,0,3,5,,1,001,"W. RIEGO RD","PACIFIC AVE",1584.00,W,N,A,-,N,,,,,,,,,,Y,1,2,1,3,A,-,08,22107,,N,A,C,A,A,H,-,A,D,0,,,,,Y,,A,07,0,1,0,0,0,0,0,0,0,"- ","- ",38.750568389892578,-121.53035736083984,SUTTER,UNINCORPORATED,-121.53074645996094,38.750545501708984
90888625,2018,2018-12-24,9285,2018-12-23,1645,019085,,7,2,9,5100,0,2,4,,1,052,"S. WALTON AVE","OSWALD RD",885.00,N,N,B,-,N,,,,,,,,,,Y,2,0,1,1,A,-,08,22107,,N,E,I,A,B,H,-,A,D,0,,,,,Y,,A,01,1,0,0,0,0,0,0,0,0,"- ","- ",39.070949554443359,-121.64394378662109,SUTTER,UNINCORPORATED,-121.64395141601562,39.071338653564453
90888695,2018,2018-12-24,9285,2018-12-15,1200,015849,,6,1,9,5100,0,1,3,,1,071,SR-99,"BISHOP AVE",0.00,,Y,B,-,Y,,,99,,,,,,,Y,1,1,0,2,A,-,09,21802,A,N,D,C,A,A,H,-,A,D,0,,,,Y,Y,,A,01,0,0,0,0,0,0,0,0,0,"- ","- ",39.259368896484375,-121.65567016601562,SUTTER,UNINCORPORATED,-121.65567779541016,39.259368896484375
90889048,2018,2018-12-24,9285,2018-12-17,0014,018522,,1,3,9,5100,0,1,3,,1,011,"SR-99 N/B","RIEGO ROAD",4224.00,N,N,C,-,Y,,,99,,,,,,N,Y,1,1,1,2,A,-,08,22107,,N,D,C,A,B,H,-,D,D,0,,,,,Y,,D,22,1,0,0,0,0,0,0,0,0,"- ","- ",38.762660980224609,-121.54340362548828,SUTTER,UNINCORPORATED,-121.54341888427734,38.762660980224609
9088931,2020,2020-06-30,5102,2020-03-13,1455,4118,3,5,5,4,5102,0,0,0,,0,002,"STABLER LN","HEATHER DR",90.00,S,N,A,-,N,,,,,,,,,,Y,3,0,2,4,A,-,03,22350,,N,C,C,A,A,H,-,A,A,0,,,,,Y,,A,01,0,1,1,0,0,0,0,0,0,"- ","- ",,,SUTTER,"YUBA CITY",-121.64398956298828,39.150463104248047
9088932,2020,2020-06-11,5102,2020-02-28,2243,4117,4,5,5,4,5102,0,0,0,,0,004,"COOPER AV","ROSALIND AV",35.00,S,N,B,-,N,,,,,,,,,,Y,3,0,1,2,A,-,07,21658,A,N,C,E,A,A,H,-,C,D,0,,,,,Y,,A,01,0,1,0,0,0,0,0,0,0,"- ","- ",,,SUTTER,"YUBA CITY",-121.62370300292969,39.140392303466797
9088934,2020,2020-07-08,5102,2020-03-17,1344,4077,5,2,5,4,5102,0,0,0,,0,005,"GARDEN HWY","DEL MONTE AV",300.00,S,N,B,-,N,,,,,,,,,,Y,3,0,1,2,A,-,09,21804,,N,D,C,A,A,H,-,A,D,0,,,,Y,Y,,F,26,0,1,0,0,0,0,0,0,0,"- ","- ",,,SUTTER,"YUBA CITY",-121.60872650146484,39.126548767089844
90893916,2018,2018-12-31,9285,2018-12-17,1050,015976,,1,1,9,5100,0,2,4,,1,073,"LIVE OAK BLVD","REDNALL RD",720.00,N,N,A,-,N,,,,,,,,,,Y,4,0,3,3,A,-,03,22350,,N,C,C,A,A,H,-,A,D,0,,,,,Y,,D,22,0,0,3,0,0,0,0,0,0,"- ","- ",39.184398651123047,-121.62875366210938,SUTTER,UNINCORPORATED,-121.62849426269531,39.18389892578125
90894061,2018,2019-01-08,9285,2018-12-22,1545,018632,,6,2,9,5100,0,1,3,,1,011,SR-99,"SACRAMENTO AVE",0.00,,Y,B,-,Y,,,99,,,,,,,Y,3,0,2,2,A,-,09,21802,A,N,D,C,A,A,H,-,A,D,0,,,,,Y,,A,01,0,2,0,0,0,0,0,0,0,"- ","- ",38.916599273681641,-121.60576629638672,SUTTER,UNINCORPORATED,-121.60588836669922,38.916526794433594
90900111,2018,2019-01-08,9285,2018-12-30,1430,019085,,7,2,9,5100,0,1,3,,1,010,SR-70,"MARCUM RD",1574.00,S,N,B,-,Y,,,70,,,,,,,Y,2,0,1,2,A,-,01,23152,A,N,C,C,A,A,H,-,A,D,0,,,,,Y,Y,D,22,1,0,0,0,0,0,0,0,0,"- ","- ",38.891918182373047,-121.54316711425781,SUTTER,UNINCORPORATED,-121.54320526123047,38.891914367675781
90908386,2019,2019-01-22,9285,2019-01-10,1545,015976,,4,2,9,5100,0,1,3,,1,072,SR-20,"ACACIA AVENUE",4752.00,W,N,B,-,Y,,,20,,,,,,,Y,4,0,1,1,A,-,08,22107,,N,F,A,A,A,H,-,A,D,0,,,,,Y,,A,07,0,0,1,0,0,0,0,0,0,"- ","- ",39.142471313476562,-121.77140808105469,SUTTER,UNINCORPORATED,-121.77140808105469,39.142555236816406
9090906,2020,2020-06-25,5102,2020-03-04,1536,4105,4,3,5,4,5102,0,0,0,,0,004,"CLARK AV","FRANKLIN RD",210.00,S,N,A,-,N,,,,,,,,,,N,4,0,1,2,A,-,09,21804,A,N,B,C,A,A,H,-,A,A,0,,,,,Y,,A,07,0,0,1,0,0,0,0,0,0,"- ","- ",,,SUTTER,"YUBA CITY",-121.62477111816406,39.126644134521484
90913010,2019,2019-01-25,9285,2019-01-18,2053,014480,,5,2,9,5100,0,1,3,,2,031,SR-113,"EVERGLADE RD",5280.00,S,N,B,C,Y,,,113,,,,,,,Y,4,0,1,2,A,-,05,21460,A,N,B,C,A,B,H,-,D,D,0,,,,,Y,,-,"- ",0,0,1,0,0,0,0,0,0,"- ","- ",38.966148376464844,-121.67247009277344,SUTTER,UNINCORPORATED,-121.67258453369141,38.9661865234375
90914539,2019,2019-10-11,9285,2019-01-18,2300,013174,,5,3,9,5100,0,3,5,,1,001,"PLEASANT GROVE RD","CORNELIUS AVE",2796.00,S,N,B,-,N,,,,,,,,,,Y,1,1,0,1,A,-,03,22350,,N,F,J,A,B,F,-,D,D,0,,,,,Y,,A,01,0,0,0,0,0,0,0,0,0,"- ","- ",38.918209075927734,-121.48770904541016,SUTTER,UNINCORPORATED,-121.48775482177734,38.918003082275391
90914824,2019,2019-01-29,9285,2019-01-20,0549,015491,,7,3,9,5100,0,1,3,,1,071,"STATE ROUTE 99","LIVE OAK BOULEVARD",954.00,S,N,B,-,Y,,,99,,,,,,,Y,4,0,1,1,A,-,01,23152,F,N,E,I,A,B,H,-,C,D,0,,,,,Y,,A,01,0,0,1,0,0,0,0,0,0,"- ","- ",39.215370178222656,-121.64183044433594,SUTTER,UNINCORPORATED,-121.64190673828125,39.21533203125
90915403,2019,2019-02-05,9285,2019-01-23,0500,015849,,3,3,9,5100,0,1,3,,1,071,SR-99,"EAGER ROAD",0.00,,N,A,-,Y,,,99,,,,,,,N,1,1,0,2,D,-,00,,,F,G,B,E,A,H,-,C,D,0,Y,,,,Y,,-,"- ",0,0,0,1,0,0,0,0,0,"- ","- ",39.201419830322266,-121.63519287109375,SUTTER,UNINCORPORATED,-121.63523101806641,39.201408386230469
90915772,2019,2019-02-25,9285,2019-01-27,1450,019085,,7,2,9,5100,0,3,5,,1,007,"EAGER RD","ONSTOTT FRONTAGE RD",2150.00,W,N,B,-,N,,,,,,,,,,Y,3,0,1,2,A,-,01,23152,A,N,C,C,A,A,H,-,A,D,0,,,,,Y,Y,D,22,0,1,0,0,0,0,0,0,0,"- ","- ",39.189788818359375,-121.64539337158203,SUTTER,UNINCORPORATED,-121.64511871337891,39.189720153808594
90915967,2019,2019-01-30,9285,2019-01-18,1746,014480,,5,2,9,5100,0,2,4,,1,052,"GARDEN HIGHWAY","EAST TUDOR RD",0.00,,Y,B,-,N,,,,,,,,,,Y,4,0,1,2,A,-,12,22450,A,N,C,C,A,A,H,-,D,A,0,,,,,Y,,A,01,0,0,1,0,0,0,0,0,0,"- ","- ",39.003688812255859,-121.61007690429688,SUTTER,UNINCORPORATED,-121.61004638671875,39.003700256347656
90921454,2019,2019-02-07,9285,2019-01-26,1505,016343,,6,2,9,5100,0,2,4,,1,052,"S. WALTON AVE","WALNUT AVE",100.00,N,N,A,-,N,,,,,,,,,,Y,4,0,1,2,A,-,08,22107,,N,B,C,A,A,H,-,A,D,0,,,,,Y,,A,07,0,0,1,0,0,0,0,0,0,"- ","- ",39.080039978027344,-121.64395904541016,SUTTER,UNINCORPORATED,-121.64397430419922,39.080074310302734
90924303,2019,2019-02-12,9285,2019-02-05,1055,015416,,2,1,9,5100,0,3,5,,1,007,"TOWNSHIP RD","FORTNA RD.",10.00,N,N,A,-,N,,,,,,,,,,N,4,0,1,2,A,-,03,22350,,N,C,C,A,A,H,-,A,D,0,,,,,Y,,A,01,0,0,1,0,0,0,0,0,0,"- ","- ",39.156421661376953,-121.688720703125,SUTTER,UNINCORPORATED,-121.688720703125,39.156059265136719
90924442,2019,2019-02-12,9285,2019-02-06,1745,014480,,3,2,9,5100,0,1,3,,1,051,SR-99,"MESSICK RD",50.00,N,N,A,-,Y,,,99,,,,,,,Y,3,0,1,1,A,-,01,23152,A,M,E,I,A,A,H,-,C,D,0,,,,,Y,Y,A,01,0,1,0,0,0,0,0,0,0,"- ","- ",39.051040649414062,-121.63318634033203,SUTTER,UNINCORPORATED,-121.63339233398438,39.051036834716797
90928903,2019,2019-02-19,9285,2019-02-13,1106,015849,,3,1,9,5100,0,1,3,,1,071,SR-99,"CLARK RD",528.00,N,N,C,-,Y,,,99,,,,,,,Y,3,0,2,3,A,-,03,22350,,N,C,C,A,B,H,-,A,D,0,,,,,Y,,A,01,0,1,1,0,0,0,0,0,0,"- ","- ",39.235431671142578,-121.64726257324219,SUTTER,UNINCORPORATED,-121.64692687988281,39.235565185546875
90930999,2019,2019-02-21,9285,2019-02-18,1045,018291,,1,1,9,5100,0,1,3,,1,051,"SR-99 N/B","BARRY RD.",0.00,,Y,A,-,Y,,,99,,,,,,N,Y,3,0,2,2,A,-,12,21453,A,N,D,C,A,A,H,-,A,A,0,,,,,Y,,A,01,0,2,0,0,0,0,0,0,0,"- ","- ",39.076271057128906,-121.63481140136719,SUTTER,UNINCORPORATED,-121.63483428955078,39.076271057128906
90933705,2019,2019-02-25,9285,2019-02-20,1040,016052,,3,1,9,5100,0,3,5,,1,007,"SOUTH BUTTE RD","LOCUST ST",400.00,E,N,A,-,N,,,,,,,,,,Y,4,0,1,2,A,-,09,21801,A,N,D,C,A,A,H,-,A,D,0,,,Y,Y,Y,,F,26,0,0,1,0,0,0,0,0,1,"- ","- ",39.156509399414062,-121.74284362792969,SUTTER,UNINCORPORATED,-121.74281311035156,39.156471252441406
90938644,2019,2019-03-04,9285,2019-02-20,2200,018522,,3,3,9,5100,0,3,5,,1,005,"BOGUE ROAD","CLEMENTS ROAD",0.00,,Y,A,-,N,,,,,,,,,,Y,3,0,1,1,A,-,03,22350,,N,E,I,A,A,H,-,D,D,0,,,,,Y,,D,22,0,1,0,0,0,0,0,0,0,"- ","- ",39.098541259765625,-121.74510955810547,SUTTER,UNINCORPORATED,-121.74514007568359,39.098598480224609
90944311,2019,2019-03-12,9285,2019-03-06,0930,014401,,3,1,9,5100,0,1,3,,1,072,SR-20,"LYTLE RD",1056.00,E,N,B,-,Y,,,20,,,,,,,Y,4,0,1,2,A,-,03,22350,,N,C,C,A,B,H,-,A,D,0,,,,,Y,,D,22,0,0,1,0,0,0,0,0,0,"- ","- ",39.141639709472656,-121.7088623046875,SUTTER,UNINCORPORATED,-121.7088623046875,39.141571044921875
90948727,2019,2019-03-19,9285,2019-03-09,1645,016343,,6,2,9,5100,0,1,3,,1,011,"SR-99 S/B","RIEGO RD",2640.00,N,N,B,-,Y,,,99,,,,,,S,Y,4,0,1,1,A,-,08,22107,,N,F,A,A,A,H,-,A,D,0,,,,,Y,,A,01,0,0,1,0,0,0,0,0,0,"- ","- ",38.758079528808594,-121.54351043701172,SUTTER,UNINCORPORATED,-121.54351806640625,38.758079528808594
90949643,2019,2019-03-20,9285,2019-03-12,1420,017900,,2,2,9,5100,0,1,3,,1,071,"STATE ROUTE 99","ENCINAL ROAD",0.00,,Y,A,-,Y,,,99,,,,,,,N,4,0,2,2,A,-,09,21802,A,N,D,C,A,A,H,-,A,D,0,,,,,Y,,A,01,0,0,2,0,0,0,0,0,0,"- ","- ",39.218021392822266,-121.64154815673828,SUTTER,UNINCORPORATED,-121.64157104492188,39.218040466308594
90951628,2019,2019-03-22,9285,2019-03-13,1915,016343,,3,2,9,5100,0,1,3,,1,051,SR-99,"BOGUE RD",75.00,S,N,A,-,Y,,,99,,,,,,,Y,4,0,1,4,A,-,03,22350,,N,C,C,A,A,H,-,C,A,0,,,,,Y,,A,08,0,0,1,0,0,0,0,0,0,"- ","- ",39.098190307617188,-121.63443756103516,SUTTER,UNINCORPORATED,-121.63442993164062,39.098190307617188
90953395,2019,2019-03-26,9285,2019-03-25,1550,014480,,1,2,9,5100,0,1,3,,1,051,SR-99,"HUNN RD",300.00,S,N,B,C,Y,,,99,,,,,,,N,4,0,1,2,A,-,03,22350,,N,C,C,A,B,H,-,A,D,0,,,,,Y,,A,07,0,0,1,0,0,0,0,0,0,"- ","- ",39.121131896972656,-121.63446807861328,SUTTER,UNINCORPORATED,-121.63454437255859,39.121131896972656