CASE_ID,ACCIDENT_YEAR,PROC_DATE,JURIS,COLLISION_DATE,COLLISION_TIME,OFFICER_ID,REPORTING_DISTRICT,DAY_OF_WEEK,CHP_SHIFT,POPULATION,CNTY_CITY_LOC,SPECIAL_COND,BEAT_TYPE,CHP_BEAT_TYPE,CITY_DIVISION_LAPD,CHP_BEAT_CLASS,BEAT_NUMBER,PRIMARY_RD,SECONDARY_RD,DISTANCE,DIRECTION,INTERSECTION,WEATHER_1,WEATHER_2,STATE_HWY_IND,CALTRANS_COUNTY,CALTRANS_DISTRICT,STATE_ROUTE,ROUTE_SUFFIX,POSTMILE_PREFIX,POSTMILE,LOCATION_TYPE,RAMP_INTERSECTION,SIDE_OF_HWY,TOW_AWAY,COLLISION_SEVERITY,NUMBER_KILLED,NUMBER_INJURED,PARTY_COUNT,PRIMARY_COLL_FACTOR,PCF_CODE_OF_VIOL,PCF_VIOL_CATEGORY,PCF_VIOLATION,PCF_VIOL_SUBSECTION,HIT_AND_RUN,TYPE_OF_COLLISION,MVIW,PED_ACTION,ROAD_SURFACE,ROAD_COND_1,ROAD_COND_2,LIGHTING,CONTROL_DEVICE,CHP_ROAD_TYPE,PEDESTRIAN_ACCIDENT,BICYCLE_ACCIDENT,MOTORCYCLE_ACCIDENT,TRUCK_ACCIDENT,NOT_PRIVATE_PROPERTY,ALCOHOL_INVOLVED,STWD_VEHTYPE_AT_FAULT,CHP_VEHTYPE_AT_FAULT,COUNT_SEVERE_INJ,COUNT_VISIBLE_INJ,COUNT_COMPLAINT_PAIN,COUNT_PED_KILLED,COUNT_PED_INJURED,COUNT_BICYCLIST_KILLED,COUNT_BICYCLIST_INJURED,COUNT_MC_KILLED,COUNT_MC_INJURED,PRIMARY_RAMP,SECONDARY_RAMP,LATITUDE,LONGITUDE,COUNTY,CITY,POINT_X,POINT_Y
91328086,2020,2020-10-21,9285,2020-10-13,0950,018291,,2,1,9,5100,0,1,3,,1,011,"SR-99 S/B","WILSON RD.",550.00,N,N,A,-,Y,,,99,,,,,,S,Y,4,0,1,2,A,-,04,21703,,N,C,C,A,A,H,-,A,A,0,,,,,Y,,A,01,0,0,1,0,0,0,0,0,0,"- ","- ",38.976398468017578,-121.61115264892578,SUTTER,UNINCORPORATED,-121.61102294921875,38.976493835449219
91328854,2020,2020-10-21,9285,2020-10-17,0605,013174,,6,1,9,5100,0,1,3,,1,010,SR-70,"CORNELIUS AVE",1035.00,S,N,A,-,Y,,,70,,,,,,,Y,3,0,1,1,A,-,08,22107,,N,F,A,A,A,H,-,D,D,0,,,,,Y,Y,D,22,0,1,0,0,0,0,0,0,0,"- ","- ",38.921779632568359,-121.54434967041016,SUTTER,UNINCORPORATED,-121.54429626464844,38.921768188476562
91333361,2020,2020-10-28,9285,2020-10-18,1356,018291,,7,1,4,5102,0,1,S,,2,901,"SR-20 (E/B)","GRAY AVE.",0.00,,Y,A,-,Y,,,20,,,,,,,Y,4,0,1,2,A,-,12,21453,A,N,D,C,A,A,H,-,A,A,0,,,,,Y,,-,98,0,0,1,0,0,0,0,0,0,"- ","- ",39.141639709472656,-121.63018035888672,SUTTER,"YUBA CITY",-121.63018035888672,39.141681671142578
91335704,2020,2020-10-30,9285,2020-10-20,1750,15048,,2,2,9,5100,0,3,5,,1,001,"RIEGO ROAD","NATOMAS ROAD",4488.00,W,N,A,-,N,,,,,,,,,,N,2,0,1,2,A,-,05,21650,,N,B,C,A,A,H,-,A,D,0,,,,Y,Y,,A,01,1,0,0,0,0,0,0,0,0,"- ","- ",38.750999450683594,-121.51016235351562,SUTTER,UNINCORPORATED,-121.51004791259766,38.750946044921875
91335752,2020,2020-10-30,9285,2020-10-22,0945,013174,,4,1,9,5100,0,1,3,,1,011,SR-99,"POWERLINE RD",0.00,,Y,A,-,Y,,,99,,,,,,,Y,3,0,2,2,A,-,09,21801,A,N,A,C,A,A,H,-,A,D,0,,,,,Y,,A,07,0,1,1,0,0,0,0,0,0,"- ","- ",38.885330200195312,-121.57019805908203,SUTTER,UNINCORPORATED,-121.57020568847656,38.885326385498047
91335863,2020,2020-10-30,9285,2020-10-19,1230,015976,,1,1,9,5100,0,3,5,,1,005,"RAILROAD AVE","BOGUE RD",0.00,,Y,A,-,N,,,,,,,,,,Y,4,0,1,2,D,-,00,,,N,D,C,A,A,H,-,A,A,0,,,,,Y,,-,"- ",0,0,1,0,0,0,0,0,0,"- ","- ",39.098281860351562,-121.62499237060547,SUTTER,UNINCORPORATED,-121.62505340576172,39.098381042480469
91338496,2020,2020-11-03,9285,2020-10-24,1220,014401,,6,1,9,5100,0,3,5,,1,007,"W. BUTTE RD","PASS RD",10032.00,S,N,A,-,N,,,,,,,,,,Y,4,0,1,1,A,-,08,22107,,N,E,I,A,A,H,-,A,D,0,,,,,Y,,D,22,0,0,1,0,0,0,0,0,0,"- ","- ",39.164890289306641,-121.86058044433594,SUTTER,UNINCORPORATED,-121.88832092285156,39.186840057373047
91339700,2020,2020-11-04,9285,2020-10-20,1458,015976,,2,2,9,5100,0,1,3,,1,011,"SR-99 S/B","HOWSLEY RD",5280.00,S,N,A,-,Y,,,99,,,,,,S,Y,3,0,1,2,A,-,01,23152,A,N,B,C,A,A,H,-,A,D,0,,,,Y,Y,Y,A,01,0,1,0,0,0,0,0,0,0,"- ","- ",38.811298370361328,-121.54350280761719,SUTTER,UNINCORPORATED,-121.54380035400391,38.811294555664062
91341377,2020,2020-11-09,9285,2020-10-16,1935,020096,,5,2,9,5100,0,2,4,,1,073,"LIVE OAK BLVD","EAGER RD",2270.00,N,N,A,F,N,,,,,,,,,,Y,1,1,5,4,A,-,03,22350,,N,G,B,E,A,H,-,D,D,0,Y,,,,Y,,A,07,2,3,0,1,1,0,0,0,0,"- ","- ",39.201400756835938,-121.63484191894531,SUTTER,UNINCORPORATED,-121.63294219970703,39.195930480957031
91344969,2020,2020-11-13,9285,2020-11-03,1035,015976,,2,1,9,5100,0,3,5,,1,007,"PEASE RD","BUTTE VISTA LN",72.00,E,N,A,-,N,,,,,,,,,,N,3,0,2,2,A,-,03,22350,,N,C,C,A,A,H,-,A,D,0,,,,,Y,,A,07,0,2,0,0,0,0,0,0,0,"- ","- ",39.170669555664062,-121.64949798583984,SUTTER,UNINCORPORATED,-121.64942932128906,39.170803070068359
91346275,2020,2020-11-16,9285,2020-11-05,1545,014480,,4,2,9,5100,0,1,3,,1,051,SR-99,"LINCOLN RD",170.00,S,N,A,-,Y,,,99,,,,,,,N,4,0,2,2,A,-,03,22350,,N,C,C,A,A,H,-,A,A,0,,,,,Y,,A,01,0,0,2,0,0,0,0,0,0,"- ","- ",39.112178802490234,-121.63455200195312,SUTTER,UNINCORPORATED,-121.63461303710938,39.112178802490234
91347260,2020,2020-11-17,9285,2020-11-07,1953,019223,,6,2,9,5100,0,1,3,,1,071,"SR-99 N/B","EAGER RD",2429.00,N,N,A,-,Y,,,99,,,,,,N,Y,4,0,1,1,C,-,18,,,N,H,H,A,A,H,-,D,D,0,,,,,Y,,-,"- ",0,0,1,0,0,0,0,0,0,"- ","- ",39.196601867675781,-121.6346435546875,SUTTER,UNINCORPORATED,-121.63463592529297,39.196598052978516
91347317,2020,2020-11-17,9285,2020-11-08,0930,016052,,7,1,9,5100,0,3,5,,1,007,"2468 TIERRA BUENA ROAD","YOUNG RD",277.00,S,N,A,-,N,,,,,,,,,,N,4,0,1,2,A,-,09,21801,A,N,D,C,A,A,H,-,E,D,0,,,,,Y,,D,22,0,0,1,0,0,0,0,0,0,"- ","- ",39.16278076171875,-121.66236877441406,SUTTER,UNINCORPORATED,-121.66231536865234,39.162769317626953
91347919,2020,2020-11-18,9285,2020-11-09,1525,014480,,1,2,9,5100,0,1,3,,1,011,SR-99,"RIEGO RD",6864.00,N,N,A,-,Y,,,99,,,,,,,Y,4,0,1,2,A,-,07,21658,A,M,E,I,A,A,H,-,A,D,0,,,,,Y,,A,01,0,0,1,0,0,0,0,0,0,"- ","- ",38.766799926757812,-121.54309844970703,SUTTER,UNINCORPORATED,-121.54344177246094,38.766799926757812
91348476,2020,2020-11-19,9285,2020-11-10,1735,014480,,2,2,9,5100,0,1,3,,1,011,SR-99,"W CATLETT RD",1056.00,S,N,A,-,Y,,,99,,,,,,,Y,4,0,1,2,A,-,03,22350,,N,C,C,A,A,H,-,D,D,0,,,,Y,Y,,A,01,0,0,1,0,0,0,0,0,0,"- ","- ",38.834598541259766,-121.54360198974609,SUTTER,UNINCORPORATED,-121.54357147216797,38.834598541259766
91352716,2020,2020-11-24,9285,2020-11-16,0455,021460,,1,3,9,5100,0,3,5,,1,007,SR-99,"BISHOP AVE",580.00,S,N,A,-,Y,,,99,,,,,,,Y,4,0,1,1,C,-,18,,,N,F,I,A,A,H,-,D,A,0,,,Y,,Y,,-,"- ",0,0,1,0,0,0,0,0,1,"- ","- ",39.257198333740234,-121.65493774414062,SUTTER,UNINCORPORATED,-121.65492248535156,39.257205963134766
91353712,2020,2020-11-25,9285,2020-11-19,0605,013174,,4,1,9,5100,0,1,3,,2,031,SR-113,"PELGER RD",4200.00,S,N,E,-,Y,,,113,,,,,,,Y,2,0,2,2,A,-,06,21750,A,N,B,C,A,A,H,-,D,D,0,,,,Y,Y,,A,08,1,0,1,0,0,0,0,0,0,"- ","- ",38.941879272460938,-121.68080139160156,SUTTER,UNINCORPORATED,-121.68074798583984,38.941860198974609
91363763,2020,2020-12-10,9285,2020-12-06,1120,013174,,7,1,9,5100,0,3,5,,1,007,"CLARK RD","BROADWAY RD",0.00,,Y,A,-,N,,,,,,,,,,Y,4,0,1,2,A,-,09,21802,A,N,D,C,A,A,H,-,A,A,0,,,,,Y,,D,22,0,0,1,0,0,0,0,0,0,"- ","- ",39.232429504394531,-121.67864990234375,SUTTER,UNINCORPORATED,-121.6785888671875,39.232509613037109
91374331,2020,2020-12-23,9285,2020-12-15,1955,020070,,2,2,9,5100,0,3,5,,1,001,"RIOSA RD","PLACER RD",12.00,E,N,E,-,N,,,,,,,,,,Y,3,0,1,1,A,-,08,22107,,N,E,I,A,A,H,-,D,D,0,,,,,Y,,D,22,0,1,0,0,0,0,0,0,0,"- ","- ",38.977180480957031,-121.41446685791016,SUTTER,UNINCORPORATED,-121.41446685791016,38.977203369140625
91376418,2020,2020-12-29,9285,2020-12-20,2010,020070,,7,2,9,5100,0,3,5,,1,005,"S WALTON AVE.","BARRY RD",1250.00,S,N,A,-,N,,,,,,,,,,Y,3,0,1,2,A,-,01,23152,A,N,D,C,A,A,H,-,D,D,0,,,,,Y,Y,A,07,0,1,0,0,0,0,0,0,0,"- ","- ",39.072601318359375,-121.64398193359375,SUTTER,UNINCORPORATED,-121.64394378662109,39.072757720947266
91376422,2020,2020-12-29,9285,2020-12-18,1350,013174,,5,1,9,5100,0,3,5,,1,003,"CRANMORE ROAD","HIATT RD",550.00,N,N,A,-,N,,,,,,,,,,Y,4,0,1,1,A,-,08,22107,,N,F,I,A,A,H,-,A,D,0,,,,,Y,,A,07,0,0,1,0,0,0,0,0,0,"- ","- ",38.902858734130859,-121.78923797607422,SUTTER,UNINCORPORATED,-121.78947448730469,38.903293609619141
91377930,2020,2020-12-30,9285,2020-12-21,0435,014878,,1,3,9,5100,0,1,3,,1,011,SR-99,"SACRAMENTO AVE",280.00,S,N,E,-,Y,,,,,,,,,,Y,4,0,1,2,A,-,09,21801,A,N,D,C,A,B,H,-,D,D,0,,,,,Y,,A,01,0,0,1,0,0,0,0,0,0,"- ","- ",38.015750885009766,-121.60536956787109,SUTTER,UNINCORPORATED,-121.60520935058594,38.915767669677734
91379820,2020,2021-01-04,9285,2020-12-23,0445,017393,,3,3,9,5100,0,3,5,,1,001,"BEAR RIVER DR","JACKSON ROAD",788.00,E,N,E,-,N,,,,,,,,,,Y,4,0,1,1,A,-,08,22107,,N,E,J,A,B,H,-,D,D,0,,,,,Y,,A,01,0,0,1,0,0,0,0,0,0,"- ","- ",38.980300903320312,-121.46650695800781,SUTTER,UNINCORPORATED,-121.46634674072266,38.9803466796875
91379938,2020,2021-01-04,9285,2020-12-24,0645,013174,,4,1,9,5100,0,3,5,,1,003,"RECLAMATION RD","PROGRESS RD",1200.00,S,N,E,-,N,,,,,,,,,,Y,4,0,1,1,A,-,08,22107,,N,H,I,A,A,H,-,A,D,0,,,,,Y,,A,01,0,0,1,0,0,0,0,0,0,"- ","- ",39.040058135986328,-121.79718780517578,SUTTER,UNINCORPORATED,-121.79782867431641,39.040019989013672
91383367,2020,2021-01-07,9285,2020-12-28,0950,014401,,1,1,9,5100,0,3,5,,1,007,"DREXLER RD","MORONI RD",0.00,,Y,A,B,N,,,,,,,,,,Y,2,0,1,1,A,-,08,22107,,N,E,I,A,B,H,-,A,A,0,,,,,Y,,A,01,1,0,0,0,0,0,0,0,0,"- ","- ",39.107089996337891,-121.88474273681641,SUTTER,UNINCORPORATED,-121.88481140136719,39.107208251953125
91384216,2021,2021-01-08,9285,2021-01-05,1600,014480,,2,2,9,5100,0,3,5,,1,001,"HOWSLEY RD","NATOMAS RD",528.00,W,N,A,-,N,,,,,,,,,,Y,4,0,1,1,A,-,01,23152,A,N,F,A,A,A,H,-,A,D,0,,,,,Y,,D,22,0,0,1,0,0,0,0,0,0,"- ","- ",38.823490142822266,-121.52967834472656,SUTTER,UNINCORPORATED,-121.52886199951172,38.823394775390625
9138658,2020,2020-09-24,5102,2020-07-23,1428,4073,2,4,5,4,5102,0,0,0,,0,002,"BRIDGE ST","JOY WY",184.00,E,N,A,-,N,,,,,,,,,,Y,3,0,1,2,A,-,09,21804,A,N,D,C,A,A,H,-,A,D,0,,,,,Y,,A,07,0,1,0,0,0,0,0,0,0,"- ","- ",,,SUTTER,"YUBA CITY",-121.63861083984375,39.132331848144531
91387520,2021,2021-01-14,9285,2021-01-04,0900,015976,,1,1,9,5100,0,2,4,,1,052,"GARDEN HWY","BARRY RD",1584.00,S,N,B,C,N,,,,,,,,,,N,4,0,1,1,A,-,08,22107,,N,E,I,A,B,H,-,A,D,0,,,,,Y,,D,22,0,0,1,0,0,0,0,0,0,"- ","- ",39.070060729980469,-121.60858154296875,SUTTER,UNINCORPORATED,-121.60718536376953,39.072734832763672
91387570,2021,2021-01-14,9285,2021-01-03,1145,013174,,7,1,9,5100,0,2,4,,1,052,"GARDEN HWY","STEWART RD",1468.00,S,N,A,-,N,,,,,,,,,,Y,1,1,0,1,A,-,08,22107,,N,E,I,A,A,H,-,A,D,0,,,,,Y,,A,01,0,0,0,0,0,0,0,0,0,"- ","- ",39.083290100097656,-121.60652923583984,SUTTER,UNINCORPORATED,-121.60646820068359,39.0833740234375
91387971,2021,2021-01-15,9285,2021-01-07,0520,020106,,4,3,9,5100,0,3,5,,1,005,SR-99,"OSWALD RD",500.00,N,N,A,-,Y,,,99,,,,,,,Y,4,0,1,1,A,-,08,22107,,N,F,I,A,A,H,-,D,D,0,,,,,Y,,A,01,0,0,1,0,0,0,0,0,0,"- ","- ",39.07244873046875,-121.63346862792969,SUTTER,UNINCORPORATED,-121.63383483886719,39.072265625
91394576,2021,2021-01-26,9285,2021-01-20,1320,014401,,3,1,9,5100,0,1,3,,1,072,SR-20,"ACACIA AVENUE",2828.00,E,N,A,-,Y,,,20,,,,,,,Y,4,0,1,2,A,-,03,22350,,N,C,C,A,A,D,-,A,A,0,,,,,Y,,A,07,0,0,1,0,0,0,0,0,0,"- ","- ",39.142139434814453,-121.74392700195312,SUTTER,UNINCORPORATED,-121.74392700195312,39.142177581787109
91394636,2021,2021-01-26,9285,2021-01-22,1915,019085,,5,2,9,5100,0,3,5,,1,001,"W. CATLETT RD",SR-99,7920.00,W,N,B,-,N,,,,,,,,,,Y,3,0,1,1,A,-,08,22107,,N,F,A,A,A,H,-,D,D,0,,,,,Y,,A,01,0,1,0,0,0,0,0,0,0,"- ","- ",38.837078094482422,-121.57308959960938,SUTTER,UNINCORPORATED,-121.57170104980469,38.837093353271484
91394987,2021,2021-01-27,9285,2021-01-25,1605,016343,,1,2,9,5100,0,2,4,,1,073,"LIVE OAK BLVD","MORSE RD",3696.00,S,N,A,-,N,,,,,,,,,,Y,4,0,1,2,A,-,03,22350,,N,C,C,A,A,H,-,A,D,0,,,,,Y,,A,07,0,0,1,0,0,0,0,0,0,"- ","- ",39.201770782470703,-121.63510131835938,SUTTER,UNINCORPORATED,-121.63505554199219,39.201694488525391
91400987,2021,2021-02-02,9285,2021-01-27,1645,016343,,3,2,9,5100,0,3,5,,1,007,"KENT AVENUE","HERMANSEN AVE",0.00,,N,B,-,N,,,,,,,,,,Y,3,0,1,1,A,-,08,22107,,N,E,I,A,B,H,-,A,D,0,,,,,Y,,A,01,0,1,0,0,0,0,0,0,0,"- ","- ",39.234691619873047,-121.64048004150391,SUTTER,UNINCORPORATED,-121.63985443115234,39.235797882080078
91402453,2021,2021-02-04,9285,2021-01-31,1150,018475,,7,1,9,5100,0,3,5,,1,007,"TIERRA BUENA RD","TRUE RD",528.00,S,N,A,-,N,,,,,,,,,,N,2,0,1,2,A,-,05,21650,,N,A,G,A,A,H,-,A,D,0,,Y,,,Y,,L,04,1,0,0,0,0,0,1,0,0,"- ","- ",39.159549713134766,-121.66230773925781,SUTTER,UNINCORPORATED,-121.66234588623047,39.160110473632812
91402680,2021,2021-02-04,9285,2021-01-31,0550,013174,,7,3,9,5100,0,1,3,,1,011,SR-99,"HOWSLEY RD",5200.00,S,N,B,-,Y,,,99,,,,,,,Y,4,0,1,2,A,-,03,22350,,N,C,C,A,A,H,-,D,D,0,,,,,Y,,A,01,0,0,1,0,0,0,0,0,0,"- ","- ",38.804969787597656,-121.54345703125,SUTTER,UNINCORPORATED,-121.54353332519531,38.804969787597656
91402731,2021,2021-02-04,9285,2021-02-03,2500,014878,,3,4,9,5100,0,3,5,,1,007,"UKNOWN RD.","UNKNOWN RD.",0.00,,N,F,-,N,,,,,,,,,,N,2,0,1,1,D,-,00,,,N,H,J,A,A,G,-,D,D,0,,,,,Y,,-,"- ",1,0,0,0,0,0,0,0,0,"- ","- ",,,SUTTER,UNINCORPORATED,,
91405301,2021,2021-02-09,9285,2021-02-08,0820,013174,,1,1,9,5100,0,1,3,,1,011,SR-99,"CATLETT RD",330.00,S,N,B,-,Y,,,99,,,,,,,N,4,0,1,2,A,-,07,21658,A,N,B,C,A,A,H,-,A,D,0,,,,,Y,,E,22,0,0,1,0,0,0,0,0,0,"- ","- ",38.836669921875,-121.54396057128906,SUTTER,UNINCORPORATED,-121.54390716552734,38.836669921875
91409421,2021,2021-02-16,9285,2021-02-09,0430,018561,,2,3,9,5100,0,3,5,,1,001,"HOWSLEY ROAD",SR-99,528.00,W,N,A,-,N,,,,,,,,,,Y,3,0,1,1,A,-,01,23152,A,N,E,I,A,A,H,-,D,D,0,,,,,Y,Y,A,01,0,1,0,0,0,0,0,0,0,"- ","- ",38.818820953369141,-121.54598999023438,SUTTER,UNINCORPORATED,-121.54399108886719,38.8201904296875
9141055,2020,2020-10-14,5102,2020-08-10,0408,9005,4,1,5,4,5102,0,0,0,,0,004,"GRAY AV","BRIDGE ST",247.00,N,N,A,-,N,,,,,,,,,,Y,3,0,1,1,A,-,00,27465,A,N,A,I,A,A,H,-,C,D,0,,,,,Y,,A,07,0,1,0,0,0,0,0,0,0,"- ","- ",,,SUTTER,"YUBA CITY",-121.62993621826172,39.132968902587891
9141057,2020,2020-10-14,5102,2020-08-11,1428,4069,4,2,5,4,5102,0,0,0,,0,004,"OLIVE ST","FORBES AV",0.00,,Y,A,-,N,,,,,,,,,,Y,4,0,1,2,A,-,12,22450,A,N,D,C,A,A,H,-,A,A,0,,,,,Y,,A,01,0,0,1,0,0,0,0,0,0,"- ","- ",,,SUTTER,"YUBA CITY",-121.62127685546875,39.137729644775391
9141058,2020,2020-10-14,5102,2020-08-06,0912,4073,4,4,5,4,5102,0,0,0,,0,004,"CLARK AV","ROSALIND AV",0.00,,Y,A,-,N,,,,,,,,,,Y,4,0,1,2,A,-,12,22450,A,N,D,C,A,A,H,-,A,A,0,,,,,Y,,A,01,0,0,1,0,0,0,0,0,0,"- ","- ",,,SUTTER,"YUBA CITY",-121.62558746337891,39.140491485595703
91411712,2021,2021-02-19,9285,2021-02-12,2147,018636,,5,2,9,5100,0,3,5,,1,001,SR-99,"WILSON RD",528.00,N,N,B,C,Y,,,99,,,,,,,Y,4,0,3,2,A,-,03,22350,,N,C,C,A,B,H,-,D,D,0,,,,,Y,,A,01,0,0,3,0,0,0,0,0,0,"- ","- ",38.978740692138672,-121.61292266845703,SUTTER,UNINCORPORATED,-121.61280822753906,38.978828430175781
91411875,2021,2021-02-19,9285,2021-02-15,2000,018475,,1,2,9,5100,0,1,3,,1,011,"SR-99 S/B","SANKEY RD",6864.00,N,N,A,-,Y,,,99,,,,,,S,Y,2,0,3,1,A,-,08,22107,,N,F,A,A,A,H,-,D,D,0,,,,,Y,,A,07,2,0,1,0,0,0,0,0,0,"- ","- ",38.7994384765625,-121.54386138916016,SUTTER,UNINCORPORATED,-121.54378509521484,38.7994384765625
91411959,2021,2021-02-19,9285,2021-02-16,1331,014401,,2,1,9,5100,0,3,5,,1,005,"LINCOLN RD","SOUTH BARRETT RD",47.00,W,N,A,-,N,,,,,,,,,,N,4,0,1,2,A,-,03,22350,,N,C,C,A,A,H,-,A,D,0,,,,,Y,,A,01,0,0,1,0,0,0,0,0,0,"- ","- ",39.112739562988281,-121.63284301757812,SUTTER,UNINCORPORATED,-121.63275909423828,39.112743377685547
91417260,2021,2021-02-26,9285,2021-02-21,1809,018636,,7,2,9,5100,0,1,3,,1,051,SR-99,"LINCOLN ROAD",279.00,N,N,A,-,Y,,,99,,,,,,,Y,4,0,1,3,A,-,03,22350,,N,C,C,A,A,H,-,D,D,0,,,,,Y,,A,01,0,0,1,0,0,0,0,0,0,"- ","- ",39.113578796386719,-121.63475036621094,SUTTER,UNINCORPORATED,-121.634765625,39.113578796386719
91418025,2021,2021-03-01,9285,2021-02-20,1025,016052,,6,1,9,5100,0,1,3,,1,051,SR-99,"HUTCHINSON RD",1200.00,S,N,A,-,Y,,,99,,,,,,,Y,4,0,1,2,A,-,09,21804,A,N,C,C,A,A,H,-,A,D,0,,,,,Y,,D,22,0,0,1,0,0,0,0,0,0,"- ","- ",39.03662109375,-121.63466644287109,SUTTER,UNINCORPORATED,-121.63471984863281,39.03662109375
91418295,2021,2021-03-01,9285,2021-02-20,1630,018636,,6,2,9,5100,0,3,5,,1,007,"TOWNSHIP ROAD","PENNINGTON ROAD",3942.00,S,N,A,-,N,,,,,,,,,,Y,4,0,1,2,A,-,03,22350,,N,C,C,A,A,H,-,A,D,0,,,,,Y,,D,22,0,0,1,0,0,0,0,0,0,"- ","- ",39.265060424804688,-121.68731689453125,SUTTER,UNINCORPORATED,-121.68746185302734,39.26513671875
91420594,2021,2021-03-04,9285,2021-02-25,2145,018475,,4,2,9,5100,0,1,3,,2,031,SR-113,"RIGGINS RD",156.00,S,N,A,-,Y,,,113,,,,,,,Y,2,0,3,2,A,-,01,23152,A,N,A,C,A,A,H,-,D,D,0,,,,,Y,Y,A,01,3,0,0,0,0,0,0,0,0,"- ","- ",38.865070343017578,-121.70980834960938,SUTTER,UNINCORPORATED,-121.70975494384766,38.865047454833984
91422540,2021,2021-03-18,9285,2021-03-02,1545,018475,,2,2,9,5100,0,1,3,,1,072,"SR-20 E/B","TOWNSHIP RD",685.00,E,N,A,-,Y,,,20,,,,,,E,Y,4,0,2,2,A,-,02,21654,A,N,C,C,A,A,H,-,A,D,0,,,,,Y,,D,22,0,0,2,0,0,0,0,0,0,"- ","- ",39.141330718994141,-121.68643188476562,SUTTER,UNINCORPORATED,-121.68643188476562,39.14129638671875
91425005,2021,2021-03-11,9285,2021-03-05,1500,016343,,5,2,9,5100,0,1,3,,1,072,SR-20,"HUMPHREY RD",3960.00,W,N,A,-,Y,,,20,,,,,,,Y,4,0,1,2,A,-,03,22350,,N,C,C,A,A,H,-,A,D,0,,,,,Y,,A,07,0,0,1,0,0,0,0,0,0,"- ","- ",39.142261505126953,-121.73988342285156,SUTTER,UNINCORPORATED,-121.73988342285156,39.142124176025391
91427072,2021,2021-03-15,9285,2021-03-04,2145,020106,,4,2,9,5100,0,2,4,,1,052,"GARDEN HWY","OBANION RD",0.00,,Y,A,-,N,,,,,,,,,,Y,4,0,1,1,A,-,08,22107,,N,E,I,A,A,H,-,D,D,0,,,,,Y,,D,22,0,0,1,0,0,0,0,0,0,"- ","- ",39.025951385498047,-121.61711120605469,SUTTER,UNINCORPORATED,-121.61717224121094,39.025871276855469
91427223,2021,2021-03-15,9285,2021-03-09,1246,014401,,2,1,9,5100,0,2,4,,1,052,"GARDEN HWY","OSWALD RD",78.00,N,N,B,-,N,,,,,,,,,,Y,4,0,1,1,A,-,08,22107,,N,E,I,A,A,H,-,A,D,0,,,,,Y,,D,22,0,0,1,0,0,0,0,0,0,"- ","- ",39.065330505371094,-121.61138916015625,SUTTER,UNINCORPORATED,-121.61122894287109,39.065288543701172
91430450,2021,2021-03-18,9285,2021-03-13,1100,013174,,6,1,9,5100,0,1,3,,1,051,SR-99,"FRANKLIN RD",480.00,S,N,A,-,Y,,,99,,,,,,,Y,4,0,2,3,A,-,04,21703,,N,C,C,A,A,H,-,A,A,0,,,,,Y,,A,01,0,0,2,0,0,0,0,0,0,"- ","- ",39.125968933105469,-121.63440704345703,SUTTER,UNINCORPORATED,-121.63448333740234,39.125968933105469
91431099,2021,2021-03-19,9285,2021-03-15,1935,018475,,1,2,9,5100,0,1,3,,1,051,"SR-99 N/B","LINCOLN RD",300.00,S,N,A,-,Y,,,99,,,,,,N,Y,3,0,1,3,A,-,03,22350,,N,C,C,A,A,H,-,C,A,0,,,,,Y,,A,01,0,1,0,0,0,0,0,0,0,"- ","- ",39.112258911132812,-121.63455200195312,SUTTER,UNINCORPORATED,-121.63461303710938,39.112258911132812
91433441,2021,2021-03-23,9285,2021-03-20,1645,019085,,6,2,9,5100,0,1,3,,1,011,"SR-99 N/B","W RIEGO RD",1126.00,S,N,B,-,Y,,,99,,,,,,N,Y,2,0,2,1,A,-,08,22107,,N,F,A,A,A,H,-,A,D,0,,,Y,,Y,,C,02,2,0,0,0,0,0,0,0,2,"- ","- ",38.746891021728516,-121.5400390625,SUTTER,UNINCORPORATED,-121.54018402099609,38.746894836425781
91433449,2021,2021-03-23,9285,2021-03-17,0230,020070,,3,3,9,5100,0,1,3,,1,011,"SR-99 SOUTHBOUND","W RIEGO RD",500.00,N,N,A,-,Y,,,99,,,,,,S,Y,3,0,1,1,A,-,08,22107,,N,F,A,A,A,H,-,C,D,0,,,,,Y,,A,08,0,1,0,0,0,0,0,0,0,"- ","- ",38.752891540527344,-121.54158782958984,SUTTER,UNINCORPORATED,-121.54157257080078,38.752895355224609