CASE_ID,ACCIDENT_YEAR,PROC_DATE,JURIS,COLLISION_DATE,COLLISION_TIME,OFFICER_ID,REPORTING_DISTRICT,DAY_OF_WEEK,CHP_SHIFT,POPULATION,CNTY_CITY_LOC,SPECIAL_COND,BEAT_TYPE,CHP_BEAT_TYPE,CITY_DIVISION_LAPD,CHP_BEAT_CLASS,BEAT_NUMBER,PRIMARY_RD,SECONDARY_RD,DISTANCE,DIRECTION,INTERSECTION,WEATHER_1,WEATHER_2,STATE_HWY_IND,CALTRANS_COUNTY,CALTRANS_DISTRICT,STATE_ROUTE,ROUTE_SUFFIX,POSTMILE_PREFIX,POSTMILE,LOCATION_TYPE,RAMP_INTERSECTION,SIDE_OF_HWY,TOW_AWAY,COLLISION_SEVERITY,NUMBER_KILLED,NUMBER_INJURED,PARTY_COUNT,PRIMARY_COLL_FACTOR,PCF_CODE_OF_VIOL,PCF_VIOL_CATEGORY,PCF_VIOLATION,PCF_VIOL_SUBSECTION,HIT_AND_RUN,TYPE_OF_COLLISION,MVIW,PED_ACTION,ROAD_SURFACE,ROAD_COND_1,ROAD_COND_2,LIGHTING,CONTROL_DEVICE,CHP_ROAD_TYPE,PEDESTRIAN_ACCIDENT,BICYCLE_ACCIDENT,MOTORCYCLE_ACCIDENT,TRUCK_ACCIDENT,NOT_PRIVATE_PROPERTY,ALCOHOL_INVOLVED,STWD_VEHTYPE_AT_FAULT,CHP_VEHTYPE_AT_FAULT,COUNT_SEVERE_INJ,COUNT_VISIBLE_INJ,COUNT_COMPLAINT_PAIN,COUNT_PED_KILLED,COUNT_PED_INJURED,COUNT_BICYCLIST_KILLED,COUNT_BICYCLIST_INJURED,COUNT_MC_KILLED,COUNT_MC_INJURED,PRIMARY_RAMP,SECONDARY_RAMP,LATITUDE,LONGITUDE,COUNTY,CITY,POINT_X,POINT_Y
9448953,2022,2022-06-21,5102,2022-05-06,1637,4128,1,5,5,4,5102,0,0,0,,0,001,"BUTTE HOUSE RD","N TOWNSHIP RD",0.00,,Y,A,-,N,,,,,,,,,,N,3,0,1,2,A,-,21,22106,,N,D,C,A,A,H,-,A,A,0,,,,,Y,,-,"- ",0,1,0,0,0,0,0,0,0,"- ","- ",,,SUTTER,"YUBA CITY",-121.68867492675781,39.160449981689453
9448955,2022,2022-06-09,5102,2022-05-05,1148,4073,2,4,5,4,5102,0,0,0,,0,002,"STABLER LN","POOLE BL",0.00,,Y,A,-,N,,,,,,,,,,Y,4,0,1,2,A,-,12,21453,A,N,D,C,A,A,H,-,A,A,0,,,,,Y,,A,01,0,0,1,0,0,0,0,0,0,"- ","- ",,,SUTTER,"YUBA CITY",-121.64396667480469,39.144706726074219
9448956,2022,2022-06-09,5102,2022-05-10,2256,9013,5,2,5,4,5102,0,0,0,,0,005,"OLEANDER DR","RIVER OAKS DR",150.00,S,N,A,-,N,,,,,,,,,,Y,3,0,1,3,A,-,01,23152,A,M,E,E,A,A,H,-,C,D,0,,,,,Y,Y,A,01,0,1,0,0,0,0,0,0,0,"- ","- ",,,SUTTER,"YUBA CITY",-121.61666870117188,39.102638244628906
94490802,2024,2024-12-03,9285,2024-11-25,"850 ",015976,,1,1,9,5100,0,3,5,,1,007,"CLEMENTS RD.","LINCOLN RD",19.00,S,N,B,C,N,,,,,,,,,,Y,3,0,2,2,A,-,03,22350,,N,A,C,A,B,F,-,A,D,0,,,,,Y,,A,01,0,2,0,0,0,0,0,0,0,"- ","- ",39.112979888916016,-121.74519348144531,SUTTER,UNINCORPORATED,-121.74514007568359,39.112987518310547
94492577,2024,2024-12-04,9285,2024-11-25,1220,015976,,1,1,9,5100,0,3,5,,1,007,"LARKIN RD","PASEO RD",350.00,N,N,B,C,N,,,,,,,,,,Y,3,0,1,1,A,-,08,22107,,N,E,I,A,B,H,-,A,D,0,,,,,Y,,A,01,0,1,0,0,0,0,0,0,0,"- ","- ",39.251171112060547,-121.66013336181641,SUTTER,UNINCORPORATED,-121.66012573242188,39.251209259033203
94494507,2024,2024-12-06,9285,2024-12-04,"656 ",017118,,3,1,9,5100,0,3,5,,1,001,"HOWSLEY RD","NATOMAS RD",1056.00,W,N,E,-,N,,,,,,,,,,Y,4,0,1,1,A,-,08,22107,,N,E,I,A,A,H,-,B,D,0,,,,,Y,,A,01,0,0,1,0,0,0,0,0,0,"- ","- ",38.823528289794922,-121.530029296875,SUTTER,UNINCORPORATED,-121.53071594238281,38.823360443115234
94499640,2024,2024-12-13,9285,2024-12-05,"230 ",022534,,4,3,9,5100,0,1,3,,1,011,"STATE ROUTE 99","TUDOR ROAD",200.00,S,N,A,-,Y,SUT,,99," ",R,20.006,H,,R,N,4,0,1,1,A,-,08,22107,,N,E,I,A,A,H,-,C,A,0,,,,,Y,,A,01,0,0,1,0,0,0,0,0,0,"- ","- ",39.002891540527344,-121.63092803955078,SUTTER,UNINCORPORATED,-121.63087463378906,39.002914428710938
94501403,2024,2024-12-13,9285,2024-12-04,2200,022320,,3,3,9,5100,0,1,3,,1,011,"SR-99 S/B S/O HOWSLEY ROAD","HOWSLEY ROAD",458.00,S,N,B,-,Y,SUT,,99," "," ",5.729,H,,L,Y,3,0,1,1,A,-,01,23152,A,N,F,A,A,A,H,-,D,D,0,,,,,Y,Y,A,07,0,1,0,0,0,0,0,0,0,"- ","- ",38.818859100341797,-121.54399108886719,SUTTER,UNINCORPORATED,-121.54386901855469,38.818859100341797
94503259,2024,2024-12-13,9285,2024-12-09,"945 ",020195,,1,1,9,5100,0,1,3,,1,010,"STATE ROUTE 70 S/B","STRIPLIN ROAD",0.00,,Y,A,-,Y,SUT,,70," "," ",0.992,H,,L,Y,4,0,1,2,A,-,09,21802,A,N,D,C,A,A,H,-,A,A,0,,,,,Y,,A,01,0,0,1,0,0,0,0,0,0,"- ","- ",38.866600036621094,-121.5435791015625,SUTTER,UNINCORPORATED,-121.54357147216797,38.866600036621094
94503354,2024,2024-12-13,9285,2024-12-10,"913 ",019085,,2,1,9,5100,0,1,3,,1,011,"RT 99","GARDEN HWY ON RAMP",0.00,,Y,B,-,Y,SUT,,99," "," ",11.806,H,,R,Y,3,0,1,2,A,-,03,22350,,N,D,C,A,A,H,-,A,A,0,,,,Y,Y,,A,01,0,1,0,0,0,0,0,0,0,"- ","- ",38.896858215332031,-121.58193206787109,SUTTER,UNINCORPORATED,-121.58194732666016,38.8968505859375
94505848,2024,2024-12-16,9285,2024-12-07,1950,022919,,6,2,9,5100,0,3,5,,1,001,"SCHEIBER RD","CORNELIUS AVE",2613.00,N,N,A,-,N,,,,,,,,,,Y,2,0,1,1,A,-,03,22350,,N,E,I,A,A,H,-,D,D,0,,,,,Y,,D,22,1,0,0,0,0,0,0,0,0,"- ","- ",38.917121887207031,-121.56172180175781,SUTTER,UNINCORPORATED,-121.56141662597656,38.924369812011719
9450921,2022,2022-06-15,5100,2022-05-18,1234,2540,LOCA4,3,5,2,5101,0,0,0,,0,01A,"LARKIN RD","FIR ST",62.00,N,N,A,-,N,,,,,,,,,,N,4,0,2,2,A,-,08,22100,B,N,D,C,A,A,H,-,A,A,0,,,,,Y,,A,01,0,0,2,0,0,0,0,0,0,"- ","- ",,,SUTTER,"LIVE OAK",-121.65997314453125,39.274429321289062
94510860,2024,2024-12-19,9285,2024-12-13,1830,022628,,5,2,9,5100,0,1,S,,2,904,SR-99,"EAGER ROAD",2640.00,N,N,C,-,Y,SUT,,99," ",R,34.289,H,,R,N,4,0,1,2,A,-,07,21658,A,N,B,C,A,B,H,-,D,D,0,,,,,Y,,D,22,0,0,1,0,0,0,0,0,0,"- ","- ",39.195209503173828,-121.63500213623047,SUTTER,UNINCORPORATED,-121.63465881347656,39.195209503173828
94512071,2024,2024-12-20,9285,2024-12-13,1046,019223,,5,1,9,5100,0,3,5,,1,001,"RIEGO RD",SR-99,318.00,W,N,B,C,N,,,,,,,,,,N,4,0,1,1,A,-,03,22350,,N,E,I,A,B,H,-,A,A,0,,,,,Y,,A,07,0,0,1,0,0,0,0,0,0,"- ","- ",38.750560760498047,-121.54213714599609,SUTTER,UNINCORPORATED,-121.54186248779297,38.750473022460938
94522280,2024,2025-01-01,9285,2024-12-23,"325 ",022748,,1,3,9,5100,0,3,5,,1,001,"BEAR RIVER DRIVE","SWANSON ROAD",5.00,E,N,C,-,N,,,,,,,,,,Y,3,0,1,1,A,-,08,22107,,N,E,I,A,B,H,-,D,A,0,,,,,Y,,A,01,0,1,0,0,0,0,0,0,0,"- ","- ",38.971450805664062,-121.51553344726562,SUTTER,UNINCORPORATED,-121.51531219482422,38.971729278564453
94533515,2025,2025-01-10,9285,2025-01-08,1145,017118,,3,1,9,5100,0,1,3,,2,031,"STATE ROUTE 113","DEL MONTE AVE",0.00,,Y,A,-,Y,SUT,,113," "," ",4.861,H,,R,N,4,0,1,2,A,-,09,21802,A,N,C,C,A,A,H,-,A,A,0,,,,,Y,,A,07,0,0,1,0,0,0,0,0,0,"- ","- ",38.869701385498047,-121.70802307128906,SUTTER,UNINCORPORATED,-121.70801544189453,38.869697570800781
94536788,2025,2025-01-14,9285,2025-01-06,2300,016343,,1,3,9,5100,0,2,4,,1,052,"S. GEORGE WASHINGTON BLVD","OSWALD ROAD",2640.00,S,N,A,-,N,,,,,,,,,,Y,2,0,2,1,A,-,08,22107,,N,E,J,A,A,H,-,D,D,0,,,,,Y,,A,01,1,0,1,0,0,0,0,0,0,"- ","- ",39.090599060058594,-121.67205810546875,SUTTER,UNINCORPORATED,-121.67201232910156,39.061710357666016
94537206,2025,2025-01-14,9285,2025-01-07,1625,017118,,2,2,9,5100,0,2,4,,1,052,"GEORGE WASHINGTON BLVD","OSWALD ROAD",16.00,S,N,A,-,N,,,,,,,,,,Y,3,0,3,3,A,-,03,22350,,N,C,C,A,A,H,-,A,A,0,,,,,Y,,A,01,0,2,1,0,0,0,0,0,0,"- ","- ",39.068790435791016,-121.67205047607422,SUTTER,UNINCORPORATED,-121.67205047607422,39.068916320800781
9453859,2022,2022-07-13,5102,2022-05-25,1154,4077,,3,5,4,5102,0,0,0,,0,002,"FRANKLIN RD","NEAL DR",0.00,,Y,A,-,N,,,,,,,,,,N,4,0,1,2,A,-,09,21804,A,N,D,C,A,A,H,-,A,A,0,,,,,Y,,A,01,0,0,1,0,0,0,0,0,0,"- ","- ",,,SUTTER,"YUBA CITY",-121.63966369628906,39.127311706542969
9453860,2022,2022-07-26,5102,2022-05-20,2017,4117,4,5,5,4,5102,0,0,0,,0,004,"GRAY AV","RT 20",10.00,S,N,A,-,Y,SUT,3,20,-,-,15.810,I,6,E,N,3,0,1,3,A,-,08,22107,,N,B,C,A,A,H,-,B,A,0,,,Y,,Y,,C,02,0,1,0,0,0,0,0,0,1,"- ","- ",,,SUTTER,"YUBA CITY",-121.63022613525391,39.141651153564453
9454318,2022,2022-08-01,5100,2022-06-18,1635,2534,5101,6,5,2,5101,0,0,0,,0,001,"RT 99","ASH ST",0.00,,Y,A,-,Y,SUT,3,99,-,-,39.838,I,5,S,Y,4,0,1,3,A,-,08,22101,D,N,D,C,A,A,H,-,A,A,0,,,,,Y,,A,07,0,0,1,0,0,0,0,0,0,"- ","- ",,,SUTTER,"LIVE OAK",-121.65966033935547,39.270099639892578
94543232,2025,2025-01-20,9285,2025-01-16,1820,021154,,4,2,9,5100,0,1,3,,1,051,"SR-99 S/B","LINCOLN RD",58.00,N,N,A,-,Y,SUT,,99," "," ",28.690,H,,L,Y,3,0,1,2,A,-,03,22350,,N,C,C,A,A,H,-,C,A,0,,,,,Y,,A,01,0,1,0,0,0,0,0,0,0,"- ","- ",39.113071441650391,-121.63469696044922,SUTTER,UNINCORPORATED,-121.63475036621094,39.113067626953125
94548777,2025,2025-01-24,9285,2025-01-19,"37  ",024039,,7,3,9,5100,0,3,5,,1,001,"W RIEGO RD","NATOMAS RD",0.00,,Y,A,-,N,,,,,,,,,,N,4,0,1,2,A,-,03,22350,,N,C,C,A,A,H,-,D,D,0,,,,,Y,,D,22,0,0,1,0,0,0,0,0,0,"- ","- ",38.751258850097656,-121.49418640136719,SUTTER,UNINCORPORATED,-121.49430847167969,38.751235961914062
9455650,2022,2022-06-28,5102,2022-06-08,1708,4131,1,3,5,4,5102,0,0,0,,0,001,"THARP RD","SIERRA AV",103.00,N,N,A,-,N,,,,,,,,,,N,4,0,1,2,A,-,07,21658,A,N,D,C,A,A,H,-,A,D,0,,,Y,,Y,,C,02,0,0,1,0,0,0,0,0,0,"- ","- ",,,SUTTER,"YUBA CITY",-121.64851379394531,39.140663146972656
9455651,2022,2022-06-28,5102,2022-06-04,1329,4124,5,6,5,4,5102,0,0,0,,0,005,"GARDEN HWY","LINCOLN RD",0.00,,Y,A,-,N,,,,,,,,,,N,3,0,1,2,A,-,12,21453,A,N,D,C,A,A,H,-,A,A,0,,,,,Y,,A,01,0,1,0,0,0,0,0,0,0,"- ","- ",,,SUTTER,"YUBA CITY",-121.61748504638672,39.112739562988281
9456328,2022,2022-06-17,5100,2022-04-19,0330,2559,LOCA2,2,5,2,5101,0,0,0,,0,02B,"RT 99","ADELINE AV",0.00,,Y,A,-,Y,SUT,3,99,-,-,40.800,I,5,N,N,4,0,1,1,A,-,05,21650,,N,E,I,A,A,H,-,C,D,0,,,,,Y,,A,01,0,0,1,0,0,0,0,0,0,"- ","- ",,,SUTTER,"LIVE OAK",-121.66172027587891,39.284156799316406
9456469,2022,2022-06-15,5102,2022-05-06,1842,4128,5,5,5,4,5102,0,0,0,,0,,"GARDEN HWY","FRANKLIN RD",165.00,S,N,A,-,N,,,,,,,,,,Y,2,0,1,2,A,-,08,21460,5,N,D,C,A,A,H,-,A,A,0,,,Y,,Y,,C,02,1,0,0,0,0,0,0,0,1,"- ","- ",,,SUTTER,"YUBA CITY",-121.60646820068359,39.129920959472656
9456526,2022,2022-07-07,5102,2022-06-01,1500,430,2,3,5,4,5102,0,0,0,,0,002,"RT 20","WALTON AV",685.00,W,N,A,-,Y,SUT,3,20,-,R,14.960,H,-,E,N,4,0,1,2,A,-,03,22350,,N,C,C,A,A,H,-,A,D,0,,,,,Y,,E,22,0,0,1,0,0,0,0,0,0,"- ","- ",,,SUTTER,"YUBA CITY",-121.64642333984375,39.141582489013672
9456557,2022,2022-06-28,5102,2022-05-19,0918,4134,5,4,5,4,5102,0,0,0,,0,005,"GARDEN HWY","CENTRAL AV",630.00,S,N,A,-,N,,,,,,,,,,Y,3,0,1,5,A,-,03,22350,,F,B,C,A,A,H,-,A,A,0,,,,,Y,,A,01,0,1,0,0,0,0,0,0,0,"- ","- ",,,SUTTER,"YUBA CITY",-121.61069488525391,39.123565673828125
94566690,2025,2025-02-05,9285,2025-01-30,"750 ",015976,,4,1,9,5100,0,3,5,,1,005,"PHILLIPS RD","COTTON ROSSER WAY",0.00,,Y,A,-,N,,,,,,,,,,Y,4,0,2,2,A,-,09,21802,A,N,D,C,A,A,H,-,A,A,0,,,,,Y,,A,07,0,0,2,0,0,0,0,0,0,"- ","- ",39.110908508300781,-121.63217926025391,SUTTER,UNINCORPORATED,-121.63217926025391,39.110912322998047
94567765,2025,2025-02-06,9285,2025-02-01,2228,021690,,6,3,9,5100,0,1,3,,1,071,SR-99,"LIVE OAK BLVD",100.00,N,N,C,-,Y,SUT,,99," ",T,36.067,H,,R,Y,3,0,3,2,A,-,08,22107,,N,D,C,A,B,H,-,C,D,0,,,,,Y,,A,07,0,1,2,0,0,0,0,0,0,"- ","- ",39.21942138671875,-121.64100646972656,SUTTER,UNINCORPORATED,-121.64098358154297,39.21942138671875
94580317,2025,2025-02-14,9285,2025-02-11,"820 ",021567,,2,1,9,5100,0,3,5,,1,001,"SANKEY RD","PACIFIC AVE",0.00,,Y,A,-,N,,,,,,,,,,Y,3,0,2,3,A,-,09,21802,A,N,A,C,A,A,H,-,A,A,0,,,,,Y,,A,01,0,1,1,0,0,0,0,0,0,"- ","- ",38.779758453369141,-121.52533721923828,SUTTER,UNINCORPORATED,-121.52532958984375,38.779750823974609
94582461,2025,2025-02-18,9285,2025-02-09,2220,021690,,7,3,9,5100,0,3,5,,1,007,"MALLOTT RD","BUTTE HOUSE RD.",0.00,,Y,A,-,N,,,,,,,,,,N,3,0,1,1,A,-,01,23152,A,N,E,J,A,A,H,-,D,A,0,,,,,Y,Y,D,22,0,1,0,0,0,0,0,0,0,"- ","- ",39.167499542236328,-121.73513031005859,SUTTER,UNINCORPORATED,-121.73503112792969,39.167533874511719
94582873,2025,2025-02-18,9285,2025-02-13,1240,019223,,4,1,9,5100,0,3,5,,1,007,"NEVADA ST",SR-99,101.00,S,N,B,C,Y,,,,,,,,,,N,3,0,1,1,A,-,01,23152,A,N,E,I,A,B,H,-,A,D,0,,,,,Y,Y,A,07,0,1,0,0,0,0,0,0,0,"- ","- ",39.291358947753906,-121.66757202148438,SUTTER,UNINCORPORATED,-121.66130065917969,39.281501770019531
94589073,2025,2025-02-25,9285,2025-02-16,"220 ",022700,,7,3,9,5100,0,3,5,,1,007,"S TOWNSHIP ROAD","RIVIERA ROAD",1340.00,S,N,C,-,N,,,,,,,,,,N,4,0,1,1,A,-,01,23152,A,N,E,8,A,B,H,-,D,D,0,,,,,Y,Y,A,01,0,0,1,0,0,0,0,0,0,"- ","- ",39.297470092773438,-121.68789672851562,SUTTER,UNINCORPORATED,-121.68757629394531,39.297691345214844
94590664,2025,2025-02-26,9285,2025-02-23,1510,021328,,7,2,9,5100,0,3,5,,1,001,"PLEASANT GROVE RD.","NICOLAUS AVE.",25.00,S,N,A,-,N,,,,,,,,,,Y,4,0,1,2,A,-,03,22350,,N,C,2,A,A,H,-,A,D,0,,,,,Y,,A,01,0,0,1,0,0,0,0,0,0,"- ","- ",38.907501220703125,-121.48779296875,SUTTER,UNINCORPORATED,-121.48778533935547,38.907520294189453
94590970,2025,2025-04-08,9285,2025-02-18,1333,019085,,2,1,9,5100,0,1,3,,1,051,"SR 99 N/B","HULL STREET",55.00,S,N,B,-,Y,SUT,,99," "," ",22.817,H,,R,Y,1,1,0,2,D,-,00,,,N,C,C,A,A,H,-,A,D,0,,,,Y,Y,,-,"- ",0,0,0,0,0,0,0,0,0,"- ","- ",39.028831481933594,-121.63465881347656,SUTTER,UNINCORPORATED,-121.63472747802734,39.028831481933594
94598542,2025,2025-03-11,9285,2025-02-26,1650,015976,,3,2,9,5100,0,3,5,,1,007,"EAST BUTTE RD","SANDERS RD",5280.00,N,N,A,-,N,,,,,,,,,,Y,3,0,1,1,A,-,08,22107,,N,E,I,A,A,H,-,A,D,0,,,,,Y,,A,01,0,1,0,0,0,0,0,0,0,"- ","- ",39.216461181640625,-121.71808624267578,SUTTER,UNINCORPORATED,-121.71791076660156,39.216049194335938
94598784,2025,2025-03-12,9285,2025-03-01,1745,022919,,6,2,9,5100,0,2,4,,1,052,"GEORGE WASHINGTON BLVD","OBANION ROAD",0.00,,Y,A,-,N,,,,,,,,,,N,4,0,2,2,A,-,09,21802,A,N,D,C,A,A,H,-,A,D,0,,,,,Y,,A,01,0,0,2,0,0,0,0,0,0,"- ","- ",39.025318145751953,-121.67191314697266,SUTTER,UNINCORPORATED,-121.67185974121094,39.025341033935547
94606652,2025,2025-03-18,9285,2025-03-07,"720 ",019356,,5,1,9,5100,0,1,3,,1,011,"SR-99 S/B","RIEGO ROAD",750.00,S,N,A,-,Y,SUT,,99," "," ",0.797,H,,L,Y,4,0,1,2,A,-,07,21658,A,M,F,A,A,A,H,-,A,D,0,,,,,Y,,-,99,0,0,1,0,0,0,0,0,0,"- ","- ",38.748111724853516,-121.54032897949219,SUTTER,UNINCORPORATED,-121.54045104980469,38.74810791015625
94610895,2025,2025-03-19,9285,2025-03-12,1548,015976,,3,2,9,5100,0,1,3,,1,071,"SR-99 N/B","EAGER RD",3336.00,N,N,B,C,Y,SUT,,99," ",R,34.545,H,,R,Y,4,0,1,1,A,-,03,22350,,N,F,A,A,B,H,-,A,D,0,,,,,Y,,A,07,0,0,1,0,0,0,0,0,0,"- ","- ",39.19921875,-121.63465118408203,SUTTER,UNINCORPORATED,-121.63473510742188,39.199211120605469
94613509,2025,2025-03-24,9285,2025-03-17,"510 ",015976,,1,3,9,5100,0,3,5,,1,007,"LARKIN RD","SANDERS RD",1872.00,N,N,B,-,N,,,,,,,,,,Y,4,0,1,1,A,-,08,22107,,N,F,A,A,B,H,-,D,D,0,,,,,Y,,A,01,0,0,1,0,0,0,0,0,0,"- ","- ",39.20928955078125,-121.66000366210938,SUTTER,UNINCORPORATED,-121.65991973876953,39.209030151367188
94613920,2025,2025-03-24,9285,2025-03-08,1445,021567,,6,2,9,5100,0,1,3,,1,010,"STATE ROUTE 70 N/B","KEMPTON ROAD",0.00,,Y,A,-,Y,SUT,,70," "," ",7.018,H,,R,Y,1,1,1,2,A,-,09,21801,A,N,D,C,A,A,H,-,A,A,0,,,,,Y,,A,07,1,0,0,0,0,0,0,0,0,"- ","- ",38.953708648681641,-121.54354095458984,SUTTER,UNINCORPORATED,-121.54358673095703,38.953708648681641
94625144,2025,2025-03-25,9285,2025-03-17,1540,019085,,1,2,9,5100,0,3,5,,1,005,"GARDEN HWY","OSWALD RD",1109.00,S,N,C,-,N,,,,,,,,,,Y,4,0,2,3,A,-,03,22350,,N,C,C,A,B,H,-,A,D,0,,,,,Y,,E,22,0,0,2,0,0,0,0,0,0,"- ","- ",39.062191009521484,-121.61295318603516,SUTTER,UNINCORPORATED,-121.61285400390625,39.062286376953125
9462577,2022,2022-07-21,5102,2022-07-04,1434,4073,4,1,5,4,5102,0,0,0,,0,004,"2ND ST","C ST",0.00,,Y,A,-,N,,,,,,,,,,Y,3,0,4,2,A,-,01,23152,A,N,D,C,A,A,H,-,A,A,0,,,,,Y,Y,A,01,0,3,1,0,0,0,0,0,0,"- ","- ",,,SUTTER,"YUBA CITY",-121.60585021972656,39.135185241699219
9463016,2022,2022-07-21,5102,2022-06-19,1535,4129,5,7,5,4,5102,0,0,0,,0,005,"GARDEN HWY","RIVEROAKS DR",401.00,N,N,A,-,N,,,,,,,,,,Y,4,0,1,2,A,-,09,21804,A,N,D,C,A,A,H,-,A,D,0,,,,,Y,,A,07,0,0,1,0,0,0,0,0,0,"- ","- ",,,SUTTER,"YUBA CITY",-121.61630249023438,39.104194641113281
9463020,2022,2022-07-19,5102,2022-06-24,1524,4133,1,5,5,4,5102,0,0,0,,0,001,"GEORGE WASHINGTON BL","LYNNWOOD DR",350.00,N,N,A,-,N,,,,,,,,,,N,3,0,1,2,A,-,03,22350,,N,C,C,A,A,H,-,A,A,0,,,,,Y,,D,22,0,1,0,0,0,0,0,0,0,"- ","- ",,,SUTTER,"YUBA CITY",-121.67156982421875,39.136852264404297
94637566,2025,2025-04-04,9285,2025-03-26,1735,022534,,3,2,9,5100,0,1,3,,1,051,"SR-99 NORTHBOUND","BOGUE ROAD",20.00,S,N,A,-,Y,SUT,,99," "," ",27.633,H,,R,Y,3,0,2,2,A,-,07,21658,A,N,C,C,A,A,H,-,A,A,0,,,,Y,Y,,D,22,0,1,1,0,0,0,0,0,0,"- ","- ",39.098068237304688,-121.63450622558594,SUTTER,UNINCORPORATED,-121.63442993164062,39.098068237304688
94641021,2025,2025-04-08,9285,2025-04-05,1300,021328,,6,1,9,5100,0,1,3,,1,011,"POWER LINE RD.",SR-99,10.00,W,N,A,-,Y,SUT,,99," "," ",10.819,H,,L,Y,3,0,2,2,A,-,09,21802,A,N,D,C,A,A,H,-,A,D,0,,,,,Y,,A,01,0,1,1,0,0,0,0,0,0,"- ","- ",38.885360717773438,-121.57039642333984,SUTTER,UNINCORPORATED,-121.57034301757812,38.885395050048828
94652430,2025,2025-04-16,9285,2025-04-13,"735 ",020195,,7,1,9,5100,0,3,5,,1,007,BROADWAY,"CLARK RD",8.00,S,N,A,-,N,,,,,,,,,,N,3,0,1,1,A,-,08,22107,,N,E,I,A,A,H,-,A,D,0,,,,,Y,,A,01,0,1,0,0,0,0,0,0,0,"- ","- ",39.232440948486328,-121.67859649658203,SUTTER,UNINCORPORATED,-121.6785888671875,39.232486724853516
94654850,2025,2025-04-18,9285,2025-04-14,1410,020195,,1,2,9,5100,0,3,5,,1,007,"SOUTH BUTTE ROAD","2ND STREET",20.00,E,N,A,-,N,,,,,,,,,,N,3,0,1,2,A,-,00,21228,B,N,D,J,A,A,H,-,A,D,0,,,,,Y,,M,94,0,1,0,0,0,0,0,0,0,"- ","- ",39.156898498535156,-121.75755310058594,SUTTER,UNINCORPORATED,-121.75763702392578,39.156890869140625
94657380,2025,2025-04-21,9285,2025-04-19,1526,021328,,6,2,9,5100,0,1,3,,2,031,SR-113,"RECLAMATION RD.",100.00,S,N,A,-,Y,SUT,,113," "," ",4.943,H,,R,Y,2,0,3,2,A,-,12,22450,A,N,A,C,A,A,H,-,A,A,0,,,,,Y,,D,22,2,1,0,0,0,0,0,0,0,"- ","- ",38.870738983154297,-121.70754241943359,SUTTER,UNINCORPORATED,-121.70761108398438,38.870754241943359
94658262,2025,2025-04-22,9285,2025-04-20,1345,021567,,7,1,9,5100,0,2,4,,1,052,"MESSICK RD","GARDEN HWY",0.00,,Y,A,-,N,,,,,,,,,,N,3,0,1,1,A,-,08,22107,,N,F,A,A,A,H,-,A,D,0,,,Y,,Y,,C,06,0,1,0,0,0,0,0,0,1,"- ","- ",39.051490783691406,-121.61580657958984,SUTTER,UNINCORPORATED,-121.61581420898438,39.051475524902344
94662524,2025,2025-04-24,9285,2025-04-21,2035,022534,,1,2,9,5100,0,1,3,,1,010,"STATE ROUTE 70","STRIPLIN ROAD",4382.00,N,N,A,-,Y,SUT,,70," "," ",1.832,H,,R,Y,4,0,2,2,A,-,03,22350,,N,C,C,A,A,H,-,D,A,0,,,,,Y,,A,01,0,0,2,0,0,0,0,0,0,"- ","- ",38.878810882568359,-121.54315948486328,SUTTER,UNINCORPORATED,-121.54319000244141,38.878810882568359
94666776,2025,2025-04-28,9285,2025-04-22,1105,017118,,2,1,9,5100,0,3,5,,1,001,"GARDEN HIGHWAY","LEE ROAD",3696.00,S,N,A,-,N,,,,,,,,,,N,3,0,1,2,A,-,08,22107,,N,D,C,A,A,H,-,A,D,0,,,,,Y,,A,01,0,1,0,0,0,0,0,0,0,"- ","- ",38.875,-121.6142578125,SUTTER,UNINCORPORATED,-121.61393737792969,38.875473022460938
94667932,2025,2025-04-29,9285,2025-04-24,2105,021012,,4,2,9,5100,0,3,5,,1,005,"GEORGE WASHINGTON BLVD","BOGUE RD",0.00,,Y,A,-,N,,,,,,,,,,N,4,0,2,2,A,-,12,22450,A,N,D,C,A,A,H,-,D,D,0,,,,,Y,,A,01,0,0,2,0,0,0,0,0,0,"- ","- ",39.098129272460938,-121.67157745361328,SUTTER,UNINCORPORATED,-121.67153930664062,39.098079681396484