CASE_ID,ACCIDENT_YEAR,PROC_DATE,JURIS,COLLISION_DATE,COLLISION_TIME,OFFICER_ID,REPORTING_DISTRICT,DAY_OF_WEEK,CHP_SHIFT,POPULATION,CNTY_CITY_LOC,SPECIAL_COND,BEAT_TYPE,CHP_BEAT_TYPE,CITY_DIVISION_LAPD,CHP_BEAT_CLASS,BEAT_NUMBER,PRIMARY_RD,SECONDARY_RD,DISTANCE,DIRECTION,INTERSECTION,WEATHER_1,WEATHER_2,STATE_HWY_IND,CALTRANS_COUNTY,CALTRANS_DISTRICT,STATE_ROUTE,ROUTE_SUFFIX,POSTMILE_PREFIX,POSTMILE,LOCATION_TYPE,RAMP_INTERSECTION,SIDE_OF_HWY,TOW_AWAY,COLLISION_SEVERITY,NUMBER_KILLED,NUMBER_INJURED,PARTY_COUNT,PRIMARY_COLL_FACTOR,PCF_CODE_OF_VIOL,PCF_VIOL_CATEGORY,PCF_VIOLATION,PCF_VIOL_SUBSECTION,HIT_AND_RUN,TYPE_OF_COLLISION,MVIW,PED_ACTION,ROAD_SURFACE,ROAD_COND_1,ROAD_COND_2,LIGHTING,CONTROL_DEVICE,CHP_ROAD_TYPE,PEDESTRIAN_ACCIDENT,BICYCLE_ACCIDENT,MOTORCYCLE_ACCIDENT,TRUCK_ACCIDENT,NOT_PRIVATE_PROPERTY,ALCOHOL_INVOLVED,STWD_VEHTYPE_AT_FAULT,CHP_VEHTYPE_AT_FAULT,COUNT_SEVERE_INJ,COUNT_VISIBLE_INJ,COUNT_COMPLAINT_PAIN,COUNT_PED_KILLED,COUNT_PED_INJURED,COUNT_BICYCLIST_KILLED,COUNT_BICYCLIST_INJURED,COUNT_MC_KILLED,COUNT_MC_INJURED,PRIMARY_RAMP,SECONDARY_RAMP,LATITUDE,LONGITUDE,COUNTY,CITY,POINT_X,POINT_Y
94676729,2025,2025-05-06,9285,2025-05-04,2332,022867,,7,3,9,5100,0,3,5,,1,001,"PLEASANT GROVE RD","KEYS RD",0.00,,Y,A,-,N,,,,,,,,,,N,3,0,1,1,A,-,03,22350,,N,F,I,A,A,H,-,D,D,0,,,,,Y,,A,01,0,1,0,0,0,0,0,0,0,"- ","- ",38.795318603515625,-121.48387145996094,SUTTER,UNINCORPORATED,-121.48796844482422,38.794662475585938
94678135,2025,2025-05-07,9285,2025-04-29,1725,022534,,2,2,9,5100,0,3,5,,1,001,"PLEASANT GROVE ROAD","WALTZ ROAD",2305.00,N,N,A,-,N,,,,,,,,,,Y,4,0,1,1,A,-,08,22107,,N,F,A,A,A,H,-,A,D,0,,,,,Y,,A,01,0,0,1,0,0,0,0,0,0,"- ","- ",38.946540832519531,-121.48760223388672,SUTTER,UNINCORPORATED,-121.48764038085938,38.946430206298828
94678299,2025,2025-05-07,9285,2025-05-02,1000,019085,,5,1,9,5100,0,3,5,,1,007,"POWELL RD","NORTH BUTTE RD",90.00,S,N,D,-,N,,,,,,,,,,Y,4,0,1,2,A,-,03,22350,,N,A,C,A,A,H,-,A,D,0,,,,,Y,,D,22,0,0,1,0,0,0,0,0,0,"- ","- ",39.282001495361328,-121.77165985107422,SUTTER,UNINCORPORATED,-121.77159118652344,39.281967163085938
9467942,2022,2023-01-13,5102,2022-11-03,1633,4138,2,4,5,4,5102,0,0,0,,0,002,"RT 20","CIVIC CENTER BL",55.00,E,N,A,-,Y,SUT,3,20,-,R,15.380,H,-,E,N,3,0,3,2,A,-,03,22350,,N,C,C,A,A,H,-,A,A,0,,,,,Y,,A,01,0,3,0,0,0,0,0,0,0,"- ","- ",,,SUTTER,"YUBA CITY",-121.63877105712891,39.141750335693359
94682303,2025,2025-05-09,9285,2025-05-08,"805 ",024370,,4,1,9,5100,0,3,5,,1,005,"BOGUE RD","GEORGE WASHINGTON BLVD",2761.00,W,N,A,-,N,,,,,,,,,,Y,3,0,2,1,A,-,08,22107,,N,E,I,A,A,H,-,A,D,0,,,,,Y,,D,22,0,2,0,0,0,0,0,0,0,"- ","- ",39.098041534423828,-121.68135833740234,SUTTER,UNINCORPORATED,-121.68126678466797,39.098014831542969
94685099,2025,2025-05-13,9285,2025-05-10,"200 ",022748,,6,3,9,5100,0,3,5,,1,005,"S. WALTON AVENUE","BARRY ROAD",625.00,S,N,A,-,N,,,,,,,,,,Y,4,0,1,1,A,-,08,22107,,M,E,8,A,A,H,-,D,A,0,,,,,Y,Y,D,22,0,0,1,0,0,0,0,0,0,"- ","- ",39.074501037597656,-121.64389801025391,SUTTER,UNINCORPORATED,-121.64393615722656,39.074474334716797
94697137,2025,2025-05-22,9285,2025-05-13,1618,015976,,2,2,9,5100,0,3,5,,1,005,"BOGUE RD","SCHLAG RD",4095.00,E,N,A,-,N,,,,,,,,,,Y,4,0,2,2,A,-,08,22107,,N,D,C,A,A,H,-,A,D,0,,,,,Y,,M,46,0,0,2,0,0,0,0,0,0,"- ","- ",39.098320007324219,-121.72123718261719,SUTTER,UNINCORPORATED,-121.72141265869141,39.098274230957031
94704132,2025,2025-05-28,9285,2025-05-20,2255,022534,,2,3,9,5100,0,1,3,,1,010,"STATE ROUTE 70","STRIPLIN ROAD",4010.00,N,N,A,-,Y,SUT,,70," "," ",1.756,H,,R,Y,4,0,4,2,A,-,04,21703,,N,C,C,A,A,H,-,D,D,0,,,,,Y,,A,01,0,0,4,0,0,0,0,0,0,"- ","- ",38.877700805664062,-121.54316711425781,SUTTER,UNINCORPORATED,-121.54319763183594,38.877700805664062
94705824,2025,2025-05-29,9285,2025-05-20,1419,015976,,2,2,9,5100,0,1,3,,1,072,SR-20,"NORTH TOWNSHIP RD",0.00,,Y,A,-,Y,SUT,,20," "," ",12.673,H,,R,Y,3,0,5,2,A,-,12,21453,A,N,A,C,A,A,H,-,A,A,0,,,,,Y,,A,01,0,1,4,0,0,0,0,0,0,"- ","- ",39.1414794921875,-121.68891143798828,SUTTER,UNINCORPORATED,-121.68891143798828,39.141292572021484
94706985,2025,2025-05-30,9285,2025-05-21,2110,022534,,3,2,9,5100,0,3,5,,1,001,"RIEGO ROAD","PACIFIC AVENUE",2660.00,E,N,A,-,N,,,,,,,,,,Y,4,0,1,1,A,-,01,23152,A,N,F,A,A,A,H,-,D,D,0,,,,,Y,Y,D,22,0,0,1,0,0,0,0,0,0,"- ","- ",38.750858306884766,-121.51570892333984,SUTTER,UNINCORPORATED,-121.51586151123047,38.750816345214844
94711000,2025,2025-06-03,9285,2025-05-24,"545 ",021567,,6,3,9,5100,0,1,3,,1,010,SR-70,"STRILPLIN RD",1400.00,S,N,A,-,Y,SUT,,70," "," ",0.805,H,,R,Y,2,0,1,2,A,-,03,22350,,N,C,C,A,A,H,-,A,D,0,,,,Y,Y,,A,01,1,0,0,0,0,0,0,0,0,"- ","- ",38.8638916015625,-121.54360198974609,SUTTER,UNINCORPORATED,-121.54328918457031,38.863887786865234
94711478,2025,2025-06-03,9285,2025-05-22,1708,015976,,4,2,9,5100,0,3,5,,1,005,"BOGUE RD",SR-99,140.00,W,N,A,-,N,,,,,,,,,,Y,4,0,1,2,A,-,09,21804,A,N,A,C,A,A,H,-,A,D,0,,,,,Y,,A,01,0,0,1,0,0,0,0,0,0,"- ","- ",39.098270416259766,-121.6351318359375,SUTTER,UNINCORPORATED,-121.63499450683594,39.098308563232422
94715214,2025,2025-06-05,9285,2025-05-29,2120,022534,,4,2,9,5100,0,1,3,,1,051,"STATE ROUTE 99","BOGUE ROAD",168.00,S,N,A,-,Y,SUT,,99," "," ",27.614,H,,R,Y,3,0,2,2,A,-,03,22350,,N,C,C,A,A,H,-,C,A,0,,,,Y,Y,,A,07,0,1,1,0,0,0,0,0,0,"- ","- ",39.097789764404297,-121.63442993164062,SUTTER,UNINCORPORATED,-121.63443756103516,39.097789764404297
94720355,2025,2025-06-10,9285,2025-05-31,1840,022748,,6,2,9,5100,0,3,5,,1,007,SR-20,"HAGEMAN ROAD",2326.00,E,N,A,-,Y,SUT,,20," "," ",3.211,H,,R,Y,3,0,1,1,A,-,01,23152,A,N,F,I,A,A,H,-,A,A,0,,,,,Y,Y,B,07,0,1,0,0,0,0,0,0,0,"- ","- ",39.1431884765625,-121.86106872558594,SUTTER,UNINCORPORATED,-121.86107635498047,39.14300537109375
94721912,2025,2025-06-11,9285,2025-06-08,1902,022867,,7,2,9,5100,0,1,3,,1,051,"SR-99 N/B","BOGUE RD",12.00,S,N,A,-,Y,SUT,,99," "," ",27.636,H,,R,Y,4,0,1,2,A,-,03,22350,,N,C,C,A,A,H,-,A,A,0,,,,,Y,,A,07,0,0,1,0,0,0,0,0,0,"- ","- ",39.098110198974609,-121.63442993164062,SUTTER,UNINCORPORATED,-121.63442993164062,39.098110198974609
94724717,2025,2025-06-13,9285,2025-06-09,2205,016343,,1,3,9,5100,0,1,3,,1,051,SR-99,"OBANION RD",1056.00,S,N,A,-,Y,SUT,,99," "," ",22.354,H,,R,N,4,0,1,2,A,-,03,22350,,N,C,C,A,A,H,-,D,D,0,,,,,Y,,A,07,0,0,1,0,0,0,0,0,0,"- ","- ",39.021778106689453,-121.63469696044922,SUTTER,UNINCORPORATED,-121.63475799560547,39.021781921386719
94725294,2025,2025-06-13,9285,2025-06-06,1640,021018,,5,2,9,5100,0,1,3,,1,051,SR-99,"MESSICK RD",1300.00,N,N,A,-,Y,SUT,,99," "," ",24.670,H,,R,Y,3,0,2,2,A,-,03,22350,,N,C,C,A,A,D,-,A,D,0,,,,,Y,,A,07,0,1,1,0,0,0,0,0,0,"- ","- ",39.055000305175781,-121.63346862792969,SUTTER,UNINCORPORATED,-121.63343811035156,39.055000305175781
94731674,2025,2025-06-19,9285,2025-06-10,"705 ",017118,,2,1,9,5100,0,1,3,,1,072,SR-20,"N TOWNSHIP ROAD",792.00,W,N,A,-,Y,SUT,,20," "," ",12.474,H,,R,Y,2,0,1,1,A,-,08,22107,,N,E,I,A,A,H,-,A,D,0,,,,,Y,,D,22,1,0,0,0,0,0,0,0,0,"- ","- ",39.141281127929688,-121.69259643554688,SUTTER,UNINCORPORATED,-121.69259643554688,39.141353607177734
94732350,2025,2025-06-19,9285,2025-06-13,"500 ",022534,,5,3,9,5100,0,2,4,,1,052,"GARDEN HIGHWAY","BARRY ROAD",1940.00,N,N,A,-,N,,,,,,,,,,N,4,0,1,2,A,-,08,22107,,N,D,C,A,A,H,-,B,D,0,,,,,Y,,A,01,0,0,1,0,0,0,0,0,0,"- ","- ",39.082408905029297,-121.60649871826172,SUTTER,UNINCORPORATED,-121.60646820068359,39.082359313964844
94735865,2025,2025-06-23,9285,2025-06-20,1750,022748,,5,2,9,5100,0,3,5,,1,005,"SR-113 (TUDOR ROAD)","BURCH ROAD",485.00,E,N,A,-,N,,,,,,,,,,Y,4,0,1,2,A,-,08,22107,,N,E,8,A,A,H,-,A,A,0,,,,,Y,,D,22,0,0,1,0,0,0,0,0,0,"- ","- ",39.003170013427734,-121.64695739746094,SUTTER,UNINCORPORATED,-121.64697265625,39.003200531005859
94748386,2025,2025-07-07,9285,2025-06-30,1455,017118,,1,2,9,5100,0,1,3,,1,071,"STATE ROUTE 99","PASEO RD",0.00,,Y,A,-,Y,SUT,,99," "," ",38.399,H,,R,Y,3,0,1,2,A,-,09,21802,A,N,D,C,A,A,H,-,A,A,0,,,,,Y,,A,07,0,1,0,0,0,0,0,0,0,"- ","- ",39.250289916992188,-121.65226745605469,SUTTER,UNINCORPORATED,-121.65235137939453,39.250270843505859
9475391,2022,2022-08-23,5100,2022-06-23,0959,2534,5101,4,5,2,5101,0,0,0,,0,002,"N TOWNSHIP RD","WITT RD",543.00,N,N,A,-,N,,,,,,,,,,,4,0,1,1,A,-,05,21651,B,N,E,I,A,A,H,-,A,D,0,,,,,Y,,D,22,0,0,1,0,0,0,0,0,0,"- ","- ",,,SUTTER,"LIVE OAK",-121.68757629394531,39.283340454101562
9475459,2022,2022-07-18,5100,2022-06-13,2008,2564,1,1,5,2,5101,0,0,0,,0,00A,"PENNINGTON RD","ORCHARD WY",22.00,W,N,A,-,N,,,,,,,,,,Y,3,0,1,1,A,-,"- ",,,N,E,I,A,A,H,-,A,D,0,,,,,Y,,A,01,0,1,0,0,0,0,0,0,0,"- ","- ",,,SUTTER,"LIVE OAK",-121.65419006347656,39.276058197021484
94757168,2025,2025-07-10,9285,2025-07-04,1836,021012,,5,2,9,5100,0,3,5,,1,007,"PASS RD","KELLOGG RD",14995.00,W,N,A,-,N,,,,,,,,,,N,3,0,1,1,A,-,03,22350,,N,E,I,A,A,H,-,A,D,0,,,,,Y,,A,07,0,1,0,0,0,0,0,0,0,"- ","- ",39.187061309814453,-121.8349609375,SUTTER,UNINCORPORATED,-121.83458709716797,39.186954498291016
9475824,2022,2022-07-18,5102,2022-06-16,1128,4073,4,4,5,4,5102,0,0,0,,0,004,"BRIDGE ST","GRAY AV",0.00,,Y,A,-,N,,,,,,,,,,Y,3,0,2,2,A,-,12,21457,A,N,D,C,A,A,D,-,A,A,0,,,,,Y,,A,01,0,2,0,0,0,0,0,0,0,"- ","- ",,,SUTTER,"YUBA CITY",-121.62991333007812,39.132289886474609
94758696,2025,2025-07-11,9285,2025-04-20,"948 ",021328,,7,1,9,5100,0,2,4,,1,073,"LIVE OAK BOULEVARD","REDNALL ROAD",54.00,S,N,A,-,N,,,,,,,,,,Y,1,1,1,2,A,-,05,21460,C,N,A,C,A,A,H,-,A,D,0,,,,,Y,,A,01,1,0,0,0,0,0,0,0,0,"- ","- ",39.181781768798828,-121.62770843505859,SUTTER,UNINCORPORATED,-121.62773895263672,39.181858062744141
94761757,2025,2025-07-15,9285,2025-07-12,1130,021018,,6,1,9,5100,0,3,5,,1,007,"LARKIN RD","EAGER RD",2640.00,N,N,A,-,N,,,,,,,,,,Y,3,0,1,1,A,-,03,22350,,N,F,A,A,A,H,-,A,D,0,,,,,Y,,A,01,0,1,0,0,0,0,0,0,0,"- ","- ",39.196689605712891,-121.66005706787109,SUTTER,UNINCORPORATED,-121.65995025634766,39.196708679199219
94779179,2025,2025-07-28,9285,2025-07-25,"520 ",021599,,5,3,9,5100,0,1,3,,1,011,"SR-99 NORTHBOUND","STRIPLIN  ROAD",2059.00,N,N,A,-,N,,,,,,,,,,N,4,0,2,2,A,-,03,22350,,N,C,C,A,A,H,-,A,D,0,,,,,Y,,A,01,0,0,2,0,0,0,0,0,0,"- ","- ",38.871261596679688,-121.55866241455078,SUTTER,UNINCORPORATED,-121.55873107910156,38.8712158203125
94780042,2025,2025-07-28,9285,2025-07-17,1414,024588,,4,2,9,5100,0,3,5,,1,005,"S. PALORA AVENUE","MARCIA AVE",150.00,N,N,A,-,N,,,,,,,,,,N,4,0,1,3,A,-,08,22107,,M,C,4,A,A,H,-,A,D,0,,,,,Y,,A,01,0,0,1,0,0,0,0,0,0,"- ","- ",39.125431060791016,-121.63382720947266,SUTTER,UNINCORPORATED,-121.63380432128906,39.125312805175781
94782487,2025,2025-07-30,9285,2025-07-23,1900,024541,,3,2,2,5101,0,3,5,,1,007,"LEVEE ROAD","CAMPBELL ROAD",30.00,S,N,A,-,N,,,,,,,,,,N,3,0,1,1,A,-,03,22350,,M,E,8,A,A,H,-,A,D,0,,,,,Y,,-,99,0,1,0,0,0,0,0,0,0,"- ","- ",39.293861389160156,-121.63661956787109,SUTTER,"LIVE OAK",-121.63243103027344,39.322944641113281
94784429,2025,2025-07-31,9285,2025-07-28,1845,016343,,1,2,9,5100,0,3,5,,1,007,"BUTTE HOUSE ROAD","FIRST ST",0.00,,Y,A,-,N,,,,,,,,,,N,3,0,1,1,A,-,05,21650,,N,F,A,A,A,H,-,A,D,0,,,Y,,Y,,C,02,0,1,0,0,0,0,0,0,1,"- ","- ",39.168609619140625,-121.74337768554688,SUTTER,UNINCORPORATED,,
9479130,2022,2022-08-11,5102,2022-06-28,0934,4131,1,2,5,4,5102,0,0,0,,0,001,"JEFFERSON AV","VAN VLECK ST",50.00,E,N,A,-,N,,,,,,,,,,N,3,0,1,1,A,-,08,22107,,F,A,I,A,A,H,-,B,D,0,,,,,Y,,D,22,0,1,0,0,0,0,0,0,0,"- ","- ",,,SUTTER,"YUBA CITY",-121.68300628662109,39.148227691650391
9479132,2022,2022-08-17,5100,2022-06-01,0532,2540,LOCA2,3,5,2,5101,0,0,0,,0,02B,"RT 99","KOLA ST",223.00,N,N,A,-,Y,SUT,3,99,-,-,40.490,H,-,N,N,4,0,1,2,A,-,06,21750,,N,B,C,A,A,H,-,B,A,0,,,,,Y,,D,22,0,0,1,0,0,0,0,0,0,"- ","- ",,,SUTTER,"LIVE OAK",-121.66123962402344,39.279567718505859
9479135,2022,2022-08-18,5100,2022-07-09,1150,2534,5101,6,5,2,5101,0,0,0,,0,001,"PENNINGTON RD","LARKIN RD",0.00,,Y,A,-,N,,,,,,,,,,Y,4,0,1,2,A,-,12,22450,A,N,D,C,A,A,H,-,A,A,0,,,,,Y,,-,,0,0,1,0,0,0,0,0,0,"- ","- ",,,SUTTER,"LIVE OAK",-121.65995788574219,39.276081085205078
9479389,2022,2022-09-12,5102,2022-07-22,1713,4132,2,5,5,4,5102,0,0,0,,0,002,"BRIDGE ST","W ONSTOTT FRONTAGE RD",0.00,,Y,A,-,N,,,,,,,,,,Y,3,0,2,2,A,-,08,22100,B,N,D,C,A,A,H,-,A,D,0,,,,,Y,,A,01,0,1,1,0,0,0,0,0,0,"- ","- ",,,SUTTER,"YUBA CITY",-121.63549041748047,39.13238525390625
94797871,2025,2025-08-11,9285,2025-07-31,"735 ",020195,,4,1,9,5100,0,1,3,,2,031,"STATE ROUTE 113","KNIGHTS RD",1680.00,N,N,A,-,Y,SUT,,113," "," ",3.098,H,,R,Y,4,0,1,4,A,-,08,22107,,N,B,C,A,A,H,-,A,D,0,,,,Y,Y,,A,01,0,0,1,0,0,0,0,0,0,"- ","- ",38.845211029052734,-121.71726226806641,SUTTER,UNINCORPORATED,-121.71723937988281,38.845203399658203
94797905,2025,2025-08-11,9285,2025-08-02,"430 ",023008,,6,3,4,5102,0,1,3,,1,011,"SR-99 N/B","SACRAMENTO AVE",50.00,S,N,A,-,Y,SUT,,99," "," ",13.637,H,,R,Y,2,0,1,1,A,-,08,22107,,N,E,I,A,A,H,-,D,A,0,,,,,Y,,A,07,1,0,0,0,0,0,0,0,0,"- ","- ",38.915859222412109,-121.60552978515625,SUTTER,"YUBA CITY",-121.60545349121094,38.915904998779297
94806450,2025,2025-08-18,9285,2025-08-03,1930,022956,,7,2,9,5100,0,1,3,,1,011,SR-99,"SACRAMENTO AVE",0.00,,Y,A,-,Y,SUT,,99," "," ",13.678,H,,R,Y,4,0,1,3,A,-,09,21802,A,M,D,C,A,A,H,-,B,D,0,,,,,Y,,-,99,0,0,1,0,0,0,0,0,0,"- ","- ",38.916408538818359,-121.60584259033203,SUTTER,UNINCORPORATED,-121.60582733154297,38.916416168212891
94807560,2025,2025-08-18,9285,2025-08-10,2205,022867,,7,3,9,5100,0,3,5,,1,007,"PASS ROAD","WEST BUTTE ROAD",2693.00,W,N,A,-,N,,,,,,,,,,Y,3,0,2,1,A,-,01,23152,A,N,E,I,A,A,H,-,D,D,0,,,,,Y,Y,D,22,0,2,0,0,0,0,0,0,0,"- ","- ",39.186939239501953,-121.89781951904297,SUTTER,UNINCORPORATED,-121.89785766601562,39.187000274658203
9480859,2022,2022-08-11,5102,2022-07-07,0846,4077,3,4,5,4,5102,0,0,0,,0,003,"PLAZA WY","GRAY AV",13.00,E,N,A,-,N,,,,,,,,,,N,4,0,1,2,A,-,10,21950,A,N,G,B,B,A,H,-,A,A,0,Y,,,,Y,,D,22,0,0,1,0,1,0,0,0,0,"- ","- ",,,SUTTER,"YUBA CITY",-121.63017272949219,39.143180847167969
9480867,2022,2022-08-04,5102,2022-06-18,2058,4128,3,6,5,4,5102,0,0,0,,0,003,"QUEENS AV","E ONSTOTT FR RD",319.00,W,N,A,-,N,,,,,,,,,,Y,4,0,2,3,A,-,01,23152,A,N,D,C,A,A,H,-,C,D,0,,,,,Y,,A,01,0,0,2,0,0,0,0,0,0,"- ","- ",,,SUTTER,"YUBA CITY",-121.63530731201172,39.151630401611328
9481293,2022,2022-08-04,5102,2022-06-30,2154,4104,2,4,5,4,5102,0,0,0,,0,002,"STABLER LN","BUTTE HOUSE RD",0.00,,Y,A,-,N,,,,,,,,,,Y,3,0,3,2,A,-,12,21453,A,N,D,C,A,A,H,-,C,A,0,,,,,Y,,A,01,0,2,1,0,0,0,0,0,0,"- ","- ",,,SUTTER,"YUBA CITY",-121.64396667480469,39.148029327392578
94816496,2025,2025-08-25,9285,2025-08-15,1730,023008,,5,2,9,5100,0,1,3,,1,010,SR-70,"NICOLAUS AVE",3696.00,N,N,A,-,Y,SUT,,70," ",R,4.675,H,,R,N,3,0,1,2,C,-,18,,,N,G,B,E,A,D,-,A,D,0,Y,,,,Y,,-,"- ",0,1,0,0,1,0,0,0,0,"- ","- ",38.9185791015625,-121.54550170898438,SUTTER,UNINCORPORATED,-121.54521942138672,38.918476104736328
94821924,2025,2025-08-28,9285,2025-08-20,1427,024662,,3,2,9,5100,0,3,5,,1,007,"S BUTTE ROAD","LOCUST STREET",2595.00,E,N,A,-,N,,,,,,,,,,N,3,0,1,1,A,-,03,22350,,N,F,A,A,A,H,-,A,D,0,,,Y,,Y,,C,02,0,1,0,0,0,0,0,0,1,"- ","- ",39.154838562011719,-121.73538208007812,SUTTER,UNINCORPORATED,-121.73536682128906,39.154850006103516
94825179,2025,2025-09-01,9285,2025-08-24,2000,022956,,7,2,9,5100,0,3,5,,1,005,"S. GEORGE WASHINGTON BLVD","OBANION RD",0.00,,Y,A,-,N,,,,,,,,,,Y,3,0,4,2,A,-,09,21802,A,N,D,C,A,A,H,-,B,A,0,,,,,Y,,A,08,0,1,3,0,0,0,0,0,0,"- ","- ",39.025371551513672,-121.67189788818359,SUTTER,UNINCORPORATED,-121.67185974121094,39.025341033935547
94828152,2025,2025-09-03,9285,2025-08-22,"559 ",024662,,5,3,9,5100,0,1,3,,1,010,"SR-70 S/B","W CATLETT RD",4787.00,N,N,A,-,Y,,,,,,,,,,Y,2,0,1,1,C,-,18,,,N,F,A,A,A,H,-,B,D,0,,,,,Y,,-,"- ",1,0,0,0,0,0,0,0,0,"- ","- ",38.850719451904297,-121.54477691650391,SUTTER,UNINCORPORATED,,
94829673,2025,2025-09-04,9285,2025-08-30,1710,021018,,6,2,9,5100,0,1,3,,1,010,SR-70,"MARCUM RD",2160.00,S,N,A,-,Y,SUT,,70," ",R,2.588,H,,R,N,4,0,1,2,A,-,03,22350,,N,C,C,A,A,H,-,A,D,0,,,,,Y,,A,07,0,0,1,0,0,0,0,0,0,"- ","- ",38.8897705078125,-121.54308319091797,SUTTER,UNINCORPORATED,-121.5430908203125,38.8897705078125
94833997,2025,2025-09-23,9285,2025-09-03,1325,017118,,3,1,9,5100,0,1,3,,1,051,"STATE ROUTE 99","BARRY ROAD",0.00,,Y,A,-,Y,SUT,,99," "," ",26.120,H,,R,Y,4,0,1,2,A,-,09,21801,A,N,D,C,A,A,H,-,A,A,0,,,,,Y,,D,22,0,0,1,0,0,0,0,0,0,"- ","- ",39.076290130615234,-121.63488006591797,SUTTER,UNINCORPORATED,-121.63482666015625,39.076290130615234
94837137,2025,2025-09-09,9285,2025-08-30,"135 ",022618,,6,3,9,5100,0,3,5,,1,001,"HOWSLEY RD",SR-99,1125.00,E,N,A,-,N,,,,,,,,,,Y,3,0,1,1,A,-,01,23152,A,N,E,I,A,A,H,-,D,D,0,,,,,Y,Y,D,22,0,1,0,0,0,0,0,0,0,"- ","- ",38.822479248046875,-121.54046630859375,SUTTER,UNINCORPORATED,-121.5408935546875,38.822105407714844
94844683,2025,2025-09-15,9285,2025-09-06,2500,022956,,6,4,9,5100,0,3,5,,1,005,SR99,"OSWALD RD",588.00,S,N,A,-,Y,SUT,,99," "," ",25.513,H,,R,N,2,0,1,1,D,-,00,,,N,F,A,A,A,H,-,B,D,0,,Y,,,Y,,-,"- ",1,0,0,0,0,0,1,0,0,"- ","- ",39.067390441894531,-121.63333892822266,SUTTER,UNINCORPORATED,-121.63339996337891,39.067390441894531
94849861,2025,2025-09-18,9285,2025-09-08,1418,015976,,1,2,9,5100,0,1,3,,1,051,"SR-99 N/B","RICHLAND RD",540.00,S,N,A,-,Y,SUT,,99," "," ",28.933,H,,R,Y,3,0,1,2,A,-,03,22350,,N,C,C,A,A,H,-,A,D,0,,,,,Y,,A,01,0,1,0,0,0,0,0,0,0,"- ","- ",39.116680145263672,-121.63462829589844,SUTTER,UNINCORPORATED,-121.63460540771484,39.116680145263672
94850454,2025,2025-09-18,9285,2025-09-15,1620,019085,,1,2,9,5100,0,1,3,,1,011,"RT 99","POWERLINE RD",193.00,S,N,A,-,Y,SUT,,99," "," ",10.774,H,,R,Y,4,0,1,2,A,-,09,21801,A,N,D,C,A,A,H,-,A,D,0,,,,,Y,,D,22,0,0,1,0,0,0,0,0,0,"- ","- ",38.884860992431641,-121.56986236572266,SUTTER,UNINCORPORATED,-121.56974792480469,38.884914398193359
9485610,2022,2022-09-27,5102,2022-07-21,1820,4104,3,4,5,4,5102,0,0,0,,0,003,"VON GELDERN WY","LAMON WY",100.00,S,N,A,-,N,,,,,,,,,,N,4,0,1,2,A,-,07,21658,A,F,C,E,A,A,H,-,A,D,0,,,,,Y,,A,01,0,0,1,0,0,0,0,0,0,"- ","- ",,,SUTTER,"YUBA CITY",-121.61090087890625,39.144596099853516
9485623,2022,2022-09-27,5102,2022-07-22,0743,4137,1,5,5,4,5102,0,0,0,,0,001,"COLUSA FRONTAGE RD","HOOPER RD",0.00,,Y,A,-,N,,,,,,,,,,N,3,0,1,2,A,-,09,21801,A,N,D,B,A,A,H,-,A,D,0,,Y,,,Y,,D,22,0,1,0,0,0,0,1,0,0,"- ","- ",,,SUTTER,"YUBA CITY",-121.66713714599609,39.141658782958984
94861791,2025,2025-09-26,9285,2025-07-30,"842 ",015976,,3,1,9,5100,0,1,3,,1,051,"STATE ROUTE 99","BOGUE ROAD",0.00,,Y,A,-,Y,SUT,,99," "," ",27.653,H,,R,Y,1,1,1,2,A,-,08,22101,D,N,A,C,A,A,D,-,A,A,0,,,Y,,Y,,A,07,0,1,0,0,0,0,0,1,0,"- ","- ",39.098358154296875,-121.63446044921875,SUTTER,UNINCORPORATED,-121.63442993164062,39.098358154296875
9486505,2022,2022-09-07,5102,2022-08-01,1125,4105,2,1,5,4,5102,0,0,0,,0,023,"BRIDGE ST","W ONSTOTT FRONTAGE RD",0.00,,Y,B,-,N,,,,,,,,,,Y,4,0,1,2,A,-,08,22107,,N,B,C,A,A,H,-,A,D,0,,,,,Y,,A,01,0,0,1,0,0,0,0,0,0,"- ","- ",,,SUTTER,"YUBA CITY",-121.63549041748047,39.13238525390625