CASE_ID,ACCIDENT_YEAR,PROC_DATE,JURIS,COLLISION_DATE,COLLISION_TIME,OFFICER_ID,REPORTING_DISTRICT,DAY_OF_WEEK,CHP_SHIFT,POPULATION,CNTY_CITY_LOC,SPECIAL_COND,BEAT_TYPE,CHP_BEAT_TYPE,CITY_DIVISION_LAPD,CHP_BEAT_CLASS,BEAT_NUMBER,PRIMARY_RD,SECONDARY_RD,DISTANCE,DIRECTION,INTERSECTION,WEATHER_1,WEATHER_2,STATE_HWY_IND,CALTRANS_COUNTY,CALTRANS_DISTRICT,STATE_ROUTE,ROUTE_SUFFIX,POSTMILE_PREFIX,POSTMILE,LOCATION_TYPE,RAMP_INTERSECTION,SIDE_OF_HWY,TOW_AWAY,COLLISION_SEVERITY,NUMBER_KILLED,NUMBER_INJURED,PARTY_COUNT,PRIMARY_COLL_FACTOR,PCF_CODE_OF_VIOL,PCF_VIOL_CATEGORY,PCF_VIOLATION,PCF_VIOL_SUBSECTION,HIT_AND_RUN,TYPE_OF_COLLISION,MVIW,PED_ACTION,ROAD_SURFACE,ROAD_COND_1,ROAD_COND_2,LIGHTING,CONTROL_DEVICE,CHP_ROAD_TYPE,PEDESTRIAN_ACCIDENT,BICYCLE_ACCIDENT,MOTORCYCLE_ACCIDENT,TRUCK_ACCIDENT,NOT_PRIVATE_PROPERTY,ALCOHOL_INVOLVED,STWD_VEHTYPE_AT_FAULT,CHP_VEHTYPE_AT_FAULT,COUNT_SEVERE_INJ,COUNT_VISIBLE_INJ,COUNT_COMPLAINT_PAIN,COUNT_PED_KILLED,COUNT_PED_INJURED,COUNT_BICYCLIST_KILLED,COUNT_BICYCLIST_INJURED,COUNT_MC_KILLED,COUNT_MC_INJURED,PRIMARY_RAMP,SECONDARY_RAMP,LATITUDE,LONGITUDE,COUNTY,CITY,POINT_X,POINT_Y
9573801,2023,2023-05-30,5102,2023-02-06,1418,2584,,1,5,4,5102,0,0,0,,0,007,"SOUTH WALTON AV","CAMINO DE FLORES",18.00,N,N,A,-,N,,,,,,,,,,Y,2,0,5,6,A,-,01,23153,F,N,G,B,F,A,H,-,A,A,0,Y,,,,Y,,A,07,3,1,1,0,4,0,0,0,0,"- ","- ",,,SUTTER,"YUBA CITY",-121.64386749267578,39.124057769775391
9573802,2023,2023-04-19,5100,2023-02-28,1104,2540,LOCA3,2,5,2,5101,0,0,0,,0,02A,"LARKIN RD","ELM ST",0.00,,Y,A,-,N,,,,,,,,,,N,4,0,2,2,A,-,12,22450,A,N,D,C,A,A,H,-,A,A,0,,,,,Y,,A,01,0,0,2,0,0,0,0,0,0,"- ","- ",,,SUTTER,"LIVE OAK",-121.65998077392578,39.273391723632812
9574174,2023,2023-05-17,5102,2023-03-07,1130,4076,3,2,5,4,5102,0,0,0,,0,003,"E ONSTOTT FRONTAGE RD","WASHINGTON AV",3.00,W,N,B,-,N,,,,,,,,,,N,3,0,1,2,A,-,08,22107,,N,G,B,B,A,H,-,A,D,0,Y,,,,Y,,D,22,0,1,0,0,1,0,0,0,0,"- ","- ",,,SUTTER,"YUBA CITY",-121.63469696044922,39.149059295654297
9574177,2023,2023-04-18,5102,2023-02-13,1321,4119,4,1,5,4,5102,0,0,0,,0,004,"PLUMAS ST","TEEGARDEN AV",1.00,N,N,A,-,N,,,,,,,,,,N,4,0,1,3,A,-,03,22350,,N,C,C,A,A,H,-,A,A,0,,,,,Y,Y,A,01,0,0,1,0,0,0,0,0,0,"- ","- ",,,SUTTER,"YUBA CITY",-121.61655426025391,39.138072967529297
9574233,2023,2023-04-25,5102,2023-03-10,1235,4138,2,5,5,4,5102,0,0,0,,0,002,"RT 99","RT 20",120.00,S,N,A,-,Y,SUT,3,99,-,-,30.590,H,-,N,N,3,0,1,2,A,-,03,22350,,N,C,C,A,A,H,-,A,A,0,,,,,Y,,A,01,0,1,0,0,0,0,0,0,0,"- ","- ",,,SUTTER,"YUBA CITY",-121.63448333740234,39.141254425048828
9574290,2023,2023-05-01,5102,2023-03-07,"815 ",9003,4,2,5,4,5102,0,0,0,,0,004,"COOPER AV","FREDERICK ST",0.00,,Y,A,-,N,,,,,,,,,,Y,3,0,1,2,A,-,08,22107,,N,A,C,A,A,H,-,A,D,0,,,,,Y,Y,A,01,0,1,0,0,0,0,0,0,0,"- ","- ",,,SUTTER,"YUBA CITY",-121.62322235107422,39.130928039550781
9577397,2023,2023-05-04,5102,2023-04-03,"855 ",4131,5,1,5,4,5102,0,0,0,,0,005,"GARDEN HWY","RIVER OAKS DR",136.00,N,N,A,-,N,,,,,,,,,,N,3,0,1,2,A,-,07,21658,,N,B,C,A,A,H,-,A,D,0,,,,,Y,,A,07,0,1,0,0,0,0,0,0,0,"- ","- ",,,SUTTER,"YUBA CITY",-121.61619567871094,39.103469848632812
9579815,2023,2023-06-07,5102,2023-04-10,1117,4142,1,1,5,4,5102,0,0,0,,0,001,"RT 20","THARP RD",0.00,,Y,A,-,Y,SUT,3,20,-,R,14.846,I,5,W,N,3,0,1,2,A,-,21,22106,,N,C,C,A,A,H,-,A,A,0,,,,,Y,,D,22,0,1,0,0,0,0,0,0,0,"- ","- ",,,SUTTER,"YUBA CITY",-121.64852905273438,39.141643524169922
9579816,2023,2023-06-06,5102,2023-04-07,2026,4117,4,5,5,4,5102,0,0,0,,0,047,"PLUMAS ST","BRIDGE ST",5.00,S,N,A,-,N,,,,,,,,,,N,3,0,1,2,A,-,08,22107,,N,B,C,A,A,H,-,C,A,0,,,,,Y,,D,22,0,1,0,0,0,0,0,0,0,"- ","- ",,,SUTTER,"YUBA CITY",-121.61525726318359,39.135387420654297
9579829,2023,2023-05-26,5102,2023-04-23,1410,4115,2,7,5,4,5102,0,0,0,,0,002,"STABLER LN","BUTTE HOUSE RD",12.00,S,N,A,-,N,,,,,,,,,,N,4,0,1,2,A,-,05,21202,A,N,E,G,A,A,H,-,A,D,0,,Y,,,Y,,L,04,0,0,1,0,0,0,1,0,0,"- ","- ",,,SUTTER,"YUBA CITY",-121.64396667480469,39.147998809814453
9579848,2023,2023-05-26,5102,2023-04-18,1801,4104,3,2,5,4,5102,0,0,0,,0,003,"QUEENS AV","LIVE OAK BL",0.00,,Y,A,-,N,,,,,,,,,,,3,0,1,2,A,-,10,21950,A,N,G,B,B,A,H,-,A,A,0,Y,,,,Y,,A,01,0,1,0,0,1,0,0,0,0,"- ","- ",,,SUTTER,"YUBA CITY",-121.62068176269531,39.151809692382812
9579852,2023,2023-05-26,5102,2023-04-25,"125 ",4113,4,2,5,4,5102,0,0,0,,0,004,"FRANKLIN AV","SOUTH LAWRENCE AV",150.00,E,N,A,-,N,,,,,,,,,,Y,4,0,1,2,A,-,08,22107,,N,D,E,A,A,H,-,C,D,0,,,,,Y,,A,01,0,0,1,0,0,0,0,0,0,"- ","- ",,,SUTTER,"YUBA CITY",-121.63195037841797,39.127288818359375
9580352,2023,2023-06-20,5102,2023-05-01,"913 ",2574,85,1,5,4,5102,0,0,0,,0,007,"HARDING RD","POWER POLE #120450315",27.00,N,N,B,C,N,,,,,,,,,,N,3,0,2,2,A,-,08,22107,,N,A,C,A,B,H,-,A,D,0,,,,,Y,,A,01,0,1,1,0,0,0,0,0,0,"- ","- ",,,SUTTER,"YUBA CITY",,
9581177,2023,2023-06-29,5102,2023-05-29,1424,4141,4,1,5,4,5102,0,0,0,,0,004,"CLARK AV","KIMBALL AV",0.00,,Y,A,-,N,,,,,,,,,,Y,3,0,1,2,A,-,12,22450,A,N,D,C,A,A,H,-,A,A,0,,,,,Y,,A,01,0,1,0,0,0,0,0,0,0,"- ","- ",,,SUTTER,"YUBA CITY",-121.62527465820312,39.134269714355469
9581181,2023,2023-06-26,5102,2023-05-23,1715,4141,5,2,5,4,5102,0,0,0,,0,005,"LINCOLN RD","RAILROAD AV",0.00,,Y,A,-,N,,,,,,,,,,N,3,0,1,2,A,-,09,21802,A,N,D,G,A,A,H,-,A,A,0,,Y,,,Y,,A,01,0,1,0,0,0,0,1,0,0,"- ","- ",,,SUTTER,"YUBA CITY",-121.62274932861328,39.112632751464844
9581182,2023,2023-06-26,5102,2023-05-30,1126,4073,4,2,5,4,5102,0,0,0,,0,004,"GRAY AV","SPIVA AV",275.00,N,N,A,-,N,,,,,,,,,,N,3,0,1,2,A,-,09,21804,A,N,D,C,A,A,H,-,A,D,0,,,,,Y,,A,01,0,1,0,0,0,0,0,0,0,"- ","- ",,,SUTTER,"YUBA CITY",-121.63007354736328,39.136116027832031
9583618,2023,2023-08-04,5102,2023-06-17,1841,4128,3,6,5,4,5102,0,0,0,,0,003,"RT 20","PLUMAS ST",0.00,,Y,A,-,Y,SUT,3,20,-,-,16.520,I,5,W,N,4,0,1,3,A,-,12,21453,A,F,C,C,A,A,H,-,A,A,0,,,,,Y,Y,A,07,0,0,1,0,0,0,0,0,0,"- ","- ",,,SUTTER,"YUBA CITY",-121.61772155761719,39.140739440917969
9583848,2023,2023-08-14,5102,2023-07-05,1017,4073,2,3,5,4,5102,0,0,0,,0,002,"RT 99","FRANKLIN RD",338.00,S,N,A,-,Y,SUT,3,99,-,-,29.610,H,-,N,Y,2,0,2,2,A,-,03,22350,,N,C,C,A,A,H,-,A,A,0,,,,,Y,,A,01,1,1,0,0,0,0,0,0,0,"- ","- ",,,SUTTER,"YUBA CITY",-121.63447570800781,39.126419067382812
9583856,2023,2023-08-03,5102,2023-06-23,1151,4129,2,5,5,4,5102,0,0,0,,0,002,"BUTTE HOUSE RD","STEVEN WY",0.00,,Y,A,-,N,,,,,,,,,,N,3,0,1,2,A,-,09,21800,A,N,D,G,A,A,H,-,A,A,0,,Y,,,Y,,D,22,0,1,0,0,0,0,1,0,0,"- ","- ",,,SUTTER,"YUBA CITY",-121.63680267333984,39.146030426025391
9587802,2023,2023-06-13,5102,2023-05-06,1032,4131,5,6,5,4,5102,0,0,0,,0,005,"GARDEN HWY","CENTRAL AV",170.00,S,N,B,C,N,,,,,,,,,,Y,4,0,1,1,A,-,01,23152,A,N,B,I,A,B,H,-,A,D,0,,,,,Y,Y,A,01,0,0,1,0,0,0,0,0,0,"- ","- ",,,SUTTER,"YUBA CITY",-121.60996246337891,39.12469482421875
9587804,2023,2023-06-14,5102,2023-05-16,"647 ",4073,5,2,5,4,5102,0,0,0,,0,005,"GARDEN HWY","TEESDALE RD",0.00,,Y,A,-,N,,,,,,,,,,Y,3,0,1,2,A,-,12,21453,A,N,D,C,A,A,H,-,A,A,0,,,,,Y,,A,01,0,1,0,0,0,0,0,0,0,"- ","- ",,,SUTTER,"YUBA CITY",-121.61676788330078,39.107555389404297
9588395,2023,2023-06-19,5102,2023-05-07,"147 ",4123,4,7,5,4,5102,0,0,0,,0,004,"BRIDGE ST","CEMETERY WY",1357.00,E,N,A,-,N,,,,,,,,,,Y,2,0,1,1,A,-,01,23152,A,N,E,I,A,A,H,-,C,D,0,,,,,Y,Y,D,22,1,0,0,0,0,0,0,0,0,"- ","- ",,,SUTTER,"YUBA CITY",-121.60884094238281,39.137619018554688
9590188,2023,2023-06-21,5102,2023-05-04,1027,4142,1,4,5,4,5102,0,0,0,,0,001,"THARP RD","SIERRA AV",0.00,,Y,C,-,N,,,,,,,,,,N,4,0,1,2,A,-,09,21801,A,N,D,C,A,B,H,-,A,D,0,,,,,Y,,A,01,0,0,1,0,0,0,0,0,0,"- ","- ",,,SUTTER,"YUBA CITY",-121.64852142333984,39.140380859375
9590731,2023,2023-06-19,5102,2023-05-18,"223 ",4126,5,4,5,4,5102,0,0,0,,0,005,"CLARK AV","JEWELL AV",59.00,S,N,A,-,N,,,,,,,,,,Y,4,0,1,3,A,-,07,21658,A,N,D,E,A,A,H,-,C,D,0,,,,,Y,,A,01,0,0,1,0,0,0,0,0,0,"- ","- ",,,SUTTER,"YUBA CITY",-121.62477111816406,39.125419616699219
9591423,2023,2023-07-27,5102,2023-06-28,1914,4142,1,3,5,4,5102,0,0,0,,0,001,"HARTER PKWY","SPRIT DR",0.00,,Y,A,-,N,,,,,,,,,,Y,3,0,1,2,A,-,12,22450,A,N,D,C,A,A,H,-,A,A,0,,,,,Y,Y,D,22,0,1,0,0,0,0,0,0,0,"- ","- ",,,SUTTER,"YUBA CITY",-121.655517578125,39.1392822265625
9591552,2023,2023-07-27,5100,2023-06-09,1609,2534,5101,5,5,2,5101,0,0,0,,0,002,"PENNINGTON RD","LARKIN RD",0.00,,Y,A,-,N,,,,,,,,,,N,4,0,1,2,A,-,09,21802,A,N,D,C,A,A,H,-,A,A,0,,,,,Y,,A,08,0,0,1,0,0,0,0,0,0,"- ","- ",,,SUTTER,"LIVE OAK",-121.65995788574219,39.276081085205078
9594333,2023,2023-06-23,5102,2023-05-28,1438,4120,3,7,5,4,5102,0,0,0,,0,003,"QUEENS AV","KNIGHTS ROW",60.00,W,N,A,-,N,,,,,,,,,,N,2,0,1,2,A,-,03,22350,,N,C,C,A,A,H,-,A,D,0,,,Y,,Y,,C,02,1,0,0,0,0,0,0,0,1,"- ","- ",,,SUTTER,"YUBA CITY",-121.62268829345703,39.151821136474609
9596098,2023,2023-08-02,5102,2023-05-24,1425,4027,4,3,5,4,5102,0,0,0,,0,004,"RT 20","STAFFORD WY",0.00,,Y,A,-,Y,SUT,3,20,-,-,15.940,I,5,E,Y,3,0,2,2,A,-,09,21804,A,N,D,C,A,A,H,-,A,D,0,,,,,Y,Y,A,01,0,2,0,0,0,0,0,0,0,"- ","- ",,,SUTTER,"YUBA CITY",-121.62786865234375,39.141578674316406
9596126,2023,2023-08-02,5102,2023-06-08,2012,4138,2,4,5,4,5102,0,0,0,,0,002,"RT 99","BRIDGE ST",0.00,,Y,A,-,Y,SUT,3,99,-,-,30.030,I,5,N,Y,3,0,1,2,A,-,12,21453,A,N,D,C,A,A,H,-,A,A,0,,,,,Y,,-,,0,1,0,0,0,0,0,0,0,"- ","- ",,,SUTTER,"YUBA CITY",-121.63445281982422,39.132404327392578
9596134,2023,2023-08-02,5102,2023-06-12,"714 ",4073,3,1,5,4,5102,0,0,0,,0,003,"RT 20","CLARK AV",0.00,,Y,A,-,Y,SUT,3,20,-,-,16.060,I,5,W,Y,4,0,1,2,A,-,12,21453,A,N,D,C,A,A,H,-,A,A,0,,,,,Y,,A,01,0,0,1,0,0,0,0,0,0,"- ","- ",,,SUTTER,"YUBA CITY",-121.62568664550781,39.141704559326172
9596267,2023,2023-07-19,5102,2023-06-04,1512,4105,5,7,5,4,5102,0,0,0,,0,005,"BOGUE RD","GARDEN HWY",94.00,W,N,A,-,N,,,,,,,,,,N,3,0,1,2,A,-,08,22107,,N,B,C,A,A,H,-,A,A,0,,,,,Y,,A,01,0,1,0,0,0,0,0,0,0,"- ","- ",,,SUTTER,"YUBA CITY",-121.61614227294922,39.100704193115234
9596268,2023,2023-07-19,5102,2023-06-09,1226,4131,5,5,5,4,5102,0,0,0,,0,005,"LINCOLN RD","GARDEN HWY",894.00,W,N,A,-,N,,,,,,,,,,Y,3,0,3,3,A,-,08,22107,,N,A,C,A,A,H,-,A,D,0,,,,,Y,,A,01,0,2,1,0,0,0,0,0,0,"- ","- ",,,SUTTER,"YUBA CITY",-121.62062835693359,39.112651824951172
9596270,2023,2023-07-19,5102,2023-06-16,1214,4129,2,5,5,4,5102,0,0,0,,0,002,"STABLER LN","POOLE BL",170.00,N,N,A,-,N,,,,,,,,,,N,4,0,2,3,A,-,10,21952,,N,G,B,F,A,H,-,A,A,0,Y,,,,Y,,A,07,0,0,2,0,2,0,0,0,0,"- ","- ",,,SUTTER,"YUBA CITY",-121.64396667480469,39.145175933837891
9596271,2023,2023-07-19,5102,2023-06-16,1243,4129,4,5,5,4,5102,0,0,0,,0,004,"CLARK AV","FORBES AV",0.00,,Y,A,-,N,,,,,,,,,,N,4,0,1,2,A,-,10,21950,A,N,G,B,B,A,H,-,A,A,0,Y,,,,Y,,A,07,0,0,1,0,1,0,0,0,0,"- ","- ",,,SUTTER,"YUBA CITY",-121.62545013427734,39.137920379638672
9600526,2023,2023-07-24,5100,2023-06-10,1131,2534,LOCA3,6,5,2,5101,0,0,0,,0,002,"O ST","FIR ST",155.00,N,N,A,-,N,,,,,,,,,,N,4,0,1,2,A,-,21,22106,,N,C,B,A,A,H,-,A,D,0,,,,,Y,,A,01,0,0,1,0,0,0,0,0,0,"- ","- ",,,SUTTER,"LIVE OAK",-121.66500854492188,39.274494171142578
9601228,2023,2023-08-22,5102,2023-07-18,1144,4129,1,2,5,4,5102,0,0,0,,0,001,"RT 20","THARP RD",480.00,E,N,A,-,Y,SUT,3,20,-,R,14.940,H,-,W,Y,3,0,2,2,A,-,09,21804,A,N,D,C,A,A,H,-,A,A,0,,,,,Y,,A,01,0,1,1,0,0,0,0,0,0,"- ","- ",,,SUTTER,"YUBA CITY",-121.64679718017578,39.141696929931641
9601232,2023,2023-08-22,5102,2023-07-17,1054,4095,3,1,5,4,5102,0,0,0,,0,003,"RT 20","RT 99",260.00,E,N,A,-,Y,SUT,3,20,-,-,15.640,H,-,W,N,3,0,1,2,A,-,11,21954,A,N,G,B,D,A,H,-,A,A,0,Y,,,,Y,,N,60,0,1,0,0,1,0,0,0,0,"- ","- ",,,SUTTER,"YUBA CITY",-121.63336944580078,39.141902923583984
9601579,2023,2023-09-06,5100,2023-07-15,1032,2551,LOCA3,6,5,2,5101,0,0,0,,0,02A,"RT 99","PENNINGTON RD",482.00,S,N,A,-,Y,SUT,3,99,-,-,40.160,H,-,S,N,4,0,2,2,A,-,09,21801,A,N,D,C,A,A,H,-,A,D,0,,,,,Y,,A,01,0,0,2,0,0,0,0,0,0,"- ","- ",,,SUTTER,"LIVE OAK",-121.66104125976562,39.274814605712891
9601618,2023,2023-09-01,5102,2023-07-17,1750,4027,5,1,5,4,5102,0,0,0,,0,005,"GARDEN HWY","PERCY AV",0.00,,Y,A,-,N,,,,,,,,,,Y,3,0,2,2,A,-,12,21453,A,N,D,C,A,A,H,-,A,A,0,,,,,Y,,A,01,0,2,0,0,0,0,0,0,0,"- ","- ",,,SUTTER,"YUBA CITY",-121.61268615722656,39.122100830078125
9602444,2023,2023-08-23,5102,2023-07-20,1054,4129,5,4,5,4,5102,0,0,0,,0,005,"BOGUE RD","PHILIPS RD",0.00,,Y,A,-,N,,,,,,,,,,Y,4,0,1,2,A,-,09,21802,A,N,D,C,A,A,H,-,A,A,0,,,,,Y,,A,01,0,0,1,0,0,0,0,0,0,"- ","- ",,,SUTTER,"YUBA CITY",-121.63188934326172,39.098323822021484
9602445,2023,2023-08-23,5102,2023-07-18,1612,4129,2,2,5,4,5102,0,0,0,,0,002,"CIVIC CENTER BL","BUTTE HOUSE RD",17.00,S,N,A,-,N,,,,,,,,,,Y,4,0,1,1,A,-,12,21453,A,N,A,A,A,A,H,-,A,A,0,,,,,Y,,A,07,0,0,1,0,0,0,0,0,0,"- ","- ",,,SUTTER,"YUBA CITY",-121.63865661621094,39.146507263183594
9602554,2023,2023-08-15,5102,2023-07-20,1322,4129,1,4,5,4,5102,0,0,0,,0,001,"BUTTE HOUSE RD","HOOPER RD",0.00,,Y,A,-,N,,,,,,,,,,Y,4,0,1,2,A,-,12,22450,A,N,D,C,A,A,H,-,A,A,0,,,,,Y,,A,07,0,0,1,0,0,0,0,0,0,"- ","- ",,,SUTTER,"YUBA CITY",-121.6671142578125,39.154552459716797
9602861,2023,2023-08-16,5102,2023-06-30,1219,4129,1,5,5,4,5102,0,0,0,,0,001,"BUTTE HOUSE RD","THARP RD",75.00,W,N,A,-,N,,,,,,,,,,Y,4,0,1,3,A,-,03,22350,,N,C,C,A,A,H,-,A,A,0,,,,,Y,,A,07,0,0,1,0,0,0,0,0,0,"- ","- ",39.149280548095703,-121.64823150634766,SUTTER,"YUBA CITY",-121.64857482910156,39.149379730224609
9603119,2023,2023-07-27,5102,2023-06-17,1026,4142,4,6,5,4,5102,0,0,0,,0,004,"BRIDGE ST","PLUMAS ST",225.00,E,N,A,-,N,,,,,,,,,,Y,3,0,1,3,A,-,05,21651,B,N,B,C,A,A,H,-,A,A,0,,,,,Y,,A,01,0,1,0,0,0,0,0,0,0,"- ","- ",,,SUTTER,"YUBA CITY",-121.61453247070312,39.135650634765625
9604188,2023,2023-11-16,5100,2023-09-23,1926,2572,5101,6,5,2,5101,0,0,0,,0,001,"RT 99","COLEMAN AV",650.00,N,N,A,-,Y,SUT,3,99,-,-,39.440,H,-,S,Y,2,0,2,1,A,-,03,22350,,N,E,H,A,A,H,-,D,D,0,,,Y,,Y,,C,02,2,0,0,0,0,0,0,0,2,"- ","- ",,,SUTTER,"LIVE OAK",-121.65763092041016,39.264656066894531
9604322,2023,2024-03-01,5102,2023-08-21,2018,4139,2,1,5,4,5102,0,0,0,,0,002,"RT 20","THARP RD",0.00,,Y,A,-,Y,SUT,3,20,-,R,14.846,I,5,E,Y,3,0,1,2,A,-,12,21453,A,F,D,C,A,A,H,-,C,A,0,,,,,Y,Y,A,01,0,1,0,0,0,0,0,0,0,"- ","- ",,,SUTTER,"YUBA CITY",-121.64853668212891,39.141517639160156
9604354,2023,2024-02-16,5102,2023-09-17,2019,4132,2,7,5,4,5102,0,0,0,,0,002,"RT 99","SUNSWEET BL",0.00,,Y,A,-,Y,SUT,3,99,-,-,30.252,I,5,S,Y,3,0,2,2,A,-,09,21453,C,N,D,C,A,A,H,-,C,A,0,,,,,Y,,A,01,0,1,1,0,0,0,0,0,0,"- ","- ",,,SUTTER,"YUBA CITY",-121.63468170166016,39.135669708251953
9604358,2023,2023-11-30,5102,2023-09-15,1359,4129,1,5,5,4,5102,0,0,0,,0,001,"RT 20","COLUSA HWY",0.00,,Y,A,-,Y,SUT,3,20,-,R,14.940,H,-,W,Y,3,0,2,2,A,-,09,21804,A,N,D,C,A,A,H,-,A,A,0,,,,,Y,,A,07,0,1,1,0,0,0,0,0,0,"- ","- ",,,SUTTER,"YUBA CITY",-121.64679718017578,39.141696929931641
9605365,2023,2023-08-04,5102,2023-07-08,1132,9008,5,6,5,4,5102,0,0,0,,0,005,"GARDEN HWY","MONTEREY AV",125.00,S,N,A,-,N,,,,,,,,,,Y,3,0,1,4,A,-,09,21804,A,N,D,C,A,A,H,-,A,D,0,,,,,Y,,A,01,0,1,0,0,0,0,0,0,0,"- ","- ",,,SUTTER,"YUBA CITY",-121.60688018798828,39.129322052001953
9607870,2023,2023-09-21,5102,2023-08-26,1623,4104,5,6,5,4,5102,0,0,0,,0,005,"GARDEN HWY","SHANGHAI BEND RD",234.00,S,N,A,-,N,,,,,,,,,,Y,3,0,2,2,A,-,06,21754,,F,B,C,A,A,H,-,A,D,0,,,,,Y,,A,01,0,2,0,0,0,0,0,0,0,"- ","- ",,,SUTTER,"YUBA CITY",-121.61121368408203,39.094551086425781
9607886,2023,2023-10-26,5102,2023-09-04,1539,4073,5,1,5,4,5102,0,0,0,,0,005,"PERCY AV","DORMAN AV",26.00,S,N,A,-,N,,,,,,,,,,N,3,0,1,1,A,-,01,23152,A,M,E,I,A,A,H,-,A,D,0,,,,,Y,Y,A,01,0,1,0,0,0,0,0,0,0,"- ","- ",,,SUTTER,"YUBA CITY",-121.61324310302734,39.122806549072266
9613015,2023,2023-10-05,5102,2023-07-28,1614,483,5,5,5,4,5102,0,0,0,,0,005,"LINCOLN RD","RAILROAD AV",42.00,E,N,A,-,N,,,,,,,,,,Y,3,0,2,3,A,-,03,22350,,N,C,C,A,A,H,-,A,A,0,,,,,Y,,A,08,0,2,0,0,0,0,0,0,0,"- ","- ",,,SUTTER,"YUBA CITY",-121.62260437011719,39.112632751464844
9613016,2023,2023-09-14,5102,2023-08-08,"955 ",9008,4,2,5,4,5102,0,0,0,,0,004,"BRIDGE ST","N BARRETT RD",0.00,,Y,A,-,N,,,,,,,,,,N,3,0,1,2,A,-,09,21801,A,N,D,C,A,A,H,-,A,D,0,,,,,Y,,D,22,0,1,0,0,0,0,0,0,0,"- ","- ",,,SUTTER,"YUBA CITY",-121.63101196289062,39.132331848144531
9613146,2023,2023-09-06,5102,2023-08-05,1657,4129,2,6,5,4,5102,0,0,0,,0,002,"BRIDGE ST","JOANN WY",200.00,E,N,A,-,N,,,,,,,,,,Y,2,0,1,1,C,-,18,,,N,E,I,A,A,H,-,A,D,0,,,,,Y,,-,"- ",1,0,0,0,0,0,0,0,0,"- ","- ",,,SUTTER,"YUBA CITY",-121.64004516601562,39.132335662841797
9613534,2023,2023-09-05,5102,2023-07-11,1821,4143,4,2,5,4,5102,0,0,0,,0,004,"FRANKLIN AV","N BARRETT RD",0.00,,Y,A,-,N,,,,,,,,,,Y,3,0,1,3,A,-,03,22350,,N,C,C,A,A,H,-,A,D,0,,,,,Y,,D,22,0,1,0,0,0,0,0,0,0,"- ","- ",,,SUTTER,"YUBA CITY",-121.63111877441406,39.127285003662109
9614176,2023,2023-10-09,5100,2023-07-15,2253,2572,5101,6,5,2,5101,0,0,0,,0,001,"RT 99","COLEMAN AV",1000.00,N,N,A,-,Y,SUT,3,99,-,-,39.510,H,-,S,Y,4,0,1,2,A,-,03,22350,,N,B,C,A,A,H,-,C,D,0,,,,,Y,,A,07,0,0,1,0,0,0,0,0,0,"- ","- ",,,SUTTER,"LIVE OAK",-121.65798187255859,39.265617370605469
9615271,2023,2023-09-01,5102,2023-07-26,1034,4129,3,3,5,4,5102,0,0,0,,0,003,"PLUMAS ST","BIRD ST",137.00,N,N,A,-,N,,,,,,,,,,Y,4,0,1,2,D,-,00,,,N,D,C,A,A,H,-,A,D,0,,,,,Y,,-,"- ",0,0,1,0,0,0,0,0,0,"- ","- ",,,SUTTER,"YUBA CITY",-121.61759185791016,39.146316528320312
9615557,2023,2023-09-07,5102,2023-07-31,1324,4027,2,1,5,4,5102,0,0,0,,0,002,"WALTON AV","WILDFLOWER CIR",0.00,,Y,A,-,N,,,,,,,,,,Y,4,0,1,2,A,-,08,22107,,N,D,C,A,A,H,-,A,D,0,,,,,Y,Y,D,22,0,0,1,0,0,0,0,0,0,"- ","- ",,,SUTTER,"YUBA CITY",-121.64389038085938,39.130668640136719
9616522,2023,2023-10-20,5102,2023-09-08,1709,4129,3,5,5,4,5102,0,0,0,,0,003,"GRAY AV","AINSLEY AV",0.00,,Y,A,-,N,,,,,,,,,,Y,4,0,1,2,A,-,12,21453,A,N,D,C,A,A,H,-,A,A,0,,,,,Y,,A,01,0,0,1,0,0,0,0,0,0,"- ","- ",,,SUTTER,"YUBA CITY",-121.63021850585938,39.143978118896484
9620407,2023,2023-10-12,5102,2023-09-15,1451,4129,4,5,5,4,5102,0,0,0,,0,004,"BRIDGE ST","SUTTER ST",156.00,E,N,A,-,N,,,,,,,,,,Y,4,0,2,3,A,-,03,22350,,N,C,C,A,A,H,-,A,D,0,,,,,Y,,A,01,0,0,2,0,0,0,0,0,0,"- ","- ",39.137138366699219,-121.60957336425781,SUTTER,"YUBA CITY",-121.60784149169922,39.137981414794922
9620408,2023,2023-10-12,5102,2023-09-18,"814 ",4120,5,1,5,4,5102,0,0,0,,0,005,"WHITE ROCK DR","GOLD RIVER DR",0.00,,Y,A,-,N,,,,,,,,,,N,4,0,1,2,A,-,12,22450,A,N,G,G,A,A,H,-,A,A,0,,Y,,,Y,,A,01,0,0,1,0,0,0,1,0,0,"- ","- ",,,SUTTER,"YUBA CITY",-121.61070251464844,39.096424102783203
9620441,2023,2023-10-12,5102,2023-09-12,1900,4139,5,2,5,4,5102,0,0,0,,0,005,"STONYBROOK DR","RADISSON DR",52.00,N,N,A,-,N,,,,,,,,,,N,2,0,1,2,A,-,08,22107,,N,A,E,A,A,H,-,A,D,0,,,Y,,Y,,C,02,1,0,0,0,0,0,0,0,1,"- ","- ",,,SUTTER,"YUBA CITY",-121.61437225341797,39.092487335205078
9621638,2023,2023-10-12,5102,2023-08-28,"808 ",4115,3,1,5,4,5102,0,0,0,,0,003,"PEASE RD","LIVE OAK BL",48.00,W,N,A,-,N,,,,,,,,,,N,4,0,1,2,A,-,03,22350,,M,C,C,A,A,H,-,A,A,0,,,,,Y,,D,22,0,0,1,0,0,0,0,0,0,"- ","- ",,,SUTTER,"YUBA CITY",-121.62397003173828,39.170955657958984